======== Resolving type reference directive 'bcryptjs', containing file 'F:/ertyu/hotel/food_order_system/backend/__inferred type names__.ts', root directory 'F:/ertyu/hotel/food_order_system/backend/node_modules/@types,F:/ertyu/hotel/food_order_system/node_modules/@types,F:/ertyu/hotel/node_modules/@types,F:/ertyu/node_modules/@types,F:/node_modules/@types'. ========
Resolving with primary search path 'F:/ertyu/hotel/food_order_system/backend/node_modules/@types, F:/ertyu/hotel/food_order_system/node_modules/@types, F:/ertyu/hotel/node_modules/@types, F:/ertyu/node_modules/@types, F:/node_modules/@types'.
Found 'package.json' at 'F:/ertyu/hotel/food_order_system/backend/node_modules/@types/bcryptjs/package.json'.
'package.json' does not have a 'typesVersions' field.
'package.json' does not have a 'typings' field.
'package.json' has 'types' field 'index.d.ts' that references 'F:/ertyu/hotel/food_order_system/backend/node_modules/@types/bcryptjs/index.d.ts'.
File 'F:/ertyu/hotel/food_order_system/backend/node_modules/@types/bcryptjs/index.d.ts' exists - use it as a name resolution result.
'package.json' does not have a 'peerDependencies' field.
Resolving real path for 'F:/ertyu/hotel/food_order_system/backend/node_modules/@types/bcryptjs/index.d.ts', result 'F:/ertyu/hotel/food_order_system/backend/node_modules/@types/bcryptjs/index.d.ts'.
======== Type reference directive 'bcryptjs' was successfully resolved to 'F:/ertyu/hotel/food_order_system/backend/node_modules/@types/bcryptjs/index.d.ts' with Package ID '@types/bcryptjs/index.d.ts@2.4.6', primary: true. ========
======== Resolving type reference directive 'body-parser', containing file 'F:/ertyu/hotel/food_order_system/backend/__inferred type names__.ts', root directory 'F:/ertyu/hotel/food_order_system/backend/node_modules/@types,F:/ertyu/hotel/food_order_system/node_modules/@types,F:/ertyu/hotel/node_modules/@types,F:/ertyu/node_modules/@types,F:/node_modules/@types'. ========
Resolving with primary search path 'F:/ertyu/hotel/food_order_system/backend/node_modules/@types, F:/ertyu/hotel/food_order_system/node_modules/@types, F:/ertyu/hotel/node_modules/@types, F:/ertyu/node_modules/@types, F:/node_modules/@types'.
Found 'package.json' at 'F:/ertyu/hotel/food_order_system/backend/node_modules/@types/body-parser/package.json'.
'package.json' does not have a 'typesVersions' field.
'package.json' does not have a 'typings' field.
'package.json' has 'types' field 'index.d.ts' that references 'F:/ertyu/hotel/food_order_system/backend/node_modules/@types/body-parser/index.d.ts'.
File 'F:/ertyu/hotel/food_order_system/backend/node_modules/@types/body-parser/index.d.ts' exists - use it as a name resolution result.
'package.json' has a 'peerDependencies' field.
Resolving real path for 'F:/ertyu/hotel/food_order_system/backend/node_modules/@types/body-parser', result 'F:/ertyu/hotel/food_order_system/backend/node_modules/@types/body-parser'.
Resolving real path for 'F:/ertyu/hotel/food_order_system/backend/node_modules/@types/body-parser/index.d.ts', result 'F:/ertyu/hotel/food_order_system/backend/node_modules/@types/body-parser/index.d.ts'.
======== Type reference directive 'body-parser' was successfully resolved to 'F:/ertyu/hotel/food_order_system/backend/node_modules/@types/body-parser/index.d.ts' with Package ID '@types/body-parser/index.d.ts@1.19.6', primary: true. ========
======== Resolving type reference directive 'connect', containing file 'F:/ertyu/hotel/food_order_system/backend/__inferred type names__.ts', root directory 'F:/ertyu/hotel/food_order_system/backend/node_modules/@types,F:/ertyu/hotel/food_order_system/node_modules/@types,F:/ertyu/hotel/node_modules/@types,F:/ertyu/node_modules/@types,F:/node_modules/@types'. ========
Resolving with primary search path 'F:/ertyu/hotel/food_order_system/backend/node_modules/@types, F:/ertyu/hotel/food_order_system/node_modules/@types, F:/ertyu/hotel/node_modules/@types, F:/ertyu/node_modules/@types, F:/node_modules/@types'.
Found 'package.json' at 'F:/ertyu/hotel/food_order_system/backend/node_modules/@types/connect/package.json'.
'package.json' does not have a 'typesVersions' field.
'package.json' does not have a 'typings' field.
'package.json' has 'types' field 'index.d.ts' that references 'F:/ertyu/hotel/food_order_system/backend/node_modules/@types/connect/index.d.ts'.
File 'F:/ertyu/hotel/food_order_system/backend/node_modules/@types/connect/index.d.ts' exists - use it as a name resolution result.
'package.json' does not have a 'peerDependencies' field.
Resolving real path for 'F:/ertyu/hotel/food_order_system/backend/node_modules/@types/connect/index.d.ts', result 'F:/ertyu/hotel/food_order_system/backend/node_modules/@types/connect/index.d.ts'.
======== Type reference directive 'connect' was successfully resolved to 'F:/ertyu/hotel/food_order_system/backend/node_modules/@types/connect/index.d.ts' with Package ID '@types/connect/index.d.ts@3.4.38', primary: true. ========
======== Resolving type reference directive 'cookie-parser', containing file 'F:/ertyu/hotel/food_order_system/backend/__inferred type names__.ts', root directory 'F:/ertyu/hotel/food_order_system/backend/node_modules/@types,F:/ertyu/hotel/food_order_system/node_modules/@types,F:/ertyu/hotel/node_modules/@types,F:/ertyu/node_modules/@types,F:/node_modules/@types'. ========
Resolving with primary search path 'F:/ertyu/hotel/food_order_system/backend/node_modules/@types, F:/ertyu/hotel/food_order_system/node_modules/@types, F:/ertyu/hotel/node_modules/@types, F:/ertyu/node_modules/@types, F:/node_modules/@types'.
Found 'package.json' at 'F:/ertyu/hotel/food_order_system/backend/node_modules/@types/cookie-parser/package.json'.
'package.json' does not have a 'typesVersions' field.
'package.json' does not have a 'typings' field.
'package.json' has 'types' field 'index.d.ts' that references 'F:/ertyu/hotel/food_order_system/backend/node_modules/@types/cookie-parser/index.d.ts'.
File 'F:/ertyu/hotel/food_order_system/backend/node_modules/@types/cookie-parser/index.d.ts' exists - use it as a name resolution result.
'package.json' has a 'peerDependencies' field.
Resolving real path for 'F:/ertyu/hotel/food_order_system/backend/node_modules/@types/cookie-parser', result 'F:/ertyu/hotel/food_order_system/backend/node_modules/@types/cookie-parser'.
Found 'package.json' at 'F:/ertyu/hotel/food_order_system/backend/node_modules/@types/express/package.json'.
Found peerDependency '@types/express' with '4.17.25' version.
Resolving real path for 'F:/ertyu/hotel/food_order_system/backend/node_modules/@types/cookie-parser/index.d.ts', result 'F:/ertyu/hotel/food_order_system/backend/node_modules/@types/cookie-parser/index.d.ts'.
======== Type reference directive 'cookie-parser' was successfully resolved to 'F:/ertyu/hotel/food_order_system/backend/node_modules/@types/cookie-parser/index.d.ts' with Package ID '@types/cookie-parser/index.d.ts@1.4.10+@types/express@4.17.25', primary: true. ========
======== Resolving type reference directive 'cors', containing file 'F:/ertyu/hotel/food_order_system/backend/__inferred type names__.ts', root directory 'F:/ertyu/hotel/food_order_system/backend/node_modules/@types,F:/ertyu/hotel/food_order_system/node_modules/@types,F:/ertyu/hotel/node_modules/@types,F:/ertyu/node_modules/@types,F:/node_modules/@types'. ========
Resolving with primary search path 'F:/ertyu/hotel/food_order_system/backend/node_modules/@types, F:/ertyu/hotel/food_order_system/node_modules/@types, F:/ertyu/hotel/node_modules/@types, F:/ertyu/node_modules/@types, F:/node_modules/@types'.
Found 'package.json' at 'F:/ertyu/hotel/food_order_system/backend/node_modules/@types/cors/package.json'.
'package.json' does not have a 'typesVersions' field.
'package.json' does not have a 'typings' field.
'package.json' has 'types' field 'index.d.ts' that references 'F:/ertyu/hotel/food_order_system/backend/node_modules/@types/cors/index.d.ts'.
File 'F:/ertyu/hotel/food_order_system/backend/node_modules/@types/cors/index.d.ts' exists - use it as a name resolution result.
'package.json' has a 'peerDependencies' field.
Resolving real path for 'F:/ertyu/hotel/food_order_system/backend/node_modules/@types/cors', result 'F:/ertyu/hotel/food_order_system/backend/node_modules/@types/cors'.
Resolving real path for 'F:/ertyu/hotel/food_order_system/backend/node_modules/@types/cors/index.d.ts', result 'F:/ertyu/hotel/food_order_system/backend/node_modules/@types/cors/index.d.ts'.
======== Type reference directive 'cors' was successfully resolved to 'F:/ertyu/hotel/food_order_system/backend/node_modules/@types/cors/index.d.ts' with Package ID '@types/cors/index.d.ts@2.8.19', primary: true. ========
======== Resolving type reference directive 'express', containing file 'F:/ertyu/hotel/food_order_system/backend/__inferred type names__.ts', root directory 'F:/ertyu/hotel/food_order_system/backend/node_modules/@types,F:/ertyu/hotel/food_order_system/node_modules/@types,F:/ertyu/hotel/node_modules/@types,F:/ertyu/node_modules/@types,F:/node_modules/@types'. ========
Resolving with primary search path 'F:/ertyu/hotel/food_order_system/backend/node_modules/@types, F:/ertyu/hotel/food_order_system/node_modules/@types, F:/ertyu/hotel/node_modules/@types, F:/ertyu/node_modules/@types, F:/node_modules/@types'.
File 'F:/ertyu/hotel/food_order_system/backend/node_modules/@types/express/package.json' exists according to earlier cached lookups.
'package.json' does not have a 'typesVersions' field.
'package.json' does not have a 'typings' field.
'package.json' has 'types' field 'index.d.ts' that references 'F:/ertyu/hotel/food_order_system/backend/node_modules/@types/express/index.d.ts'.
File 'F:/ertyu/hotel/food_order_system/backend/node_modules/@types/express/index.d.ts' exists - use it as a name resolution result.
'package.json' has a 'peerDependencies' field.
Resolving real path for 'F:/ertyu/hotel/food_order_system/backend/node_modules/@types/express', result 'F:/ertyu/hotel/food_order_system/backend/node_modules/@types/express'.
Resolving real path for 'F:/ertyu/hotel/food_order_system/backend/node_modules/@types/express/index.d.ts', result 'F:/ertyu/hotel/food_order_system/backend/node_modules/@types/express/index.d.ts'.
======== Type reference directive 'express' was successfully resolved to 'F:/ertyu/hotel/food_order_system/backend/node_modules/@types/express/index.d.ts' with Package ID '@types/express/index.d.ts@4.17.25', primary: true. ========
======== Resolving type reference directive 'express-serve-static-core', containing file 'F:/ertyu/hotel/food_order_system/backend/__inferred type names__.ts', root directory 'F:/ertyu/hotel/food_order_system/backend/node_modules/@types,F:/ertyu/hotel/food_order_system/node_modules/@types,F:/ertyu/hotel/node_modules/@types,F:/ertyu/node_modules/@types,F:/node_modules/@types'. ========
Resolving with primary search path 'F:/ertyu/hotel/food_order_system/backend/node_modules/@types, F:/ertyu/hotel/food_order_system/node_modules/@types, F:/ertyu/hotel/node_modules/@types, F:/ertyu/node_modules/@types, F:/node_modules/@types'.
Found 'package.json' at 'F:/ertyu/hotel/food_order_system/backend/node_modules/@types/express-serve-static-core/package.json'.
'package.json' does not have a 'typesVersions' field.
'package.json' does not have a 'typings' field.
'package.json' has 'types' field 'index.d.ts' that references 'F:/ertyu/hotel/food_order_system/backend/node_modules/@types/express-serve-static-core/index.d.ts'.
File 'F:/ertyu/hotel/food_order_system/backend/node_modules/@types/express-serve-static-core/index.d.ts' exists - use it as a name resolution result.
'package.json' has a 'peerDependencies' field.
Resolving real path for 'F:/ertyu/hotel/food_order_system/backend/node_modules/@types/express-serve-static-core', result 'F:/ertyu/hotel/food_order_system/backend/node_modules/@types/express-serve-static-core'.
Resolving real path for 'F:/ertyu/hotel/food_order_system/backend/node_modules/@types/express-serve-static-core/index.d.ts', result 'F:/ertyu/hotel/food_order_system/backend/node_modules/@types/express-serve-static-core/index.d.ts'.
======== Type reference directive 'express-serve-static-core' was successfully resolved to 'F:/ertyu/hotel/food_order_system/backend/node_modules/@types/express-serve-static-core/index.d.ts' with Package ID '@types/express-serve-static-core/index.d.ts@4.19.8', primary: true. ========
======== Resolving type reference directive 'http-errors', containing file 'F:/ertyu/hotel/food_order_system/backend/__inferred type names__.ts', root directory 'F:/ertyu/hotel/food_order_system/backend/node_modules/@types,F:/ertyu/hotel/food_order_system/node_modules/@types,F:/ertyu/hotel/node_modules/@types,F:/ertyu/node_modules/@types,F:/node_modules/@types'. ========
Resolving with primary search path 'F:/ertyu/hotel/food_order_system/backend/node_modules/@types, F:/ertyu/hotel/food_order_system/node_modules/@types, F:/ertyu/hotel/node_modules/@types, F:/ertyu/node_modules/@types, F:/node_modules/@types'.
Found 'package.json' at 'F:/ertyu/hotel/food_order_system/backend/node_modules/@types/http-errors/package.json'.
'package.json' does not have a 'typesVersions' field.
'package.json' does not have a 'typings' field.
'package.json' has 'types' field 'index.d.ts' that references 'F:/ertyu/hotel/food_order_system/backend/node_modules/@types/http-errors/index.d.ts'.
File 'F:/ertyu/hotel/food_order_system/backend/node_modules/@types/http-errors/index.d.ts' exists - use it as a name resolution result.
'package.json' has a 'peerDependencies' field.
Resolving real path for 'F:/ertyu/hotel/food_order_system/backend/node_modules/@types/http-errors', result 'F:/ertyu/hotel/food_order_system/backend/node_modules/@types/http-errors'.
Resolving real path for 'F:/ertyu/hotel/food_order_system/backend/node_modules/@types/http-errors/index.d.ts', result 'F:/ertyu/hotel/food_order_system/backend/node_modules/@types/http-errors/index.d.ts'.
======== Type reference directive 'http-errors' was successfully resolved to 'F:/ertyu/hotel/food_order_system/backend/node_modules/@types/http-errors/index.d.ts' with Package ID '@types/http-errors/index.d.ts@2.0.5', primary: true. ========
======== Resolving type reference directive 'mime', containing file 'F:/ertyu/hotel/food_order_system/backend/__inferred type names__.ts', root directory 'F:/ertyu/hotel/food_order_system/backend/node_modules/@types,F:/ertyu/hotel/food_order_system/node_modules/@types,F:/ertyu/hotel/node_modules/@types,F:/ertyu/node_modules/@types,F:/node_modules/@types'. ========
Resolving with primary search path 'F:/ertyu/hotel/food_order_system/backend/node_modules/@types, F:/ertyu/hotel/food_order_system/node_modules/@types, F:/ertyu/hotel/node_modules/@types, F:/ertyu/node_modules/@types, F:/node_modules/@types'.
Found 'package.json' at 'F:/ertyu/hotel/food_order_system/backend/node_modules/@types/mime/package.json'.
'package.json' does not have a 'typesVersions' field.
'package.json' does not have a 'typings' field.
'package.json' has 'types' field 'index.d.ts' that references 'F:/ertyu/hotel/food_order_system/backend/node_modules/@types/mime/index.d.ts'.
File 'F:/ertyu/hotel/food_order_system/backend/node_modules/@types/mime/index.d.ts' exists - use it as a name resolution result.
'package.json' does not have a 'peerDependencies' field.
Resolving real path for 'F:/ertyu/hotel/food_order_system/backend/node_modules/@types/mime/index.d.ts', result 'F:/ertyu/hotel/food_order_system/backend/node_modules/@types/mime/index.d.ts'.
======== Type reference directive 'mime' was successfully resolved to 'F:/ertyu/hotel/food_order_system/backend/node_modules/@types/mime/index.d.ts' with Package ID '@types/mime/index.d.ts@1.3.5', primary: true. ========
======== Resolving type reference directive 'node', containing file 'F:/ertyu/hotel/food_order_system/backend/__inferred type names__.ts', root directory 'F:/ertyu/hotel/food_order_system/backend/node_modules/@types,F:/ertyu/hotel/food_order_system/node_modules/@types,F:/ertyu/hotel/node_modules/@types,F:/ertyu/node_modules/@types,F:/node_modules/@types'. ========
Resolving with primary search path 'F:/ertyu/hotel/food_order_system/backend/node_modules/@types, F:/ertyu/hotel/food_order_system/node_modules/@types, F:/ertyu/hotel/node_modules/@types, F:/ertyu/node_modules/@types, F:/node_modules/@types'.
Found 'package.json' at 'F:/ertyu/hotel/food_order_system/backend/node_modules/@types/node/package.json'.
'package.json' has a 'typesVersions' field with version-specific path mappings.
'package.json' does not have a 'typesVersions' entry that matches version '5.9'.
'package.json' does not have a 'typings' field.
'package.json' has 'types' field 'index.d.ts' that references 'F:/ertyu/hotel/food_order_system/backend/node_modules/@types/node/index.d.ts'.
File 'F:/ertyu/hotel/food_order_system/backend/node_modules/@types/node/index.d.ts' exists - use it as a name resolution result.
'package.json' has a 'peerDependencies' field.
Resolving real path for 'F:/ertyu/hotel/food_order_system/backend/node_modules/@types/node', result 'F:/ertyu/hotel/food_order_system/backend/node_modules/@types/node'.
Resolving real path for 'F:/ertyu/hotel/food_order_system/backend/node_modules/@types/node/index.d.ts', result 'F:/ertyu/hotel/food_order_system/backend/node_modules/@types/node/index.d.ts'.
======== Type reference directive 'node' was successfully resolved to 'F:/ertyu/hotel/food_order_system/backend/node_modules/@types/node/index.d.ts' with Package ID '@types/node/index.d.ts@20.19.41', primary: true. ========
======== Resolving type reference directive 'pg', containing file 'F:/ertyu/hotel/food_order_system/backend/__inferred type names__.ts', root directory 'F:/ertyu/hotel/food_order_system/backend/node_modules/@types,F:/ertyu/hotel/food_order_system/node_modules/@types,F:/ertyu/hotel/node_modules/@types,F:/ertyu/node_modules/@types,F:/node_modules/@types'. ========
Resolving with primary search path 'F:/ertyu/hotel/food_order_system/backend/node_modules/@types, F:/ertyu/hotel/food_order_system/node_modules/@types, F:/ertyu/hotel/node_modules/@types, F:/ertyu/node_modules/@types, F:/node_modules/@types'.
Found 'package.json' at 'F:/ertyu/hotel/food_order_system/backend/node_modules/@types/pg/package.json'.
'package.json' does not have a 'typesVersions' field.
'package.json' does not have a 'typings' field.
'package.json' has 'types' field 'index.d.ts' that references 'F:/ertyu/hotel/food_order_system/backend/node_modules/@types/pg/index.d.ts'.
File 'F:/ertyu/hotel/food_order_system/backend/node_modules/@types/pg/index.d.ts' exists - use it as a name resolution result.
'package.json' has a 'peerDependencies' field.
Resolving real path for 'F:/ertyu/hotel/food_order_system/backend/node_modules/@types/pg', result 'F:/ertyu/hotel/food_order_system/backend/node_modules/@types/pg'.
Resolving real path for 'F:/ertyu/hotel/food_order_system/backend/node_modules/@types/pg/index.d.ts', result 'F:/ertyu/hotel/food_order_system/backend/node_modules/@types/pg/index.d.ts'.
======== Type reference directive 'pg' was successfully resolved to 'F:/ertyu/hotel/food_order_system/backend/node_modules/@types/pg/index.d.ts' with Package ID '@types/pg/index.d.ts@8.20.0', primary: true. ========
======== Resolving type reference directive 'qrcode', containing file 'F:/ertyu/hotel/food_order_system/backend/__inferred type names__.ts', root directory 'F:/ertyu/hotel/food_order_system/backend/node_modules/@types,F:/ertyu/hotel/food_order_system/node_modules/@types,F:/ertyu/hotel/node_modules/@types,F:/ertyu/node_modules/@types,F:/node_modules/@types'. ========
Resolving with primary search path 'F:/ertyu/hotel/food_order_system/backend/node_modules/@types, F:/ertyu/hotel/food_order_system/node_modules/@types, F:/ertyu/hotel/node_modules/@types, F:/ertyu/node_modules/@types, F:/node_modules/@types'.
Found 'package.json' at 'F:/ertyu/hotel/food_order_system/backend/node_modules/@types/qrcode/package.json'.
'package.json' does not have a 'typesVersions' field.
'package.json' does not have a 'typings' field.
'package.json' has 'types' field 'index.d.ts' that references 'F:/ertyu/hotel/food_order_system/backend/node_modules/@types/qrcode/index.d.ts'.
File 'F:/ertyu/hotel/food_order_system/backend/node_modules/@types/qrcode/index.d.ts' exists - use it as a name resolution result.
'package.json' has a 'peerDependencies' field.
Resolving real path for 'F:/ertyu/hotel/food_order_system/backend/node_modules/@types/qrcode', result 'F:/ertyu/hotel/food_order_system/backend/node_modules/@types/qrcode'.
Resolving real path for 'F:/ertyu/hotel/food_order_system/backend/node_modules/@types/qrcode/index.d.ts', result 'F:/ertyu/hotel/food_order_system/backend/node_modules/@types/qrcode/index.d.ts'.
======== Type reference directive 'qrcode' was successfully resolved to 'F:/ertyu/hotel/food_order_system/backend/node_modules/@types/qrcode/index.d.ts' with Package ID '@types/qrcode/index.d.ts@1.5.6', primary: true. ========
======== Resolving type reference directive 'qs', containing file 'F:/ertyu/hotel/food_order_system/backend/__inferred type names__.ts', root directory 'F:/ertyu/hotel/food_order_system/backend/node_modules/@types,F:/ertyu/hotel/food_order_system/node_modules/@types,F:/ertyu/hotel/node_modules/@types,F:/ertyu/node_modules/@types,F:/node_modules/@types'. ========
Resolving with primary search path 'F:/ertyu/hotel/food_order_system/backend/node_modules/@types, F:/ertyu/hotel/food_order_system/node_modules/@types, F:/ertyu/hotel/node_modules/@types, F:/ertyu/node_modules/@types, F:/node_modules/@types'.
Found 'package.json' at 'F:/ertyu/hotel/food_order_system/backend/node_modules/@types/qs/package.json'.
'package.json' does not have a 'typesVersions' field.
'package.json' does not have a 'typings' field.
'package.json' has 'types' field 'index.d.ts' that references 'F:/ertyu/hotel/food_order_system/backend/node_modules/@types/qs/index.d.ts'.
File 'F:/ertyu/hotel/food_order_system/backend/node_modules/@types/qs/index.d.ts' exists - use it as a name resolution result.
'package.json' has a 'peerDependencies' field.
Resolving real path for 'F:/ertyu/hotel/food_order_system/backend/node_modules/@types/qs', result 'F:/ertyu/hotel/food_order_system/backend/node_modules/@types/qs'.
Resolving real path for 'F:/ertyu/hotel/food_order_system/backend/node_modules/@types/qs/index.d.ts', result 'F:/ertyu/hotel/food_order_system/backend/node_modules/@types/qs/index.d.ts'.
======== Type reference directive 'qs' was successfully resolved to 'F:/ertyu/hotel/food_order_system/backend/node_modules/@types/qs/index.d.ts' with Package ID '@types/qs/index.d.ts@6.15.1', primary: true. ========
======== Resolving type reference directive 'range-parser', containing file 'F:/ertyu/hotel/food_order_system/backend/__inferred type names__.ts', root directory 'F:/ertyu/hotel/food_order_system/backend/node_modules/@types,F:/ertyu/hotel/food_order_system/node_modules/@types,F:/ertyu/hotel/node_modules/@types,F:/ertyu/node_modules/@types,F:/node_modules/@types'. ========
Resolving with primary search path 'F:/ertyu/hotel/food_order_system/backend/node_modules/@types, F:/ertyu/hotel/food_order_system/node_modules/@types, F:/ertyu/hotel/node_modules/@types, F:/ertyu/node_modules/@types, F:/node_modules/@types'.
Found 'package.json' at 'F:/ertyu/hotel/food_order_system/backend/node_modules/@types/range-parser/package.json'.
'package.json' does not have a 'typesVersions' field.
'package.json' does not have a 'typings' field.
'package.json' has 'types' field 'index.d.ts' that references 'F:/ertyu/hotel/food_order_system/backend/node_modules/@types/range-parser/index.d.ts'.
File 'F:/ertyu/hotel/food_order_system/backend/node_modules/@types/range-parser/index.d.ts' exists - use it as a name resolution result.
'package.json' does not have a 'peerDependencies' field.
Resolving real path for 'F:/ertyu/hotel/food_order_system/backend/node_modules/@types/range-parser/index.d.ts', result 'F:/ertyu/hotel/food_order_system/backend/node_modules/@types/range-parser/index.d.ts'.
======== Type reference directive 'range-parser' was successfully resolved to 'F:/ertyu/hotel/food_order_system/backend/node_modules/@types/range-parser/index.d.ts' with Package ID '@types/range-parser/index.d.ts@1.2.7', primary: true. ========
======== Resolving type reference directive 'react', containing file 'F:/ertyu/hotel/food_order_system/backend/__inferred type names__.ts', root directory 'F:/ertyu/hotel/food_order_system/backend/node_modules/@types,F:/ertyu/hotel/food_order_system/node_modules/@types,F:/ertyu/hotel/node_modules/@types,F:/ertyu/node_modules/@types,F:/node_modules/@types'. ========
Resolving with primary search path 'F:/ertyu/hotel/food_order_system/backend/node_modules/@types, F:/ertyu/hotel/food_order_system/node_modules/@types, F:/ertyu/hotel/node_modules/@types, F:/ertyu/node_modules/@types, F:/node_modules/@types'.
Found 'package.json' at 'F:/ertyu/hotel/food_order_system/backend/node_modules/@types/react/package.json'.
'package.json' has a 'typesVersions' field with version-specific path mappings.
'package.json' does not have a 'typesVersions' entry that matches version '5.9'.
'package.json' does not have a 'typings' field.
'package.json' has 'types' field 'index.d.ts' that references 'F:/ertyu/hotel/food_order_system/backend/node_modules/@types/react/index.d.ts'.
File 'F:/ertyu/hotel/food_order_system/backend/node_modules/@types/react/index.d.ts' exists - use it as a name resolution result.
'package.json' has a 'peerDependencies' field.
Resolving real path for 'F:/ertyu/hotel/food_order_system/backend/node_modules/@types/react', result 'F:/ertyu/hotel/food_order_system/backend/node_modules/@types/react'.
Resolving real path for 'F:/ertyu/hotel/food_order_system/backend/node_modules/@types/react/index.d.ts', result 'F:/ertyu/hotel/food_order_system/backend/node_modules/@types/react/index.d.ts'.
======== Type reference directive 'react' was successfully resolved to 'F:/ertyu/hotel/food_order_system/backend/node_modules/@types/react/index.d.ts' with Package ID '@types/react/index.d.ts@19.2.15', primary: true. ========
======== Resolving type reference directive 'send', containing file 'F:/ertyu/hotel/food_order_system/backend/__inferred type names__.ts', root directory 'F:/ertyu/hotel/food_order_system/backend/node_modules/@types,F:/ertyu/hotel/food_order_system/node_modules/@types,F:/ertyu/hotel/node_modules/@types,F:/ertyu/node_modules/@types,F:/node_modules/@types'. ========
Resolving with primary search path 'F:/ertyu/hotel/food_order_system/backend/node_modules/@types, F:/ertyu/hotel/food_order_system/node_modules/@types, F:/ertyu/hotel/node_modules/@types, F:/ertyu/node_modules/@types, F:/node_modules/@types'.
Found 'package.json' at 'F:/ertyu/hotel/food_order_system/backend/node_modules/@types/send/package.json'.
'package.json' does not have a 'typesVersions' field.
'package.json' does not have a 'typings' field.
'package.json' has 'types' field 'index.d.ts' that references 'F:/ertyu/hotel/food_order_system/backend/node_modules/@types/send/index.d.ts'.
File 'F:/ertyu/hotel/food_order_system/backend/node_modules/@types/send/index.d.ts' exists - use it as a name resolution result.
'package.json' has a 'peerDependencies' field.
Resolving real path for 'F:/ertyu/hotel/food_order_system/backend/node_modules/@types/send', result 'F:/ertyu/hotel/food_order_system/backend/node_modules/@types/send'.
Resolving real path for 'F:/ertyu/hotel/food_order_system/backend/node_modules/@types/send/index.d.ts', result 'F:/ertyu/hotel/food_order_system/backend/node_modules/@types/send/index.d.ts'.
======== Type reference directive 'send' was successfully resolved to 'F:/ertyu/hotel/food_order_system/backend/node_modules/@types/send/index.d.ts' with Package ID '@types/send/index.d.ts@1.2.1', primary: true. ========
======== Resolving type reference directive 'serve-static', containing file 'F:/ertyu/hotel/food_order_system/backend/__inferred type names__.ts', root directory 'F:/ertyu/hotel/food_order_system/backend/node_modules/@types,F:/ertyu/hotel/food_order_system/node_modules/@types,F:/ertyu/hotel/node_modules/@types,F:/ertyu/node_modules/@types,F:/node_modules/@types'. ========
Resolving with primary search path 'F:/ertyu/hotel/food_order_system/backend/node_modules/@types, F:/ertyu/hotel/food_order_system/node_modules/@types, F:/ertyu/hotel/node_modules/@types, F:/ertyu/node_modules/@types, F:/node_modules/@types'.
Found 'package.json' at 'F:/ertyu/hotel/food_order_system/backend/node_modules/@types/serve-static/package.json'.
'package.json' does not have a 'typesVersions' field.
'package.json' does not have a 'typings' field.
'package.json' has 'types' field 'index.d.ts' that references 'F:/ertyu/hotel/food_order_system/backend/node_modules/@types/serve-static/index.d.ts'.
File 'F:/ertyu/hotel/food_order_system/backend/node_modules/@types/serve-static/index.d.ts' exists - use it as a name resolution result.
'package.json' has a 'peerDependencies' field.
Resolving real path for 'F:/ertyu/hotel/food_order_system/backend/node_modules/@types/serve-static', result 'F:/ertyu/hotel/food_order_system/backend/node_modules/@types/serve-static'.
Resolving real path for 'F:/ertyu/hotel/food_order_system/backend/node_modules/@types/serve-static/index.d.ts', result 'F:/ertyu/hotel/food_order_system/backend/node_modules/@types/serve-static/index.d.ts'.
======== Type reference directive 'serve-static' was successfully resolved to 'F:/ertyu/hotel/food_order_system/backend/node_modules/@types/serve-static/index.d.ts' with Package ID '@types/serve-static/index.d.ts@1.15.10', primary: true. ========
File 'F:/ertyu/hotel/food_order_system/backend/node_modules/@types/bcryptjs/package.json' exists according to earlier cached lookups.
File 'F:/ertyu/hotel/food_order_system/backend/node_modules/@types/body-parser/package.json' exists according to earlier cached lookups.
======== Resolving type reference directive 'node', containing file 'F:/ertyu/hotel/food_order_system/backend/node_modules/@types/body-parser/index.d.ts', root directory 'F:/ertyu/hotel/food_order_system/backend/node_modules/@types,F:/ertyu/hotel/food_order_system/node_modules/@types,F:/ertyu/hotel/node_modules/@types,F:/ertyu/node_modules/@types,F:/node_modules/@types'. ========
Resolving with primary search path 'F:/ertyu/hotel/food_order_system/backend/node_modules/@types, F:/ertyu/hotel/food_order_system/node_modules/@types, F:/ertyu/hotel/node_modules/@types, F:/ertyu/node_modules/@types, F:/node_modules/@types'.
File 'F:/ertyu/hotel/food_order_system/backend/node_modules/@types/node/package.json' exists according to earlier cached lookups.
'package.json' does not have a 'typings' field.
'package.json' has 'types' field 'index.d.ts' that references 'F:/ertyu/hotel/food_order_system/backend/node_modules/@types/node/index.d.ts'.
File 'F:/ertyu/hotel/food_order_system/backend/node_modules/@types/node/index.d.ts' exists - use it as a name resolution result.
Resolving real path for 'F:/ertyu/hotel/food_order_system/backend/node_modules/@types/node/index.d.ts', result 'F:/ertyu/hotel/food_order_system/backend/node_modules/@types/node/index.d.ts'.
======== Type reference directive 'node' was successfully resolved to 'F:/ertyu/hotel/food_order_system/backend/node_modules/@types/node/index.d.ts' with Package ID '@types/node/index.d.ts@20.19.41', primary: true. ========
File 'F:/ertyu/hotel/food_order_system/backend/node_modules/@types/node/package.json' exists according to earlier cached lookups.
File 'F:/ertyu/hotel/food_order_system/backend/node_modules/@types/node/compatibility/package.json' does not exist.
File 'F:/ertyu/hotel/food_order_system/backend/node_modules/@types/node/package.json' exists according to earlier cached lookups.
File 'F:/ertyu/hotel/food_order_system/backend/node_modules/@types/node/compatibility/package.json' does not exist according to earlier cached lookups.
File 'F:/ertyu/hotel/food_order_system/backend/node_modules/@types/node/package.json' exists according to earlier cached lookups.
File 'F:/ertyu/hotel/food_order_system/backend/node_modules/@types/node/compatibility/package.json' does not exist according to earlier cached lookups.
File 'F:/ertyu/hotel/food_order_system/backend/node_modules/@types/node/package.json' exists according to earlier cached lookups.
File 'F:/ertyu/hotel/food_order_system/backend/node_modules/@types/node/compatibility/package.json' does not exist according to earlier cached lookups.
File 'F:/ertyu/hotel/food_order_system/backend/node_modules/@types/node/package.json' exists according to earlier cached lookups.
File 'F:/ertyu/hotel/food_order_system/backend/node_modules/@types/node/package.json' exists according to earlier cached lookups.
File 'F:/ertyu/hotel/food_order_system/backend/node_modules/@types/node/package.json' exists according to earlier cached lookups.
File 'F:/ertyu/hotel/food_order_system/backend/node_modules/@types/node/package.json' exists according to earlier cached lookups.
File 'F:/ertyu/hotel/food_order_system/backend/node_modules/@types/node/web-globals/package.json' does not exist.
File 'F:/ertyu/hotel/food_order_system/backend/node_modules/@types/node/package.json' exists according to earlier cached lookups.
File 'F:/ertyu/hotel/food_order_system/backend/node_modules/@types/node/web-globals/package.json' does not exist according to earlier cached lookups.
File 'F:/ertyu/hotel/food_order_system/backend/node_modules/@types/node/package.json' exists according to earlier cached lookups.
File 'F:/ertyu/hotel/food_order_system/backend/node_modules/@types/node/web-globals/package.json' does not exist according to earlier cached lookups.
File 'F:/ertyu/hotel/food_order_system/backend/node_modules/@types/node/package.json' exists according to earlier cached lookups.
File 'F:/ertyu/hotel/food_order_system/backend/node_modules/@types/node/web-globals/package.json' does not exist according to earlier cached lookups.
File 'F:/ertyu/hotel/food_order_system/backend/node_modules/@types/node/package.json' exists according to earlier cached lookups.
======== Resolving module 'undici-types' from 'F:/ertyu/hotel/food_order_system/backend/node_modules/@types/node/web-globals/fetch.d.ts'. ========
Module resolution kind is not specified, using 'Node10'.
Loading module 'undici-types' from 'node_modules' folder, target file types: TypeScript, Declaration.
Searching all ancestor node_modules directories for preferred extensions: TypeScript, Declaration.
Directory 'F:/ertyu/hotel/food_order_system/backend/node_modules/@types/node/web-globals/node_modules' does not exist, skipping all lookups in it.
Directory 'F:/ertyu/hotel/food_order_system/backend/node_modules/@types/node/node_modules' does not exist, skipping all lookups in it.
Directory 'F:/ertyu/hotel/food_order_system/backend/node_modules/@types/node_modules' does not exist, skipping all lookups in it.
Found 'package.json' at 'F:/ertyu/hotel/food_order_system/backend/node_modules/undici-types/package.json'.
File 'F:/ertyu/hotel/food_order_system/backend/node_modules/undici-types.ts' does not exist.
File 'F:/ertyu/hotel/food_order_system/backend/node_modules/undici-types.tsx' does not exist.
File 'F:/ertyu/hotel/food_order_system/backend/node_modules/undici-types.d.ts' does not exist.
'package.json' does not have a 'typesVersions' field.
'package.json' does not have a 'typings' field.
'package.json' has 'types' field 'index.d.ts' that references 'F:/ertyu/hotel/food_order_system/backend/node_modules/undici-types/index.d.ts'.
File 'F:/ertyu/hotel/food_order_system/backend/node_modules/undici-types/index.d.ts' exists - use it as a name resolution result.
'package.json' does not have a 'peerDependencies' field.
Resolving real path for 'F:/ertyu/hotel/food_order_system/backend/node_modules/undici-types/index.d.ts', result 'F:/ertyu/hotel/food_order_system/backend/node_modules/undici-types/index.d.ts'.
======== Module name 'undici-types' was successfully resolved to 'F:/ertyu/hotel/food_order_system/backend/node_modules/undici-types/index.d.ts' with Package ID 'undici-types/index.d.ts@6.21.0'. ========
File 'F:/ertyu/hotel/food_order_system/backend/node_modules/undici-types/package.json' exists according to earlier cached lookups.
======== Resolving module './dispatcher' from 'F:/ertyu/hotel/food_order_system/backend/node_modules/undici-types/index.d.ts'. ========
Module resolution kind is not specified, using 'Node10'.
Loading module as file / folder, candidate module location 'F:/ertyu/hotel/food_order_system/backend/node_modules/undici-types/dispatcher', target file types: TypeScript, Declaration.
File 'F:/ertyu/hotel/food_order_system/backend/node_modules/undici-types/dispatcher.ts' does not exist.
File 'F:/ertyu/hotel/food_order_system/backend/node_modules/undici-types/dispatcher.tsx' does not exist.
File 'F:/ertyu/hotel/food_order_system/backend/node_modules/undici-types/dispatcher.d.ts' exists - use it as a name resolution result.
File 'F:/ertyu/hotel/food_order_system/backend/node_modules/undici-types/package.json' exists according to earlier cached lookups.
======== Module name './dispatcher' was successfully resolved to 'F:/ertyu/hotel/food_order_system/backend/node_modules/undici-types/dispatcher.d.ts' with Package ID 'undici-types/dispatcher.d.ts@6.21.0'. ========
======== Resolving module './global-dispatcher' from 'F:/ertyu/hotel/food_order_system/backend/node_modules/undici-types/index.d.ts'. ========
Module resolution kind is not specified, using 'Node10'.
Loading module as file / folder, candidate module location 'F:/ertyu/hotel/food_order_system/backend/node_modules/undici-types/global-dispatcher', target file types: TypeScript, Declaration.
File 'F:/ertyu/hotel/food_order_system/backend/node_modules/undici-types/global-dispatcher.ts' does not exist.
File 'F:/ertyu/hotel/food_order_system/backend/node_modules/undici-types/global-dispatcher.tsx' does not exist.
File 'F:/ertyu/hotel/food_order_system/backend/node_modules/undici-types/global-dispatcher.d.ts' exists - use it as a name resolution result.
File 'F:/ertyu/hotel/food_order_system/backend/node_modules/undici-types/package.json' exists according to earlier cached lookups.
======== Module name './global-dispatcher' was successfully resolved to 'F:/ertyu/hotel/food_order_system/backend/node_modules/undici-types/global-dispatcher.d.ts' with Package ID 'undici-types/global-dispatcher.d.ts@6.21.0'. ========
======== Resolving module './global-origin' from 'F:/ertyu/hotel/food_order_system/backend/node_modules/undici-types/index.d.ts'. ========
Module resolution kind is not specified, using 'Node10'.
Loading module as file / folder, candidate module location 'F:/ertyu/hotel/food_order_system/backend/node_modules/undici-types/global-origin', target file types: TypeScript, Declaration.
File 'F:/ertyu/hotel/food_order_system/backend/node_modules/undici-types/global-origin.ts' does not exist.
File 'F:/ertyu/hotel/food_order_system/backend/node_modules/undici-types/global-origin.tsx' does not exist.
File 'F:/ertyu/hotel/food_order_system/backend/node_modules/undici-types/global-origin.d.ts' exists - use it as a name resolution result.
File 'F:/ertyu/hotel/food_order_system/backend/node_modules/undici-types/package.json' exists according to earlier cached lookups.
======== Module name './global-origin' was successfully resolved to 'F:/ertyu/hotel/food_order_system/backend/node_modules/undici-types/global-origin.d.ts' with Package ID 'undici-types/global-origin.d.ts@6.21.0'. ========
======== Resolving module './pool' from 'F:/ertyu/hotel/food_order_system/backend/node_modules/undici-types/index.d.ts'. ========
Module resolution kind is not specified, using 'Node10'.
Loading module as file / folder, candidate module location 'F:/ertyu/hotel/food_order_system/backend/node_modules/undici-types/pool', target file types: TypeScript, Declaration.
File 'F:/ertyu/hotel/food_order_system/backend/node_modules/undici-types/pool.ts' does not exist.
File 'F:/ertyu/hotel/food_order_system/backend/node_modules/undici-types/pool.tsx' does not exist.
File 'F:/ertyu/hotel/food_order_system/backend/node_modules/undici-types/pool.d.ts' exists - use it as a name resolution result.
File 'F:/ertyu/hotel/food_order_system/backend/node_modules/undici-types/package.json' exists according to earlier cached lookups.
======== Module name './pool' was successfully resolved to 'F:/ertyu/hotel/food_order_system/backend/node_modules/undici-types/pool.d.ts' with Package ID 'undici-types/pool.d.ts@6.21.0'. ========
======== Resolving module './handlers' from 'F:/ertyu/hotel/food_order_system/backend/node_modules/undici-types/index.d.ts'. ========
Module resolution kind is not specified, using 'Node10'.
Loading module as file / folder, candidate module location 'F:/ertyu/hotel/food_order_system/backend/node_modules/undici-types/handlers', target file types: TypeScript, Declaration.
File 'F:/ertyu/hotel/food_order_system/backend/node_modules/undici-types/handlers.ts' does not exist.
File 'F:/ertyu/hotel/food_order_system/backend/node_modules/undici-types/handlers.tsx' does not exist.
File 'F:/ertyu/hotel/food_order_system/backend/node_modules/undici-types/handlers.d.ts' exists - use it as a name resolution result.
File 'F:/ertyu/hotel/food_order_system/backend/node_modules/undici-types/package.json' exists according to earlier cached lookups.
======== Module name './handlers' was successfully resolved to 'F:/ertyu/hotel/food_order_system/backend/node_modules/undici-types/handlers.d.ts' with Package ID 'undici-types/handlers.d.ts@6.21.0'. ========
======== Resolving module './balanced-pool' from 'F:/ertyu/hotel/food_order_system/backend/node_modules/undici-types/index.d.ts'. ========
Module resolution kind is not specified, using 'Node10'.
Loading module as file / folder, candidate module location 'F:/ertyu/hotel/food_order_system/backend/node_modules/undici-types/balanced-pool', target file types: TypeScript, Declaration.
File 'F:/ertyu/hotel/food_order_system/backend/node_modules/undici-types/balanced-pool.ts' does not exist.
File 'F:/ertyu/hotel/food_order_system/backend/node_modules/undici-types/balanced-pool.tsx' does not exist.
File 'F:/ertyu/hotel/food_order_system/backend/node_modules/undici-types/balanced-pool.d.ts' exists - use it as a name resolution result.
File 'F:/ertyu/hotel/food_order_system/backend/node_modules/undici-types/package.json' exists according to earlier cached lookups.
======== Module name './balanced-pool' was successfully resolved to 'F:/ertyu/hotel/food_order_system/backend/node_modules/undici-types/balanced-pool.d.ts' with Package ID 'undici-types/balanced-pool.d.ts@6.21.0'. ========
======== Resolving module './client' from 'F:/ertyu/hotel/food_order_system/backend/node_modules/undici-types/index.d.ts'. ========
Module resolution kind is not specified, using 'Node10'.
Loading module as file / folder, candidate module location 'F:/ertyu/hotel/food_order_system/backend/node_modules/undici-types/client', target file types: TypeScript, Declaration.
File 'F:/ertyu/hotel/food_order_system/backend/node_modules/undici-types/client.ts' does not exist.
File 'F:/ertyu/hotel/food_order_system/backend/node_modules/undici-types/client.tsx' does not exist.
File 'F:/ertyu/hotel/food_order_system/backend/node_modules/undici-types/client.d.ts' exists - use it as a name resolution result.
File 'F:/ertyu/hotel/food_order_system/backend/node_modules/undici-types/package.json' exists according to earlier cached lookups.
======== Module name './client' was successfully resolved to 'F:/ertyu/hotel/food_order_system/backend/node_modules/undici-types/client.d.ts' with Package ID 'undici-types/client.d.ts@6.21.0'. ========
======== Resolving module './connector' from 'F:/ertyu/hotel/food_order_system/backend/node_modules/undici-types/index.d.ts'. ========
Module resolution kind is not specified, using 'Node10'.
Loading module as file / folder, candidate module location 'F:/ertyu/hotel/food_order_system/backend/node_modules/undici-types/connector', target file types: TypeScript, Declaration.
File 'F:/ertyu/hotel/food_order_system/backend/node_modules/undici-types/connector.ts' does not exist.
File 'F:/ertyu/hotel/food_order_system/backend/node_modules/undici-types/connector.tsx' does not exist.
File 'F:/ertyu/hotel/food_order_system/backend/node_modules/undici-types/connector.d.ts' exists - use it as a name resolution result.
File 'F:/ertyu/hotel/food_order_system/backend/node_modules/undici-types/package.json' exists according to earlier cached lookups.
======== Module name './connector' was successfully resolved to 'F:/ertyu/hotel/food_order_system/backend/node_modules/undici-types/connector.d.ts' with Package ID 'undici-types/connector.d.ts@6.21.0'. ========
======== Resolving module './errors' from 'F:/ertyu/hotel/food_order_system/backend/node_modules/undici-types/index.d.ts'. ========
Module resolution kind is not specified, using 'Node10'.
Loading module as file / folder, candidate module location 'F:/ertyu/hotel/food_order_system/backend/node_modules/undici-types/errors', target file types: TypeScript, Declaration.
File 'F:/ertyu/hotel/food_order_system/backend/node_modules/undici-types/errors.ts' does not exist.
File 'F:/ertyu/hotel/food_order_system/backend/node_modules/undici-types/errors.tsx' does not exist.
File 'F:/ertyu/hotel/food_order_system/backend/node_modules/undici-types/errors.d.ts' exists - use it as a name resolution result.
File 'F:/ertyu/hotel/food_order_system/backend/node_modules/undici-types/package.json' exists according to earlier cached lookups.
======== Module name './errors' was successfully resolved to 'F:/ertyu/hotel/food_order_system/backend/node_modules/undici-types/errors.d.ts' with Package ID 'undici-types/errors.d.ts@6.21.0'. ========
======== Resolving module './agent' from 'F:/ertyu/hotel/food_order_system/backend/node_modules/undici-types/index.d.ts'. ========
Module resolution kind is not specified, using 'Node10'.
Loading module as file / folder, candidate module location 'F:/ertyu/hotel/food_order_system/backend/node_modules/undici-types/agent', target file types: TypeScript, Declaration.
File 'F:/ertyu/hotel/food_order_system/backend/node_modules/undici-types/agent.ts' does not exist.
File 'F:/ertyu/hotel/food_order_system/backend/node_modules/undici-types/agent.tsx' does not exist.
File 'F:/ertyu/hotel/food_order_system/backend/node_modules/undici-types/agent.d.ts' exists - use it as a name resolution result.
File 'F:/ertyu/hotel/food_order_system/backend/node_modules/undici-types/package.json' exists according to earlier cached lookups.
======== Module name './agent' was successfully resolved to 'F:/ertyu/hotel/food_order_system/backend/node_modules/undici-types/agent.d.ts' with Package ID 'undici-types/agent.d.ts@6.21.0'. ========
======== Resolving module './mock-client' from 'F:/ertyu/hotel/food_order_system/backend/node_modules/undici-types/index.d.ts'. ========
Module resolution kind is not specified, using 'Node10'.
Loading module as file / folder, candidate module location 'F:/ertyu/hotel/food_order_system/backend/node_modules/undici-types/mock-client', target file types: TypeScript, Declaration.
File 'F:/ertyu/hotel/food_order_system/backend/node_modules/undici-types/mock-client.ts' does not exist.
File 'F:/ertyu/hotel/food_order_system/backend/node_modules/undici-types/mock-client.tsx' does not exist.
File 'F:/ertyu/hotel/food_order_system/backend/node_modules/undici-types/mock-client.d.ts' exists - use it as a name resolution result.
File 'F:/ertyu/hotel/food_order_system/backend/node_modules/undici-types/package.json' exists according to earlier cached lookups.
======== Module name './mock-client' was successfully resolved to 'F:/ertyu/hotel/food_order_system/backend/node_modules/undici-types/mock-client.d.ts' with Package ID 'undici-types/mock-client.d.ts@6.21.0'. ========
======== Resolving module './mock-pool' from 'F:/ertyu/hotel/food_order_system/backend/node_modules/undici-types/index.d.ts'. ========
Module resolution kind is not specified, using 'Node10'.
Loading module as file / folder, candidate module location 'F:/ertyu/hotel/food_order_system/backend/node_modules/undici-types/mock-pool', target file types: TypeScript, Declaration.
File 'F:/ertyu/hotel/food_order_system/backend/node_modules/undici-types/mock-pool.ts' does not exist.
File 'F:/ertyu/hotel/food_order_system/backend/node_modules/undici-types/mock-pool.tsx' does not exist.
File 'F:/ertyu/hotel/food_order_system/backend/node_modules/undici-types/mock-pool.d.ts' exists - use it as a name resolution result.
File 'F:/ertyu/hotel/food_order_system/backend/node_modules/undici-types/package.json' exists according to earlier cached lookups.
======== Module name './mock-pool' was successfully resolved to 'F:/ertyu/hotel/food_order_system/backend/node_modules/undici-types/mock-pool.d.ts' with Package ID 'undici-types/mock-pool.d.ts@6.21.0'. ========
======== Resolving module './mock-agent' from 'F:/ertyu/hotel/food_order_system/backend/node_modules/undici-types/index.d.ts'. ========
Module resolution kind is not specified, using 'Node10'.
Loading module as file / folder, candidate module location 'F:/ertyu/hotel/food_order_system/backend/node_modules/undici-types/mock-agent', target file types: TypeScript, Declaration.
File 'F:/ertyu/hotel/food_order_system/backend/node_modules/undici-types/mock-agent.ts' does not exist.
File 'F:/ertyu/hotel/food_order_system/backend/node_modules/undici-types/mock-agent.tsx' does not exist.
File 'F:/ertyu/hotel/food_order_system/backend/node_modules/undici-types/mock-agent.d.ts' exists - use it as a name resolution result.
File 'F:/ertyu/hotel/food_order_system/backend/node_modules/undici-types/package.json' exists according to earlier cached lookups.
======== Module name './mock-agent' was successfully resolved to 'F:/ertyu/hotel/food_order_system/backend/node_modules/undici-types/mock-agent.d.ts' with Package ID 'undici-types/mock-agent.d.ts@6.21.0'. ========
======== Resolving module './mock-errors' from 'F:/ertyu/hotel/food_order_system/backend/node_modules/undici-types/index.d.ts'. ========
Module resolution kind is not specified, using 'Node10'.
Loading module as file / folder, candidate module location 'F:/ertyu/hotel/food_order_system/backend/node_modules/undici-types/mock-errors', target file types: TypeScript, Declaration.
File 'F:/ertyu/hotel/food_order_system/backend/node_modules/undici-types/mock-errors.ts' does not exist.
File 'F:/ertyu/hotel/food_order_system/backend/node_modules/undici-types/mock-errors.tsx' does not exist.
File 'F:/ertyu/hotel/food_order_system/backend/node_modules/undici-types/mock-errors.d.ts' exists - use it as a name resolution result.
File 'F:/ertyu/hotel/food_order_system/backend/node_modules/undici-types/package.json' exists according to earlier cached lookups.
======== Module name './mock-errors' was successfully resolved to 'F:/ertyu/hotel/food_order_system/backend/node_modules/undici-types/mock-errors.d.ts' with Package ID 'undici-types/mock-errors.d.ts@6.21.0'. ========
======== Resolving module './proxy-agent' from 'F:/ertyu/hotel/food_order_system/backend/node_modules/undici-types/index.d.ts'. ========
Module resolution kind is not specified, using 'Node10'.
Loading module as file / folder, candidate module location 'F:/ertyu/hotel/food_order_system/backend/node_modules/undici-types/proxy-agent', target file types: TypeScript, Declaration.
File 'F:/ertyu/hotel/food_order_system/backend/node_modules/undici-types/proxy-agent.ts' does not exist.
File 'F:/ertyu/hotel/food_order_system/backend/node_modules/undici-types/proxy-agent.tsx' does not exist.
File 'F:/ertyu/hotel/food_order_system/backend/node_modules/undici-types/proxy-agent.d.ts' exists - use it as a name resolution result.
File 'F:/ertyu/hotel/food_order_system/backend/node_modules/undici-types/package.json' exists according to earlier cached lookups.
======== Module name './proxy-agent' was successfully resolved to 'F:/ertyu/hotel/food_order_system/backend/node_modules/undici-types/proxy-agent.d.ts' with Package ID 'undici-types/proxy-agent.d.ts@6.21.0'. ========
======== Resolving module './env-http-proxy-agent' from 'F:/ertyu/hotel/food_order_system/backend/node_modules/undici-types/index.d.ts'. ========
Module resolution kind is not specified, using 'Node10'.
Loading module as file / folder, candidate module location 'F:/ertyu/hotel/food_order_system/backend/node_modules/undici-types/env-http-proxy-agent', target file types: TypeScript, Declaration.
File 'F:/ertyu/hotel/food_order_system/backend/node_modules/undici-types/env-http-proxy-agent.ts' does not exist.
File 'F:/ertyu/hotel/food_order_system/backend/node_modules/undici-types/env-http-proxy-agent.tsx' does not exist.
File 'F:/ertyu/hotel/food_order_system/backend/node_modules/undici-types/env-http-proxy-agent.d.ts' exists - use it as a name resolution result.
File 'F:/ertyu/hotel/food_order_system/backend/node_modules/undici-types/package.json' exists according to earlier cached lookups.
======== Module name './env-http-proxy-agent' was successfully resolved to 'F:/ertyu/hotel/food_order_system/backend/node_modules/undici-types/env-http-proxy-agent.d.ts' with Package ID 'undici-types/env-http-proxy-agent.d.ts@6.21.0'. ========
======== Resolving module './retry-handler' from 'F:/ertyu/hotel/food_order_system/backend/node_modules/undici-types/index.d.ts'. ========
Module resolution kind is not specified, using 'Node10'.
Loading module as file / folder, candidate module location 'F:/ertyu/hotel/food_order_system/backend/node_modules/undici-types/retry-handler', target file types: TypeScript, Declaration.
File 'F:/ertyu/hotel/food_order_system/backend/node_modules/undici-types/retry-handler.ts' does not exist.
File 'F:/ertyu/hotel/food_order_system/backend/node_modules/undici-types/retry-handler.tsx' does not exist.
File 'F:/ertyu/hotel/food_order_system/backend/node_modules/undici-types/retry-handler.d.ts' exists - use it as a name resolution result.
File 'F:/ertyu/hotel/food_order_system/backend/node_modules/undici-types/package.json' exists according to earlier cached lookups.
======== Module name './retry-handler' was successfully resolved to 'F:/ertyu/hotel/food_order_system/backend/node_modules/undici-types/retry-handler.d.ts' with Package ID 'undici-types/retry-handler.d.ts@6.21.0'. ========
======== Resolving module './retry-agent' from 'F:/ertyu/hotel/food_order_system/backend/node_modules/undici-types/index.d.ts'. ========
Module resolution kind is not specified, using 'Node10'.
Loading module as file / folder, candidate module location 'F:/ertyu/hotel/food_order_system/backend/node_modules/undici-types/retry-agent', target file types: TypeScript, Declaration.
File 'F:/ertyu/hotel/food_order_system/backend/node_modules/undici-types/retry-agent.ts' does not exist.
File 'F:/ertyu/hotel/food_order_system/backend/node_modules/undici-types/retry-agent.tsx' does not exist.
File 'F:/ertyu/hotel/food_order_system/backend/node_modules/undici-types/retry-agent.d.ts' exists - use it as a name resolution result.
File 'F:/ertyu/hotel/food_order_system/backend/node_modules/undici-types/package.json' exists according to earlier cached lookups.
======== Module name './retry-agent' was successfully resolved to 'F:/ertyu/hotel/food_order_system/backend/node_modules/undici-types/retry-agent.d.ts' with Package ID 'undici-types/retry-agent.d.ts@6.21.0'. ========
======== Resolving module './api' from 'F:/ertyu/hotel/food_order_system/backend/node_modules/undici-types/index.d.ts'. ========
Module resolution kind is not specified, using 'Node10'.
Loading module as file / folder, candidate module location 'F:/ertyu/hotel/food_order_system/backend/node_modules/undici-types/api', target file types: TypeScript, Declaration.
File 'F:/ertyu/hotel/food_order_system/backend/node_modules/undici-types/api.ts' does not exist.
File 'F:/ertyu/hotel/food_order_system/backend/node_modules/undici-types/api.tsx' does not exist.
File 'F:/ertyu/hotel/food_order_system/backend/node_modules/undici-types/api.d.ts' exists - use it as a name resolution result.
File 'F:/ertyu/hotel/food_order_system/backend/node_modules/undici-types/package.json' exists according to earlier cached lookups.
======== Module name './api' was successfully resolved to 'F:/ertyu/hotel/food_order_system/backend/node_modules/undici-types/api.d.ts' with Package ID 'undici-types/api.d.ts@6.21.0'. ========
======== Resolving module './interceptors' from 'F:/ertyu/hotel/food_order_system/backend/node_modules/undici-types/index.d.ts'. ========
Module resolution kind is not specified, using 'Node10'.
Loading module as file / folder, candidate module location 'F:/ertyu/hotel/food_order_system/backend/node_modules/undici-types/interceptors', target file types: TypeScript, Declaration.
File 'F:/ertyu/hotel/food_order_system/backend/node_modules/undici-types/interceptors.ts' does not exist.
File 'F:/ertyu/hotel/food_order_system/backend/node_modules/undici-types/interceptors.tsx' does not exist.
File 'F:/ertyu/hotel/food_order_system/backend/node_modules/undici-types/interceptors.d.ts' exists - use it as a name resolution result.
File 'F:/ertyu/hotel/food_order_system/backend/node_modules/undici-types/package.json' exists according to earlier cached lookups.
======== Module name './interceptors' was successfully resolved to 'F:/ertyu/hotel/food_order_system/backend/node_modules/undici-types/interceptors.d.ts' with Package ID 'undici-types/interceptors.d.ts@6.21.0'. ========
======== Resolving module './util' from 'F:/ertyu/hotel/food_order_system/backend/node_modules/undici-types/index.d.ts'. ========
Module resolution kind is not specified, using 'Node10'.
Loading module as file / folder, candidate module location 'F:/ertyu/hotel/food_order_system/backend/node_modules/undici-types/util', target file types: TypeScript, Declaration.
File 'F:/ertyu/hotel/food_order_system/backend/node_modules/undici-types/util.ts' does not exist.
File 'F:/ertyu/hotel/food_order_system/backend/node_modules/undici-types/util.tsx' does not exist.
File 'F:/ertyu/hotel/food_order_system/backend/node_modules/undici-types/util.d.ts' exists - use it as a name resolution result.
File 'F:/ertyu/hotel/food_order_system/backend/node_modules/undici-types/package.json' exists according to earlier cached lookups.
======== Module name './util' was successfully resolved to 'F:/ertyu/hotel/food_order_system/backend/node_modules/undici-types/util.d.ts' with Package ID 'undici-types/util.d.ts@6.21.0'. ========
======== Resolving module './cookies' from 'F:/ertyu/hotel/food_order_system/backend/node_modules/undici-types/index.d.ts'. ========
Module resolution kind is not specified, using 'Node10'.
Loading module as file / folder, candidate module location 'F:/ertyu/hotel/food_order_system/backend/node_modules/undici-types/cookies', target file types: TypeScript, Declaration.
File 'F:/ertyu/hotel/food_order_system/backend/node_modules/undici-types/cookies.ts' does not exist.
File 'F:/ertyu/hotel/food_order_system/backend/node_modules/undici-types/cookies.tsx' does not exist.
File 'F:/ertyu/hotel/food_order_system/backend/node_modules/undici-types/cookies.d.ts' exists - use it as a name resolution result.
File 'F:/ertyu/hotel/food_order_system/backend/node_modules/undici-types/package.json' exists according to earlier cached lookups.
======== Module name './cookies' was successfully resolved to 'F:/ertyu/hotel/food_order_system/backend/node_modules/undici-types/cookies.d.ts' with Package ID 'undici-types/cookies.d.ts@6.21.0'. ========
======== Resolving module './eventsource' from 'F:/ertyu/hotel/food_order_system/backend/node_modules/undici-types/index.d.ts'. ========
Module resolution kind is not specified, using 'Node10'.
Loading module as file / folder, candidate module location 'F:/ertyu/hotel/food_order_system/backend/node_modules/undici-types/eventsource', target file types: TypeScript, Declaration.
File 'F:/ertyu/hotel/food_order_system/backend/node_modules/undici-types/eventsource.ts' does not exist.
File 'F:/ertyu/hotel/food_order_system/backend/node_modules/undici-types/eventsource.tsx' does not exist.
File 'F:/ertyu/hotel/food_order_system/backend/node_modules/undici-types/eventsource.d.ts' exists - use it as a name resolution result.
File 'F:/ertyu/hotel/food_order_system/backend/node_modules/undici-types/package.json' exists according to earlier cached lookups.
======== Module name './eventsource' was successfully resolved to 'F:/ertyu/hotel/food_order_system/backend/node_modules/undici-types/eventsource.d.ts' with Package ID 'undici-types/eventsource.d.ts@6.21.0'. ========
======== Resolving module './fetch' from 'F:/ertyu/hotel/food_order_system/backend/node_modules/undici-types/index.d.ts'. ========
Module resolution kind is not specified, using 'Node10'.
Loading module as file / folder, candidate module location 'F:/ertyu/hotel/food_order_system/backend/node_modules/undici-types/fetch', target file types: TypeScript, Declaration.
File 'F:/ertyu/hotel/food_order_system/backend/node_modules/undici-types/fetch.ts' does not exist.
File 'F:/ertyu/hotel/food_order_system/backend/node_modules/undici-types/fetch.tsx' does not exist.
File 'F:/ertyu/hotel/food_order_system/backend/node_modules/undici-types/fetch.d.ts' exists - use it as a name resolution result.
File 'F:/ertyu/hotel/food_order_system/backend/node_modules/undici-types/package.json' exists according to earlier cached lookups.
======== Module name './fetch' was successfully resolved to 'F:/ertyu/hotel/food_order_system/backend/node_modules/undici-types/fetch.d.ts' with Package ID 'undici-types/fetch.d.ts@6.21.0'. ========
======== Resolving module './file' from 'F:/ertyu/hotel/food_order_system/backend/node_modules/undici-types/index.d.ts'. ========
Module resolution kind is not specified, using 'Node10'.
Loading module as file / folder, candidate module location 'F:/ertyu/hotel/food_order_system/backend/node_modules/undici-types/file', target file types: TypeScript, Declaration.
File 'F:/ertyu/hotel/food_order_system/backend/node_modules/undici-types/file.ts' does not exist.
File 'F:/ertyu/hotel/food_order_system/backend/node_modules/undici-types/file.tsx' does not exist.
File 'F:/ertyu/hotel/food_order_system/backend/node_modules/undici-types/file.d.ts' exists - use it as a name resolution result.
File 'F:/ertyu/hotel/food_order_system/backend/node_modules/undici-types/package.json' exists according to earlier cached lookups.
======== Module name './file' was successfully resolved to 'F:/ertyu/hotel/food_order_system/backend/node_modules/undici-types/file.d.ts' with Package ID 'undici-types/file.d.ts@6.21.0'. ========
======== Resolving module './filereader' from 'F:/ertyu/hotel/food_order_system/backend/node_modules/undici-types/index.d.ts'. ========
Module resolution kind is not specified, using 'Node10'.
Loading module as file / folder, candidate module location 'F:/ertyu/hotel/food_order_system/backend/node_modules/undici-types/filereader', target file types: TypeScript, Declaration.
File 'F:/ertyu/hotel/food_order_system/backend/node_modules/undici-types/filereader.ts' does not exist.
File 'F:/ertyu/hotel/food_order_system/backend/node_modules/undici-types/filereader.tsx' does not exist.
File 'F:/ertyu/hotel/food_order_system/backend/node_modules/undici-types/filereader.d.ts' exists - use it as a name resolution result.
File 'F:/ertyu/hotel/food_order_system/backend/node_modules/undici-types/package.json' exists according to earlier cached lookups.
======== Module name './filereader' was successfully resolved to 'F:/ertyu/hotel/food_order_system/backend/node_modules/undici-types/filereader.d.ts' with Package ID 'undici-types/filereader.d.ts@6.21.0'. ========
======== Resolving module './formdata' from 'F:/ertyu/hotel/food_order_system/backend/node_modules/undici-types/index.d.ts'. ========
Module resolution kind is not specified, using 'Node10'.
Loading module as file / folder, candidate module location 'F:/ertyu/hotel/food_order_system/backend/node_modules/undici-types/formdata', target file types: TypeScript, Declaration.
File 'F:/ertyu/hotel/food_order_system/backend/node_modules/undici-types/formdata.ts' does not exist.
File 'F:/ertyu/hotel/food_order_system/backend/node_modules/undici-types/formdata.tsx' does not exist.
File 'F:/ertyu/hotel/food_order_system/backend/node_modules/undici-types/formdata.d.ts' exists - use it as a name resolution result.
File 'F:/ertyu/hotel/food_order_system/backend/node_modules/undici-types/package.json' exists according to earlier cached lookups.
======== Module name './formdata' was successfully resolved to 'F:/ertyu/hotel/food_order_system/backend/node_modules/undici-types/formdata.d.ts' with Package ID 'undici-types/formdata.d.ts@6.21.0'. ========
======== Resolving module './diagnostics-channel' from 'F:/ertyu/hotel/food_order_system/backend/node_modules/undici-types/index.d.ts'. ========
Module resolution kind is not specified, using 'Node10'.
Loading module as file / folder, candidate module location 'F:/ertyu/hotel/food_order_system/backend/node_modules/undici-types/diagnostics-channel', target file types: TypeScript, Declaration.
File 'F:/ertyu/hotel/food_order_system/backend/node_modules/undici-types/diagnostics-channel.ts' does not exist.
File 'F:/ertyu/hotel/food_order_system/backend/node_modules/undici-types/diagnostics-channel.tsx' does not exist.
File 'F:/ertyu/hotel/food_order_system/backend/node_modules/undici-types/diagnostics-channel.d.ts' exists - use it as a name resolution result.
File 'F:/ertyu/hotel/food_order_system/backend/node_modules/undici-types/package.json' exists according to earlier cached lookups.
======== Module name './diagnostics-channel' was successfully resolved to 'F:/ertyu/hotel/food_order_system/backend/node_modules/undici-types/diagnostics-channel.d.ts' with Package ID 'undici-types/diagnostics-channel.d.ts@6.21.0'. ========
======== Resolving module './websocket' from 'F:/ertyu/hotel/food_order_system/backend/node_modules/undici-types/index.d.ts'. ========
Module resolution kind is not specified, using 'Node10'.
Loading module as file / folder, candidate module location 'F:/ertyu/hotel/food_order_system/backend/node_modules/undici-types/websocket', target file types: TypeScript, Declaration.
File 'F:/ertyu/hotel/food_order_system/backend/node_modules/undici-types/websocket.ts' does not exist.
File 'F:/ertyu/hotel/food_order_system/backend/node_modules/undici-types/websocket.tsx' does not exist.
File 'F:/ertyu/hotel/food_order_system/backend/node_modules/undici-types/websocket.d.ts' exists - use it as a name resolution result.
File 'F:/ertyu/hotel/food_order_system/backend/node_modules/undici-types/package.json' exists according to earlier cached lookups.
======== Module name './websocket' was successfully resolved to 'F:/ertyu/hotel/food_order_system/backend/node_modules/undici-types/websocket.d.ts' with Package ID 'undici-types/websocket.d.ts@6.21.0'. ========
======== Resolving module './content-type' from 'F:/ertyu/hotel/food_order_system/backend/node_modules/undici-types/index.d.ts'. ========
Module resolution kind is not specified, using 'Node10'.
Loading module as file / folder, candidate module location 'F:/ertyu/hotel/food_order_system/backend/node_modules/undici-types/content-type', target file types: TypeScript, Declaration.
File 'F:/ertyu/hotel/food_order_system/backend/node_modules/undici-types/content-type.ts' does not exist.
File 'F:/ertyu/hotel/food_order_system/backend/node_modules/undici-types/content-type.tsx' does not exist.
File 'F:/ertyu/hotel/food_order_system/backend/node_modules/undici-types/content-type.d.ts' exists - use it as a name resolution result.
File 'F:/ertyu/hotel/food_order_system/backend/node_modules/undici-types/package.json' exists according to earlier cached lookups.
======== Module name './content-type' was successfully resolved to 'F:/ertyu/hotel/food_order_system/backend/node_modules/undici-types/content-type.d.ts' with Package ID 'undici-types/content-type.d.ts@6.21.0'. ========
======== Resolving module './cache' from 'F:/ertyu/hotel/food_order_system/backend/node_modules/undici-types/index.d.ts'. ========
Module resolution kind is not specified, using 'Node10'.
Loading module as file / folder, candidate module location 'F:/ertyu/hotel/food_order_system/backend/node_modules/undici-types/cache', target file types: TypeScript, Declaration.
File 'F:/ertyu/hotel/food_order_system/backend/node_modules/undici-types/cache.ts' does not exist.
File 'F:/ertyu/hotel/food_order_system/backend/node_modules/undici-types/cache.tsx' does not exist.
File 'F:/ertyu/hotel/food_order_system/backend/node_modules/undici-types/cache.d.ts' exists - use it as a name resolution result.
File 'F:/ertyu/hotel/food_order_system/backend/node_modules/undici-types/package.json' exists according to earlier cached lookups.
======== Module name './cache' was successfully resolved to 'F:/ertyu/hotel/food_order_system/backend/node_modules/undici-types/cache.d.ts' with Package ID 'undici-types/cache.d.ts@6.21.0'. ========
======== Resolving module './mock-interceptor' from 'F:/ertyu/hotel/food_order_system/backend/node_modules/undici-types/index.d.ts'. ========
Module resolution kind is not specified, using 'Node10'.
Loading module as file / folder, candidate module location 'F:/ertyu/hotel/food_order_system/backend/node_modules/undici-types/mock-interceptor', target file types: TypeScript, Declaration.
File 'F:/ertyu/hotel/food_order_system/backend/node_modules/undici-types/mock-interceptor.ts' does not exist.
File 'F:/ertyu/hotel/food_order_system/backend/node_modules/undici-types/mock-interceptor.tsx' does not exist.
File 'F:/ertyu/hotel/food_order_system/backend/node_modules/undici-types/mock-interceptor.d.ts' exists - use it as a name resolution result.
File 'F:/ertyu/hotel/food_order_system/backend/node_modules/undici-types/package.json' exists according to earlier cached lookups.
======== Module name './mock-interceptor' was successfully resolved to 'F:/ertyu/hotel/food_order_system/backend/node_modules/undici-types/mock-interceptor.d.ts' with Package ID 'undici-types/mock-interceptor.d.ts@6.21.0'. ========
File 'F:/ertyu/hotel/food_order_system/backend/node_modules/undici-types/package.json' exists according to earlier cached lookups.
======== Resolving module 'url' from 'F:/ertyu/hotel/food_order_system/backend/node_modules/undici-types/dispatcher.d.ts'. ========
Module resolution kind is not specified, using 'Node10'.
Loading module 'url' from 'node_modules' folder, target file types: TypeScript, Declaration.
Searching all ancestor node_modules directories for preferred extensions: TypeScript, Declaration.
Directory 'F:/ertyu/hotel/food_order_system/backend/node_modules/undici-types/node_modules' does not exist, skipping all lookups in it.
File 'F:/ertyu/hotel/food_order_system/backend/node_modules/url.ts' does not exist.
File 'F:/ertyu/hotel/food_order_system/backend/node_modules/url.tsx' does not exist.
File 'F:/ertyu/hotel/food_order_system/backend/node_modules/url.d.ts' does not exist.
File 'F:/ertyu/hotel/food_order_system/backend/node_modules/@types/url.d.ts' does not exist.
Directory 'F:/ertyu/hotel/food_order_system/node_modules' does not exist, skipping all lookups in it.
Directory 'F:/ertyu/hotel/node_modules' does not exist, skipping all lookups in it.
Directory 'F:/ertyu/node_modules' does not exist, skipping all lookups in it.
Directory 'F:/node_modules' does not exist, skipping all lookups in it.
Loading module 'url' from 'node_modules' folder, target file types: JavaScript.
Searching all ancestor node_modules directories for fallback extensions: JavaScript.
Directory 'F:/ertyu/hotel/food_order_system/backend/node_modules/undici-types/node_modules' does not exist, skipping all lookups in it.
File 'F:/ertyu/hotel/food_order_system/backend/node_modules/url.js' does not exist.
File 'F:/ertyu/hotel/food_order_system/backend/node_modules/url.jsx' does not exist.
Directory 'F:/ertyu/hotel/food_order_system/node_modules' does not exist, skipping all lookups in it.
Directory 'F:/ertyu/hotel/node_modules' does not exist, skipping all lookups in it.
Directory 'F:/ertyu/node_modules' does not exist, skipping all lookups in it.
Directory 'F:/node_modules' does not exist, skipping all lookups in it.
======== Module name 'url' was not resolved. ========
======== Resolving module 'stream' from 'F:/ertyu/hotel/food_order_system/backend/node_modules/undici-types/dispatcher.d.ts'. ========
Module resolution kind is not specified, using 'Node10'.
Loading module 'stream' from 'node_modules' folder, target file types: TypeScript, Declaration.
Searching all ancestor node_modules directories for preferred extensions: TypeScript, Declaration.
Directory 'F:/ertyu/hotel/food_order_system/backend/node_modules/undici-types/node_modules' does not exist, skipping all lookups in it.
File 'F:/ertyu/hotel/food_order_system/backend/node_modules/stream.ts' does not exist.
File 'F:/ertyu/hotel/food_order_system/backend/node_modules/stream.tsx' does not exist.
File 'F:/ertyu/hotel/food_order_system/backend/node_modules/stream.d.ts' does not exist.
File 'F:/ertyu/hotel/food_order_system/backend/node_modules/@types/stream.d.ts' does not exist.
Directory 'F:/ertyu/hotel/food_order_system/node_modules' does not exist, skipping all lookups in it.
Directory 'F:/ertyu/hotel/node_modules' does not exist, skipping all lookups in it.
Directory 'F:/ertyu/node_modules' does not exist, skipping all lookups in it.
Directory 'F:/node_modules' does not exist, skipping all lookups in it.
Loading module 'stream' from 'node_modules' folder, target file types: JavaScript.
Searching all ancestor node_modules directories for fallback extensions: JavaScript.
Directory 'F:/ertyu/hotel/food_order_system/backend/node_modules/undici-types/node_modules' does not exist, skipping all lookups in it.
File 'F:/ertyu/hotel/food_order_system/backend/node_modules/stream.js' does not exist.
File 'F:/ertyu/hotel/food_order_system/backend/node_modules/stream.jsx' does not exist.
Directory 'F:/ertyu/hotel/food_order_system/node_modules' does not exist, skipping all lookups in it.
Directory 'F:/ertyu/hotel/node_modules' does not exist, skipping all lookups in it.
Directory 'F:/ertyu/node_modules' does not exist, skipping all lookups in it.
Directory 'F:/node_modules' does not exist, skipping all lookups in it.
======== Module name 'stream' was not resolved. ========
======== Resolving module 'events' from 'F:/ertyu/hotel/food_order_system/backend/node_modules/undici-types/dispatcher.d.ts'. ========
Module resolution kind is not specified, using 'Node10'.
Loading module 'events' from 'node_modules' folder, target file types: TypeScript, Declaration.
Searching all ancestor node_modules directories for preferred extensions: TypeScript, Declaration.
Directory 'F:/ertyu/hotel/food_order_system/backend/node_modules/undici-types/node_modules' does not exist, skipping all lookups in it.
File 'F:/ertyu/hotel/food_order_system/backend/node_modules/events.ts' does not exist.
File 'F:/ertyu/hotel/food_order_system/backend/node_modules/events.tsx' does not exist.
File 'F:/ertyu/hotel/food_order_system/backend/node_modules/events.d.ts' does not exist.
File 'F:/ertyu/hotel/food_order_system/backend/node_modules/@types/events.d.ts' does not exist.
Directory 'F:/ertyu/hotel/food_order_system/node_modules' does not exist, skipping all lookups in it.
Directory 'F:/ertyu/hotel/node_modules' does not exist, skipping all lookups in it.
Directory 'F:/ertyu/node_modules' does not exist, skipping all lookups in it.
Directory 'F:/node_modules' does not exist, skipping all lookups in it.
Loading module 'events' from 'node_modules' folder, target file types: JavaScript.
Searching all ancestor node_modules directories for fallback extensions: JavaScript.
Directory 'F:/ertyu/hotel/food_order_system/backend/node_modules/undici-types/node_modules' does not exist, skipping all lookups in it.
File 'F:/ertyu/hotel/food_order_system/backend/node_modules/events.js' does not exist.
File 'F:/ertyu/hotel/food_order_system/backend/node_modules/events.jsx' does not exist.
Directory 'F:/ertyu/hotel/food_order_system/node_modules' does not exist, skipping all lookups in it.
Directory 'F:/ertyu/hotel/node_modules' does not exist, skipping all lookups in it.
Directory 'F:/ertyu/node_modules' does not exist, skipping all lookups in it.
Directory 'F:/node_modules' does not exist, skipping all lookups in it.
======== Module name 'events' was not resolved. ========
======== Resolving module 'buffer' from 'F:/ertyu/hotel/food_order_system/backend/node_modules/undici-types/dispatcher.d.ts'. ========
Module resolution kind is not specified, using 'Node10'.
Loading module 'buffer' from 'node_modules' folder, target file types: TypeScript, Declaration.
Searching all ancestor node_modules directories for preferred extensions: TypeScript, Declaration.
Directory 'F:/ertyu/hotel/food_order_system/backend/node_modules/undici-types/node_modules' does not exist, skipping all lookups in it.
File 'F:/ertyu/hotel/food_order_system/backend/node_modules/buffer.ts' does not exist.
File 'F:/ertyu/hotel/food_order_system/backend/node_modules/buffer.tsx' does not exist.
File 'F:/ertyu/hotel/food_order_system/backend/node_modules/buffer.d.ts' does not exist.
File 'F:/ertyu/hotel/food_order_system/backend/node_modules/@types/buffer.d.ts' does not exist.
Directory 'F:/ertyu/hotel/food_order_system/node_modules' does not exist, skipping all lookups in it.
Directory 'F:/ertyu/hotel/node_modules' does not exist, skipping all lookups in it.
Directory 'F:/ertyu/node_modules' does not exist, skipping all lookups in it.
Directory 'F:/node_modules' does not exist, skipping all lookups in it.
Loading module 'buffer' from 'node_modules' folder, target file types: JavaScript.
Searching all ancestor node_modules directories for fallback extensions: JavaScript.
Directory 'F:/ertyu/hotel/food_order_system/backend/node_modules/undici-types/node_modules' does not exist, skipping all lookups in it.
File 'F:/ertyu/hotel/food_order_system/backend/node_modules/buffer.js' does not exist.
File 'F:/ertyu/hotel/food_order_system/backend/node_modules/buffer.jsx' does not exist.
Directory 'F:/ertyu/hotel/food_order_system/node_modules' does not exist, skipping all lookups in it.
Directory 'F:/ertyu/hotel/node_modules' does not exist, skipping all lookups in it.
Directory 'F:/ertyu/node_modules' does not exist, skipping all lookups in it.
Directory 'F:/node_modules' does not exist, skipping all lookups in it.
======== Module name 'buffer' was not resolved. ========
======== Resolving module './header' from 'F:/ertyu/hotel/food_order_system/backend/node_modules/undici-types/dispatcher.d.ts'. ========
Module resolution kind is not specified, using 'Node10'.
Loading module as file / folder, candidate module location 'F:/ertyu/hotel/food_order_system/backend/node_modules/undici-types/header', target file types: TypeScript, Declaration.
File 'F:/ertyu/hotel/food_order_system/backend/node_modules/undici-types/header.ts' does not exist.
File 'F:/ertyu/hotel/food_order_system/backend/node_modules/undici-types/header.tsx' does not exist.
File 'F:/ertyu/hotel/food_order_system/backend/node_modules/undici-types/header.d.ts' exists - use it as a name resolution result.
File 'F:/ertyu/hotel/food_order_system/backend/node_modules/undici-types/package.json' exists according to earlier cached lookups.
======== Module name './header' was successfully resolved to 'F:/ertyu/hotel/food_order_system/backend/node_modules/undici-types/header.d.ts' with Package ID 'undici-types/header.d.ts@6.21.0'. ========
======== Resolving module './readable' from 'F:/ertyu/hotel/food_order_system/backend/node_modules/undici-types/dispatcher.d.ts'. ========
Module resolution kind is not specified, using 'Node10'.
Loading module as file / folder, candidate module location 'F:/ertyu/hotel/food_order_system/backend/node_modules/undici-types/readable', target file types: TypeScript, Declaration.
File 'F:/ertyu/hotel/food_order_system/backend/node_modules/undici-types/readable.ts' does not exist.
File 'F:/ertyu/hotel/food_order_system/backend/node_modules/undici-types/readable.tsx' does not exist.
File 'F:/ertyu/hotel/food_order_system/backend/node_modules/undici-types/readable.d.ts' exists - use it as a name resolution result.
File 'F:/ertyu/hotel/food_order_system/backend/node_modules/undici-types/package.json' exists according to earlier cached lookups.
======== Module name './readable' was successfully resolved to 'F:/ertyu/hotel/food_order_system/backend/node_modules/undici-types/readable.d.ts' with Package ID 'undici-types/readable.d.ts@6.21.0'. ========
======== Resolving module './formdata' from 'F:/ertyu/hotel/food_order_system/backend/node_modules/undici-types/dispatcher.d.ts'. ========
Resolution for module './formdata' was found in cache from location 'F:/ertyu/hotel/food_order_system/backend/node_modules/undici-types'.
======== Module name './formdata' was successfully resolved to 'F:/ertyu/hotel/food_order_system/backend/node_modules/undici-types/formdata.d.ts' with Package ID 'undici-types/formdata.d.ts@6.21.0'. ========
======== Resolving module './errors' from 'F:/ertyu/hotel/food_order_system/backend/node_modules/undici-types/dispatcher.d.ts'. ========
Resolution for module './errors' was found in cache from location 'F:/ertyu/hotel/food_order_system/backend/node_modules/undici-types'.
======== Module name './errors' was successfully resolved to 'F:/ertyu/hotel/food_order_system/backend/node_modules/undici-types/errors.d.ts' with Package ID 'undici-types/errors.d.ts@6.21.0'. ========
File 'F:/ertyu/hotel/food_order_system/backend/node_modules/undici-types/package.json' exists according to earlier cached lookups.
File 'F:/ertyu/hotel/food_order_system/backend/node_modules/undici-types/package.json' exists according to earlier cached lookups.
======== Resolving module 'stream' from 'F:/ertyu/hotel/food_order_system/backend/node_modules/undici-types/readable.d.ts'. ========
Resolution for module 'stream' was found in cache from location 'F:/ertyu/hotel/food_order_system/backend/node_modules/undici-types'.
======== Module name 'stream' was not resolved. ========
======== Resolving module 'buffer' from 'F:/ertyu/hotel/food_order_system/backend/node_modules/undici-types/readable.d.ts'. ========
Resolution for module 'buffer' was found in cache from location 'F:/ertyu/hotel/food_order_system/backend/node_modules/undici-types'.
======== Module name 'buffer' was not resolved. ========
File 'F:/ertyu/hotel/food_order_system/backend/node_modules/undici-types/package.json' exists according to earlier cached lookups.
======== Resolving type reference directive 'node', containing file 'F:/ertyu/hotel/food_order_system/backend/node_modules/undici-types/formdata.d.ts', root directory 'F:/ertyu/hotel/food_order_system/backend/node_modules/@types,F:/ertyu/hotel/food_order_system/node_modules/@types,F:/ertyu/hotel/node_modules/@types,F:/ertyu/node_modules/@types,F:/node_modules/@types'. ========
Resolving with primary search path 'F:/ertyu/hotel/food_order_system/backend/node_modules/@types, F:/ertyu/hotel/food_order_system/node_modules/@types, F:/ertyu/hotel/node_modules/@types, F:/ertyu/node_modules/@types, F:/node_modules/@types'.
File 'F:/ertyu/hotel/food_order_system/backend/node_modules/@types/node/package.json' exists according to earlier cached lookups.
'package.json' does not have a 'typings' field.
'package.json' has 'types' field 'index.d.ts' that references 'F:/ertyu/hotel/food_order_system/backend/node_modules/@types/node/index.d.ts'.
File 'F:/ertyu/hotel/food_order_system/backend/node_modules/@types/node/index.d.ts' exists - use it as a name resolution result.
Resolving real path for 'F:/ertyu/hotel/food_order_system/backend/node_modules/@types/node/index.d.ts', result 'F:/ertyu/hotel/food_order_system/backend/node_modules/@types/node/index.d.ts'.
======== Type reference directive 'node' was successfully resolved to 'F:/ertyu/hotel/food_order_system/backend/node_modules/@types/node/index.d.ts' with Package ID '@types/node/index.d.ts@20.19.41', primary: true. ========
======== Resolving module './file' from 'F:/ertyu/hotel/food_order_system/backend/node_modules/undici-types/formdata.d.ts'. ========
Resolution for module './file' was found in cache from location 'F:/ertyu/hotel/food_order_system/backend/node_modules/undici-types'.
======== Module name './file' was successfully resolved to 'F:/ertyu/hotel/food_order_system/backend/node_modules/undici-types/file.d.ts' with Package ID 'undici-types/file.d.ts@6.21.0'. ========
======== Resolving module './fetch' from 'F:/ertyu/hotel/food_order_system/backend/node_modules/undici-types/formdata.d.ts'. ========
Resolution for module './fetch' was found in cache from location 'F:/ertyu/hotel/food_order_system/backend/node_modules/undici-types'.
======== Module name './fetch' was successfully resolved to 'F:/ertyu/hotel/food_order_system/backend/node_modules/undici-types/fetch.d.ts' with Package ID 'undici-types/fetch.d.ts@6.21.0'. ========
File 'F:/ertyu/hotel/food_order_system/backend/node_modules/undici-types/package.json' exists according to earlier cached lookups.
======== Resolving type reference directive 'node', containing file 'F:/ertyu/hotel/food_order_system/backend/node_modules/undici-types/file.d.ts'. ========
Resolution for type reference directive 'node' was found in cache from location 'F:/ertyu/hotel/food_order_system/backend/node_modules/undici-types'.
======== Type reference directive 'node' was successfully resolved to 'F:/ertyu/hotel/food_order_system/backend/node_modules/@types/node/index.d.ts' with Package ID '@types/node/index.d.ts@20.19.41', primary: true. ========
======== Resolving module 'buffer' from 'F:/ertyu/hotel/food_order_system/backend/node_modules/undici-types/file.d.ts'. ========
Resolution for module 'buffer' was found in cache from location 'F:/ertyu/hotel/food_order_system/backend/node_modules/undici-types'.
======== Module name 'buffer' was not resolved. ========
File 'F:/ertyu/hotel/food_order_system/backend/node_modules/undici-types/package.json' exists according to earlier cached lookups.
======== Resolving type reference directive 'node', containing file 'F:/ertyu/hotel/food_order_system/backend/node_modules/undici-types/fetch.d.ts'. ========
Resolution for type reference directive 'node' was found in cache from location 'F:/ertyu/hotel/food_order_system/backend/node_modules/undici-types'.
======== Type reference directive 'node' was successfully resolved to 'F:/ertyu/hotel/food_order_system/backend/node_modules/@types/node/index.d.ts' with Package ID '@types/node/index.d.ts@20.19.41', primary: true. ========
======== Resolving module 'buffer' from 'F:/ertyu/hotel/food_order_system/backend/node_modules/undici-types/fetch.d.ts'. ========
Resolution for module 'buffer' was found in cache from location 'F:/ertyu/hotel/food_order_system/backend/node_modules/undici-types'.
======== Module name 'buffer' was not resolved. ========
======== Resolving module 'url' from 'F:/ertyu/hotel/food_order_system/backend/node_modules/undici-types/fetch.d.ts'. ========
Resolution for module 'url' was found in cache from location 'F:/ertyu/hotel/food_order_system/backend/node_modules/undici-types'.
======== Module name 'url' was not resolved. ========
======== Resolving module 'stream/web' from 'F:/ertyu/hotel/food_order_system/backend/node_modules/undici-types/fetch.d.ts'. ========
Module resolution kind is not specified, using 'Node10'.
Loading module 'stream/web' from 'node_modules' folder, target file types: TypeScript, Declaration.
Searching all ancestor node_modules directories for preferred extensions: TypeScript, Declaration.
Directory 'F:/ertyu/hotel/food_order_system/backend/node_modules/undici-types/node_modules' does not exist, skipping all lookups in it.
Directory 'F:/ertyu/hotel/food_order_system/node_modules' does not exist, skipping all lookups in it.
Directory 'F:/ertyu/hotel/node_modules' does not exist, skipping all lookups in it.
Directory 'F:/ertyu/node_modules' does not exist, skipping all lookups in it.
Directory 'F:/node_modules' does not exist, skipping all lookups in it.
Loading module 'stream/web' from 'node_modules' folder, target file types: JavaScript.
Searching all ancestor node_modules directories for fallback extensions: JavaScript.
Directory 'F:/ertyu/hotel/food_order_system/backend/node_modules/undici-types/node_modules' does not exist, skipping all lookups in it.
Directory 'F:/ertyu/hotel/food_order_system/node_modules' does not exist, skipping all lookups in it.
Directory 'F:/ertyu/hotel/node_modules' does not exist, skipping all lookups in it.
Directory 'F:/ertyu/node_modules' does not exist, skipping all lookups in it.
Directory 'F:/node_modules' does not exist, skipping all lookups in it.
======== Module name 'stream/web' was not resolved. ========
======== Resolving module './formdata' from 'F:/ertyu/hotel/food_order_system/backend/node_modules/undici-types/fetch.d.ts'. ========
Resolution for module './formdata' was found in cache from location 'F:/ertyu/hotel/food_order_system/backend/node_modules/undici-types'.
======== Module name './formdata' was successfully resolved to 'F:/ertyu/hotel/food_order_system/backend/node_modules/undici-types/formdata.d.ts' with Package ID 'undici-types/formdata.d.ts@6.21.0'. ========
======== Resolving module './dispatcher' from 'F:/ertyu/hotel/food_order_system/backend/node_modules/undici-types/fetch.d.ts'. ========
Resolution for module './dispatcher' was found in cache from location 'F:/ertyu/hotel/food_order_system/backend/node_modules/undici-types'.
======== Module name './dispatcher' was successfully resolved to 'F:/ertyu/hotel/food_order_system/backend/node_modules/undici-types/dispatcher.d.ts' with Package ID 'undici-types/dispatcher.d.ts@6.21.0'. ========
File 'F:/ertyu/hotel/food_order_system/backend/node_modules/undici-types/package.json' exists according to earlier cached lookups.
======== Resolving module './header' from 'F:/ertyu/hotel/food_order_system/backend/node_modules/undici-types/errors.d.ts'. ========
Resolution for module './header' was found in cache from location 'F:/ertyu/hotel/food_order_system/backend/node_modules/undici-types'.
======== Module name './header' was successfully resolved to 'F:/ertyu/hotel/food_order_system/backend/node_modules/undici-types/header.d.ts' with Package ID 'undici-types/header.d.ts@6.21.0'. ========
======== Resolving module './client' from 'F:/ertyu/hotel/food_order_system/backend/node_modules/undici-types/errors.d.ts'. ========
Resolution for module './client' was found in cache from location 'F:/ertyu/hotel/food_order_system/backend/node_modules/undici-types'.
======== Module name './client' was successfully resolved to 'F:/ertyu/hotel/food_order_system/backend/node_modules/undici-types/client.d.ts' with Package ID 'undici-types/client.d.ts@6.21.0'. ========
File 'F:/ertyu/hotel/food_order_system/backend/node_modules/undici-types/package.json' exists according to earlier cached lookups.
======== Resolving module 'url' from 'F:/ertyu/hotel/food_order_system/backend/node_modules/undici-types/client.d.ts'. ========
Resolution for module 'url' was found in cache from location 'F:/ertyu/hotel/food_order_system/backend/node_modules/undici-types'.
======== Module name 'url' was not resolved. ========
======== Resolving module 'tls' from 'F:/ertyu/hotel/food_order_system/backend/node_modules/undici-types/client.d.ts'. ========
Module resolution kind is not specified, using 'Node10'.
Loading module 'tls' from 'node_modules' folder, target file types: TypeScript, Declaration.
Searching all ancestor node_modules directories for preferred extensions: TypeScript, Declaration.
Directory 'F:/ertyu/hotel/food_order_system/backend/node_modules/undici-types/node_modules' does not exist, skipping all lookups in it.
File 'F:/ertyu/hotel/food_order_system/backend/node_modules/tls.ts' does not exist.
File 'F:/ertyu/hotel/food_order_system/backend/node_modules/tls.tsx' does not exist.
File 'F:/ertyu/hotel/food_order_system/backend/node_modules/tls.d.ts' does not exist.
File 'F:/ertyu/hotel/food_order_system/backend/node_modules/@types/tls.d.ts' does not exist.
Directory 'F:/ertyu/hotel/food_order_system/node_modules' does not exist, skipping all lookups in it.
Directory 'F:/ertyu/hotel/node_modules' does not exist, skipping all lookups in it.
Directory 'F:/ertyu/node_modules' does not exist, skipping all lookups in it.
Directory 'F:/node_modules' does not exist, skipping all lookups in it.
Loading module 'tls' from 'node_modules' folder, target file types: JavaScript.
Searching all ancestor node_modules directories for fallback extensions: JavaScript.
Directory 'F:/ertyu/hotel/food_order_system/backend/node_modules/undici-types/node_modules' does not exist, skipping all lookups in it.
File 'F:/ertyu/hotel/food_order_system/backend/node_modules/tls.js' does not exist.
File 'F:/ertyu/hotel/food_order_system/backend/node_modules/tls.jsx' does not exist.
Directory 'F:/ertyu/hotel/food_order_system/node_modules' does not exist, skipping all lookups in it.
Directory 'F:/ertyu/hotel/node_modules' does not exist, skipping all lookups in it.
Directory 'F:/ertyu/node_modules' does not exist, skipping all lookups in it.
Directory 'F:/node_modules' does not exist, skipping all lookups in it.
======== Module name 'tls' was not resolved. ========
======== Resolving module './dispatcher' from 'F:/ertyu/hotel/food_order_system/backend/node_modules/undici-types/client.d.ts'. ========
Resolution for module './dispatcher' was found in cache from location 'F:/ertyu/hotel/food_order_system/backend/node_modules/undici-types'.
======== Module name './dispatcher' was successfully resolved to 'F:/ertyu/hotel/food_order_system/backend/node_modules/undici-types/dispatcher.d.ts' with Package ID 'undici-types/dispatcher.d.ts@6.21.0'. ========
======== Resolving module './connector' from 'F:/ertyu/hotel/food_order_system/backend/node_modules/undici-types/client.d.ts'. ========
Resolution for module './connector' was found in cache from location 'F:/ertyu/hotel/food_order_system/backend/node_modules/undici-types'.
======== Module name './connector' was successfully resolved to 'F:/ertyu/hotel/food_order_system/backend/node_modules/undici-types/connector.d.ts' with Package ID 'undici-types/connector.d.ts@6.21.0'. ========
File 'F:/ertyu/hotel/food_order_system/backend/node_modules/undici-types/package.json' exists according to earlier cached lookups.
======== Resolving module 'tls' from 'F:/ertyu/hotel/food_order_system/backend/node_modules/undici-types/connector.d.ts'. ========
Resolution for module 'tls' was found in cache from location 'F:/ertyu/hotel/food_order_system/backend/node_modules/undici-types'.
======== Module name 'tls' was not resolved. ========
======== Resolving module 'net' from 'F:/ertyu/hotel/food_order_system/backend/node_modules/undici-types/connector.d.ts'. ========
Module resolution kind is not specified, using 'Node10'.
Loading module 'net' from 'node_modules' folder, target file types: TypeScript, Declaration.
Searching all ancestor node_modules directories for preferred extensions: TypeScript, Declaration.
Directory 'F:/ertyu/hotel/food_order_system/backend/node_modules/undici-types/node_modules' does not exist, skipping all lookups in it.
File 'F:/ertyu/hotel/food_order_system/backend/node_modules/net.ts' does not exist.
File 'F:/ertyu/hotel/food_order_system/backend/node_modules/net.tsx' does not exist.
File 'F:/ertyu/hotel/food_order_system/backend/node_modules/net.d.ts' does not exist.
File 'F:/ertyu/hotel/food_order_system/backend/node_modules/@types/net.d.ts' does not exist.
Directory 'F:/ertyu/hotel/food_order_system/node_modules' does not exist, skipping all lookups in it.
Directory 'F:/ertyu/hotel/node_modules' does not exist, skipping all lookups in it.
Directory 'F:/ertyu/node_modules' does not exist, skipping all lookups in it.
Directory 'F:/node_modules' does not exist, skipping all lookups in it.
Loading module 'net' from 'node_modules' folder, target file types: JavaScript.
Searching all ancestor node_modules directories for fallback extensions: JavaScript.
Directory 'F:/ertyu/hotel/food_order_system/backend/node_modules/undici-types/node_modules' does not exist, skipping all lookups in it.
File 'F:/ertyu/hotel/food_order_system/backend/node_modules/net.js' does not exist.
File 'F:/ertyu/hotel/food_order_system/backend/node_modules/net.jsx' does not exist.
Directory 'F:/ertyu/hotel/food_order_system/node_modules' does not exist, skipping all lookups in it.
Directory 'F:/ertyu/hotel/node_modules' does not exist, skipping all lookups in it.
Directory 'F:/ertyu/node_modules' does not exist, skipping all lookups in it.
Directory 'F:/node_modules' does not exist, skipping all lookups in it.
======== Module name 'net' was not resolved. ========
File 'F:/ertyu/hotel/food_order_system/backend/node_modules/undici-types/package.json' exists according to earlier cached lookups.
======== Resolving module './dispatcher' from 'F:/ertyu/hotel/food_order_system/backend/node_modules/undici-types/global-dispatcher.d.ts'. ========
Resolution for module './dispatcher' was found in cache from location 'F:/ertyu/hotel/food_order_system/backend/node_modules/undici-types'.
======== Module name './dispatcher' was successfully resolved to 'F:/ertyu/hotel/food_order_system/backend/node_modules/undici-types/dispatcher.d.ts' with Package ID 'undici-types/dispatcher.d.ts@6.21.0'. ========
File 'F:/ertyu/hotel/food_order_system/backend/node_modules/undici-types/package.json' exists according to earlier cached lookups.
File 'F:/ertyu/hotel/food_order_system/backend/node_modules/undici-types/package.json' exists according to earlier cached lookups.
======== Resolving module './client' from 'F:/ertyu/hotel/food_order_system/backend/node_modules/undici-types/pool.d.ts'. ========
Resolution for module './client' was found in cache from location 'F:/ertyu/hotel/food_order_system/backend/node_modules/undici-types'.
======== Module name './client' was successfully resolved to 'F:/ertyu/hotel/food_order_system/backend/node_modules/undici-types/client.d.ts' with Package ID 'undici-types/client.d.ts@6.21.0'. ========
======== Resolving module './pool-stats' from 'F:/ertyu/hotel/food_order_system/backend/node_modules/undici-types/pool.d.ts'. ========
Module resolution kind is not specified, using 'Node10'.
Loading module as file / folder, candidate module location 'F:/ertyu/hotel/food_order_system/backend/node_modules/undici-types/pool-stats', target file types: TypeScript, Declaration.
File 'F:/ertyu/hotel/food_order_system/backend/node_modules/undici-types/pool-stats.ts' does not exist.
File 'F:/ertyu/hotel/food_order_system/backend/node_modules/undici-types/pool-stats.tsx' does not exist.
File 'F:/ertyu/hotel/food_order_system/backend/node_modules/undici-types/pool-stats.d.ts' exists - use it as a name resolution result.
File 'F:/ertyu/hotel/food_order_system/backend/node_modules/undici-types/package.json' exists according to earlier cached lookups.
======== Module name './pool-stats' was successfully resolved to 'F:/ertyu/hotel/food_order_system/backend/node_modules/undici-types/pool-stats.d.ts' with Package ID 'undici-types/pool-stats.d.ts@6.21.0'. ========
======== Resolving module 'url' from 'F:/ertyu/hotel/food_order_system/backend/node_modules/undici-types/pool.d.ts'. ========
Resolution for module 'url' was found in cache from location 'F:/ertyu/hotel/food_order_system/backend/node_modules/undici-types'.
======== Module name 'url' was not resolved. ========
======== Resolving module './dispatcher' from 'F:/ertyu/hotel/food_order_system/backend/node_modules/undici-types/pool.d.ts'. ========
Resolution for module './dispatcher' was found in cache from location 'F:/ertyu/hotel/food_order_system/backend/node_modules/undici-types'.
======== Module name './dispatcher' was successfully resolved to 'F:/ertyu/hotel/food_order_system/backend/node_modules/undici-types/dispatcher.d.ts' with Package ID 'undici-types/dispatcher.d.ts@6.21.0'. ========
File 'F:/ertyu/hotel/food_order_system/backend/node_modules/undici-types/package.json' exists according to earlier cached lookups.
======== Resolving module './pool' from 'F:/ertyu/hotel/food_order_system/backend/node_modules/undici-types/pool-stats.d.ts'. ========
Resolution for module './pool' was found in cache from location 'F:/ertyu/hotel/food_order_system/backend/node_modules/undici-types'.
======== Module name './pool' was successfully resolved to 'F:/ertyu/hotel/food_order_system/backend/node_modules/undici-types/pool.d.ts' with Package ID 'undici-types/pool.d.ts@6.21.0'. ========
File 'F:/ertyu/hotel/food_order_system/backend/node_modules/undici-types/package.json' exists according to earlier cached lookups.
======== Resolving module './dispatcher' from 'F:/ertyu/hotel/food_order_system/backend/node_modules/undici-types/handlers.d.ts'. ========
Resolution for module './dispatcher' was found in cache from location 'F:/ertyu/hotel/food_order_system/backend/node_modules/undici-types'.
======== Module name './dispatcher' was successfully resolved to 'F:/ertyu/hotel/food_order_system/backend/node_modules/undici-types/dispatcher.d.ts' with Package ID 'undici-types/dispatcher.d.ts@6.21.0'. ========
File 'F:/ertyu/hotel/food_order_system/backend/node_modules/undici-types/package.json' exists according to earlier cached lookups.
======== Resolving module './pool' from 'F:/ertyu/hotel/food_order_system/backend/node_modules/undici-types/balanced-pool.d.ts'. ========
Resolution for module './pool' was found in cache from location 'F:/ertyu/hotel/food_order_system/backend/node_modules/undici-types'.
======== Module name './pool' was successfully resolved to 'F:/ertyu/hotel/food_order_system/backend/node_modules/undici-types/pool.d.ts' with Package ID 'undici-types/pool.d.ts@6.21.0'. ========
======== Resolving module './dispatcher' from 'F:/ertyu/hotel/food_order_system/backend/node_modules/undici-types/balanced-pool.d.ts'. ========
Resolution for module './dispatcher' was found in cache from location 'F:/ertyu/hotel/food_order_system/backend/node_modules/undici-types'.
======== Module name './dispatcher' was successfully resolved to 'F:/ertyu/hotel/food_order_system/backend/node_modules/undici-types/dispatcher.d.ts' with Package ID 'undici-types/dispatcher.d.ts@6.21.0'. ========
======== Resolving module 'url' from 'F:/ertyu/hotel/food_order_system/backend/node_modules/undici-types/balanced-pool.d.ts'. ========
Resolution for module 'url' was found in cache from location 'F:/ertyu/hotel/food_order_system/backend/node_modules/undici-types'.
======== Module name 'url' was not resolved. ========
File 'F:/ertyu/hotel/food_order_system/backend/node_modules/undici-types/package.json' exists according to earlier cached lookups.
======== Resolving module 'url' from 'F:/ertyu/hotel/food_order_system/backend/node_modules/undici-types/agent.d.ts'. ========
Resolution for module 'url' was found in cache from location 'F:/ertyu/hotel/food_order_system/backend/node_modules/undici-types'.
======== Module name 'url' was not resolved. ========
======== Resolving module './pool' from 'F:/ertyu/hotel/food_order_system/backend/node_modules/undici-types/agent.d.ts'. ========
Resolution for module './pool' was found in cache from location 'F:/ertyu/hotel/food_order_system/backend/node_modules/undici-types'.
======== Module name './pool' was successfully resolved to 'F:/ertyu/hotel/food_order_system/backend/node_modules/undici-types/pool.d.ts' with Package ID 'undici-types/pool.d.ts@6.21.0'. ========
======== Resolving module './dispatcher' from 'F:/ertyu/hotel/food_order_system/backend/node_modules/undici-types/agent.d.ts'. ========
Resolution for module './dispatcher' was found in cache from location 'F:/ertyu/hotel/food_order_system/backend/node_modules/undici-types'.
======== Module name './dispatcher' was successfully resolved to 'F:/ertyu/hotel/food_order_system/backend/node_modules/undici-types/dispatcher.d.ts' with Package ID 'undici-types/dispatcher.d.ts@6.21.0'. ========
File 'F:/ertyu/hotel/food_order_system/backend/node_modules/undici-types/package.json' exists according to earlier cached lookups.
======== Resolving module './client' from 'F:/ertyu/hotel/food_order_system/backend/node_modules/undici-types/mock-client.d.ts'. ========
Resolution for module './client' was found in cache from location 'F:/ertyu/hotel/food_order_system/backend/node_modules/undici-types'.
======== Module name './client' was successfully resolved to 'F:/ertyu/hotel/food_order_system/backend/node_modules/undici-types/client.d.ts' with Package ID 'undici-types/client.d.ts@6.21.0'. ========
======== Resolving module './dispatcher' from 'F:/ertyu/hotel/food_order_system/backend/node_modules/undici-types/mock-client.d.ts'. ========
Resolution for module './dispatcher' was found in cache from location 'F:/ertyu/hotel/food_order_system/backend/node_modules/undici-types'.
======== Module name './dispatcher' was successfully resolved to 'F:/ertyu/hotel/food_order_system/backend/node_modules/undici-types/dispatcher.d.ts' with Package ID 'undici-types/dispatcher.d.ts@6.21.0'. ========
======== Resolving module './mock-agent' from 'F:/ertyu/hotel/food_order_system/backend/node_modules/undici-types/mock-client.d.ts'. ========
Resolution for module './mock-agent' was found in cache from location 'F:/ertyu/hotel/food_order_system/backend/node_modules/undici-types'.
======== Module name './mock-agent' was successfully resolved to 'F:/ertyu/hotel/food_order_system/backend/node_modules/undici-types/mock-agent.d.ts' with Package ID 'undici-types/mock-agent.d.ts@6.21.0'. ========
======== Resolving module './mock-interceptor' from 'F:/ertyu/hotel/food_order_system/backend/node_modules/undici-types/mock-client.d.ts'. ========
Resolution for module './mock-interceptor' was found in cache from location 'F:/ertyu/hotel/food_order_system/backend/node_modules/undici-types'.
======== Module name './mock-interceptor' was successfully resolved to 'F:/ertyu/hotel/food_order_system/backend/node_modules/undici-types/mock-interceptor.d.ts' with Package ID 'undici-types/mock-interceptor.d.ts@6.21.0'. ========
File 'F:/ertyu/hotel/food_order_system/backend/node_modules/undici-types/package.json' exists according to earlier cached lookups.
======== Resolving module './agent' from 'F:/ertyu/hotel/food_order_system/backend/node_modules/undici-types/mock-agent.d.ts'. ========
Resolution for module './agent' was found in cache from location 'F:/ertyu/hotel/food_order_system/backend/node_modules/undici-types'.
======== Module name './agent' was successfully resolved to 'F:/ertyu/hotel/food_order_system/backend/node_modules/undici-types/agent.d.ts' with Package ID 'undici-types/agent.d.ts@6.21.0'. ========
======== Resolving module './dispatcher' from 'F:/ertyu/hotel/food_order_system/backend/node_modules/undici-types/mock-agent.d.ts'. ========
Resolution for module './dispatcher' was found in cache from location 'F:/ertyu/hotel/food_order_system/backend/node_modules/undici-types'.
======== Module name './dispatcher' was successfully resolved to 'F:/ertyu/hotel/food_order_system/backend/node_modules/undici-types/dispatcher.d.ts' with Package ID 'undici-types/dispatcher.d.ts@6.21.0'. ========
======== Resolving module './mock-interceptor' from 'F:/ertyu/hotel/food_order_system/backend/node_modules/undici-types/mock-agent.d.ts'. ========
Resolution for module './mock-interceptor' was found in cache from location 'F:/ertyu/hotel/food_order_system/backend/node_modules/undici-types'.
======== Module name './mock-interceptor' was successfully resolved to 'F:/ertyu/hotel/food_order_system/backend/node_modules/undici-types/mock-interceptor.d.ts' with Package ID 'undici-types/mock-interceptor.d.ts@6.21.0'. ========
File 'F:/ertyu/hotel/food_order_system/backend/node_modules/undici-types/package.json' exists according to earlier cached lookups.
======== Resolving module './header' from 'F:/ertyu/hotel/food_order_system/backend/node_modules/undici-types/mock-interceptor.d.ts'. ========
Resolution for module './header' was found in cache from location 'F:/ertyu/hotel/food_order_system/backend/node_modules/undici-types'.
======== Module name './header' was successfully resolved to 'F:/ertyu/hotel/food_order_system/backend/node_modules/undici-types/header.d.ts' with Package ID 'undici-types/header.d.ts@6.21.0'. ========
======== Resolving module './dispatcher' from 'F:/ertyu/hotel/food_order_system/backend/node_modules/undici-types/mock-interceptor.d.ts'. ========
Resolution for module './dispatcher' was found in cache from location 'F:/ertyu/hotel/food_order_system/backend/node_modules/undici-types'.
======== Module name './dispatcher' was successfully resolved to 'F:/ertyu/hotel/food_order_system/backend/node_modules/undici-types/dispatcher.d.ts' with Package ID 'undici-types/dispatcher.d.ts@6.21.0'. ========
======== Resolving module './fetch' from 'F:/ertyu/hotel/food_order_system/backend/node_modules/undici-types/mock-interceptor.d.ts'. ========
Resolution for module './fetch' was found in cache from location 'F:/ertyu/hotel/food_order_system/backend/node_modules/undici-types'.
======== Module name './fetch' was successfully resolved to 'F:/ertyu/hotel/food_order_system/backend/node_modules/undici-types/fetch.d.ts' with Package ID 'undici-types/fetch.d.ts@6.21.0'. ========
File 'F:/ertyu/hotel/food_order_system/backend/node_modules/undici-types/package.json' exists according to earlier cached lookups.
======== Resolving module './pool' from 'F:/ertyu/hotel/food_order_system/backend/node_modules/undici-types/mock-pool.d.ts'. ========
Resolution for module './pool' was found in cache from location 'F:/ertyu/hotel/food_order_system/backend/node_modules/undici-types'.
======== Module name './pool' was successfully resolved to 'F:/ertyu/hotel/food_order_system/backend/node_modules/undici-types/pool.d.ts' with Package ID 'undici-types/pool.d.ts@6.21.0'. ========
======== Resolving module './mock-agent' from 'F:/ertyu/hotel/food_order_system/backend/node_modules/undici-types/mock-pool.d.ts'. ========
Resolution for module './mock-agent' was found in cache from location 'F:/ertyu/hotel/food_order_system/backend/node_modules/undici-types'.
======== Module name './mock-agent' was successfully resolved to 'F:/ertyu/hotel/food_order_system/backend/node_modules/undici-types/mock-agent.d.ts' with Package ID 'undici-types/mock-agent.d.ts@6.21.0'. ========
======== Resolving module './mock-interceptor' from 'F:/ertyu/hotel/food_order_system/backend/node_modules/undici-types/mock-pool.d.ts'. ========
Resolution for module './mock-interceptor' was found in cache from location 'F:/ertyu/hotel/food_order_system/backend/node_modules/undici-types'.
======== Module name './mock-interceptor' was successfully resolved to 'F:/ertyu/hotel/food_order_system/backend/node_modules/undici-types/mock-interceptor.d.ts' with Package ID 'undici-types/mock-interceptor.d.ts@6.21.0'. ========
======== Resolving module './dispatcher' from 'F:/ertyu/hotel/food_order_system/backend/node_modules/undici-types/mock-pool.d.ts'. ========
Resolution for module './dispatcher' was found in cache from location 'F:/ertyu/hotel/food_order_system/backend/node_modules/undici-types'.
======== Module name './dispatcher' was successfully resolved to 'F:/ertyu/hotel/food_order_system/backend/node_modules/undici-types/dispatcher.d.ts' with Package ID 'undici-types/dispatcher.d.ts@6.21.0'. ========
File 'F:/ertyu/hotel/food_order_system/backend/node_modules/undici-types/package.json' exists according to earlier cached lookups.
======== Resolving module './errors' from 'F:/ertyu/hotel/food_order_system/backend/node_modules/undici-types/mock-errors.d.ts'. ========
Resolution for module './errors' was found in cache from location 'F:/ertyu/hotel/food_order_system/backend/node_modules/undici-types'.
======== Module name './errors' was successfully resolved to 'F:/ertyu/hotel/food_order_system/backend/node_modules/undici-types/errors.d.ts' with Package ID 'undici-types/errors.d.ts@6.21.0'. ========
File 'F:/ertyu/hotel/food_order_system/backend/node_modules/undici-types/package.json' exists according to earlier cached lookups.
======== Resolving module './agent' from 'F:/ertyu/hotel/food_order_system/backend/node_modules/undici-types/proxy-agent.d.ts'. ========
Resolution for module './agent' was found in cache from location 'F:/ertyu/hotel/food_order_system/backend/node_modules/undici-types'.
======== Module name './agent' was successfully resolved to 'F:/ertyu/hotel/food_order_system/backend/node_modules/undici-types/agent.d.ts' with Package ID 'undici-types/agent.d.ts@6.21.0'. ========
======== Resolving module './connector' from 'F:/ertyu/hotel/food_order_system/backend/node_modules/undici-types/proxy-agent.d.ts'. ========
Resolution for module './connector' was found in cache from location 'F:/ertyu/hotel/food_order_system/backend/node_modules/undici-types'.
======== Module name './connector' was successfully resolved to 'F:/ertyu/hotel/food_order_system/backend/node_modules/undici-types/connector.d.ts' with Package ID 'undici-types/connector.d.ts@6.21.0'. ========
======== Resolving module './dispatcher' from 'F:/ertyu/hotel/food_order_system/backend/node_modules/undici-types/proxy-agent.d.ts'. ========
Resolution for module './dispatcher' was found in cache from location 'F:/ertyu/hotel/food_order_system/backend/node_modules/undici-types'.
======== Module name './dispatcher' was successfully resolved to 'F:/ertyu/hotel/food_order_system/backend/node_modules/undici-types/dispatcher.d.ts' with Package ID 'undici-types/dispatcher.d.ts@6.21.0'. ========
======== Resolving module './header' from 'F:/ertyu/hotel/food_order_system/backend/node_modules/undici-types/proxy-agent.d.ts'. ========
Resolution for module './header' was found in cache from location 'F:/ertyu/hotel/food_order_system/backend/node_modules/undici-types'.
======== Module name './header' was successfully resolved to 'F:/ertyu/hotel/food_order_system/backend/node_modules/undici-types/header.d.ts' with Package ID 'undici-types/header.d.ts@6.21.0'. ========
File 'F:/ertyu/hotel/food_order_system/backend/node_modules/undici-types/package.json' exists according to earlier cached lookups.
======== Resolving module './agent' from 'F:/ertyu/hotel/food_order_system/backend/node_modules/undici-types/env-http-proxy-agent.d.ts'. ========
Resolution for module './agent' was found in cache from location 'F:/ertyu/hotel/food_order_system/backend/node_modules/undici-types'.
======== Module name './agent' was successfully resolved to 'F:/ertyu/hotel/food_order_system/backend/node_modules/undici-types/agent.d.ts' with Package ID 'undici-types/agent.d.ts@6.21.0'. ========
======== Resolving module './dispatcher' from 'F:/ertyu/hotel/food_order_system/backend/node_modules/undici-types/env-http-proxy-agent.d.ts'. ========
Resolution for module './dispatcher' was found in cache from location 'F:/ertyu/hotel/food_order_system/backend/node_modules/undici-types'.
======== Module name './dispatcher' was successfully resolved to 'F:/ertyu/hotel/food_order_system/backend/node_modules/undici-types/dispatcher.d.ts' with Package ID 'undici-types/dispatcher.d.ts@6.21.0'. ========
File 'F:/ertyu/hotel/food_order_system/backend/node_modules/undici-types/package.json' exists according to earlier cached lookups.
======== Resolving module './dispatcher' from 'F:/ertyu/hotel/food_order_system/backend/node_modules/undici-types/retry-handler.d.ts'. ========
Resolution for module './dispatcher' was found in cache from location 'F:/ertyu/hotel/food_order_system/backend/node_modules/undici-types'.
======== Module name './dispatcher' was successfully resolved to 'F:/ertyu/hotel/food_order_system/backend/node_modules/undici-types/dispatcher.d.ts' with Package ID 'undici-types/dispatcher.d.ts@6.21.0'. ========
File 'F:/ertyu/hotel/food_order_system/backend/node_modules/undici-types/package.json' exists according to earlier cached lookups.
======== Resolving module './dispatcher' from 'F:/ertyu/hotel/food_order_system/backend/node_modules/undici-types/retry-agent.d.ts'. ========
Resolution for module './dispatcher' was found in cache from location 'F:/ertyu/hotel/food_order_system/backend/node_modules/undici-types'.
======== Module name './dispatcher' was successfully resolved to 'F:/ertyu/hotel/food_order_system/backend/node_modules/undici-types/dispatcher.d.ts' with Package ID 'undici-types/dispatcher.d.ts@6.21.0'. ========
======== Resolving module './retry-handler' from 'F:/ertyu/hotel/food_order_system/backend/node_modules/undici-types/retry-agent.d.ts'. ========
Resolution for module './retry-handler' was found in cache from location 'F:/ertyu/hotel/food_order_system/backend/node_modules/undici-types'.
======== Module name './retry-handler' was successfully resolved to 'F:/ertyu/hotel/food_order_system/backend/node_modules/undici-types/retry-handler.d.ts' with Package ID 'undici-types/retry-handler.d.ts@6.21.0'. ========
File 'F:/ertyu/hotel/food_order_system/backend/node_modules/undici-types/package.json' exists according to earlier cached lookups.
======== Resolving module 'url' from 'F:/ertyu/hotel/food_order_system/backend/node_modules/undici-types/api.d.ts'. ========
Resolution for module 'url' was found in cache from location 'F:/ertyu/hotel/food_order_system/backend/node_modules/undici-types'.
======== Module name 'url' was not resolved. ========
======== Resolving module 'stream' from 'F:/ertyu/hotel/food_order_system/backend/node_modules/undici-types/api.d.ts'. ========
Resolution for module 'stream' was found in cache from location 'F:/ertyu/hotel/food_order_system/backend/node_modules/undici-types'.
======== Module name 'stream' was not resolved. ========
======== Resolving module './dispatcher' from 'F:/ertyu/hotel/food_order_system/backend/node_modules/undici-types/api.d.ts'. ========
Resolution for module './dispatcher' was found in cache from location 'F:/ertyu/hotel/food_order_system/backend/node_modules/undici-types'.
======== Module name './dispatcher' was successfully resolved to 'F:/ertyu/hotel/food_order_system/backend/node_modules/undici-types/dispatcher.d.ts' with Package ID 'undici-types/dispatcher.d.ts@6.21.0'. ========
File 'F:/ertyu/hotel/food_order_system/backend/node_modules/undici-types/package.json' exists according to earlier cached lookups.
======== Resolving module './dispatcher' from 'F:/ertyu/hotel/food_order_system/backend/node_modules/undici-types/interceptors.d.ts'. ========
Resolution for module './dispatcher' was found in cache from location 'F:/ertyu/hotel/food_order_system/backend/node_modules/undici-types'.
======== Module name './dispatcher' was successfully resolved to 'F:/ertyu/hotel/food_order_system/backend/node_modules/undici-types/dispatcher.d.ts' with Package ID 'undici-types/dispatcher.d.ts@6.21.0'. ========
======== Resolving module './retry-handler' from 'F:/ertyu/hotel/food_order_system/backend/node_modules/undici-types/interceptors.d.ts'. ========
Resolution for module './retry-handler' was found in cache from location 'F:/ertyu/hotel/food_order_system/backend/node_modules/undici-types'.
======== Module name './retry-handler' was successfully resolved to 'F:/ertyu/hotel/food_order_system/backend/node_modules/undici-types/retry-handler.d.ts' with Package ID 'undici-types/retry-handler.d.ts@6.21.0'. ========
File 'F:/ertyu/hotel/food_order_system/backend/node_modules/undici-types/package.json' exists according to earlier cached lookups.
File 'F:/ertyu/hotel/food_order_system/backend/node_modules/undici-types/package.json' exists according to earlier cached lookups.
======== Resolving type reference directive 'node', containing file 'F:/ertyu/hotel/food_order_system/backend/node_modules/undici-types/cookies.d.ts'. ========
Resolution for type reference directive 'node' was found in cache from location 'F:/ertyu/hotel/food_order_system/backend/node_modules/undici-types'.
======== Type reference directive 'node' was successfully resolved to 'F:/ertyu/hotel/food_order_system/backend/node_modules/@types/node/index.d.ts' with Package ID '@types/node/index.d.ts@20.19.41', primary: true. ========
======== Resolving module './fetch' from 'F:/ertyu/hotel/food_order_system/backend/node_modules/undici-types/cookies.d.ts'. ========
Resolution for module './fetch' was found in cache from location 'F:/ertyu/hotel/food_order_system/backend/node_modules/undici-types'.
======== Module name './fetch' was successfully resolved to 'F:/ertyu/hotel/food_order_system/backend/node_modules/undici-types/fetch.d.ts' with Package ID 'undici-types/fetch.d.ts@6.21.0'. ========
File 'F:/ertyu/hotel/food_order_system/backend/node_modules/undici-types/package.json' exists according to earlier cached lookups.
======== Resolving module './websocket' from 'F:/ertyu/hotel/food_order_system/backend/node_modules/undici-types/eventsource.d.ts'. ========
Resolution for module './websocket' was found in cache from location 'F:/ertyu/hotel/food_order_system/backend/node_modules/undici-types'.
======== Module name './websocket' was successfully resolved to 'F:/ertyu/hotel/food_order_system/backend/node_modules/undici-types/websocket.d.ts' with Package ID 'undici-types/websocket.d.ts@6.21.0'. ========
======== Resolving module './dispatcher' from 'F:/ertyu/hotel/food_order_system/backend/node_modules/undici-types/eventsource.d.ts'. ========
Resolution for module './dispatcher' was found in cache from location 'F:/ertyu/hotel/food_order_system/backend/node_modules/undici-types'.
======== Module name './dispatcher' was successfully resolved to 'F:/ertyu/hotel/food_order_system/backend/node_modules/undici-types/dispatcher.d.ts' with Package ID 'undici-types/dispatcher.d.ts@6.21.0'. ========
======== Resolving module './patch' from 'F:/ertyu/hotel/food_order_system/backend/node_modules/undici-types/eventsource.d.ts'. ========
Module resolution kind is not specified, using 'Node10'.
Loading module as file / folder, candidate module location 'F:/ertyu/hotel/food_order_system/backend/node_modules/undici-types/patch', target file types: TypeScript, Declaration.
File 'F:/ertyu/hotel/food_order_system/backend/node_modules/undici-types/patch.ts' does not exist.
File 'F:/ertyu/hotel/food_order_system/backend/node_modules/undici-types/patch.tsx' does not exist.
File 'F:/ertyu/hotel/food_order_system/backend/node_modules/undici-types/patch.d.ts' exists - use it as a name resolution result.
File 'F:/ertyu/hotel/food_order_system/backend/node_modules/undici-types/package.json' exists according to earlier cached lookups.
======== Module name './patch' was successfully resolved to 'F:/ertyu/hotel/food_order_system/backend/node_modules/undici-types/patch.d.ts' with Package ID 'undici-types/patch.d.ts@6.21.0'. ========
File 'F:/ertyu/hotel/food_order_system/backend/node_modules/undici-types/package.json' exists according to earlier cached lookups.
======== Resolving type reference directive 'node', containing file 'F:/ertyu/hotel/food_order_system/backend/node_modules/undici-types/websocket.d.ts'. ========
Resolution for type reference directive 'node' was found in cache from location 'F:/ertyu/hotel/food_order_system/backend/node_modules/undici-types'.
======== Type reference directive 'node' was successfully resolved to 'F:/ertyu/hotel/food_order_system/backend/node_modules/@types/node/index.d.ts' with Package ID '@types/node/index.d.ts@20.19.41', primary: true. ========
======== Resolving module 'buffer' from 'F:/ertyu/hotel/food_order_system/backend/node_modules/undici-types/websocket.d.ts'. ========
Resolution for module 'buffer' was found in cache from location 'F:/ertyu/hotel/food_order_system/backend/node_modules/undici-types'.
======== Module name 'buffer' was not resolved. ========
======== Resolving module 'worker_threads' from 'F:/ertyu/hotel/food_order_system/backend/node_modules/undici-types/websocket.d.ts'. ========
Module resolution kind is not specified, using 'Node10'.
Loading module 'worker_threads' from 'node_modules' folder, target file types: TypeScript, Declaration.
Searching all ancestor node_modules directories for preferred extensions: TypeScript, Declaration.
Directory 'F:/ertyu/hotel/food_order_system/backend/node_modules/undici-types/node_modules' does not exist, skipping all lookups in it.
File 'F:/ertyu/hotel/food_order_system/backend/node_modules/worker_threads.ts' does not exist.
File 'F:/ertyu/hotel/food_order_system/backend/node_modules/worker_threads.tsx' does not exist.
File 'F:/ertyu/hotel/food_order_system/backend/node_modules/worker_threads.d.ts' does not exist.
File 'F:/ertyu/hotel/food_order_system/backend/node_modules/@types/worker_threads.d.ts' does not exist.
Directory 'F:/ertyu/hotel/food_order_system/node_modules' does not exist, skipping all lookups in it.
Directory 'F:/ertyu/hotel/node_modules' does not exist, skipping all lookups in it.
Directory 'F:/ertyu/node_modules' does not exist, skipping all lookups in it.
Directory 'F:/node_modules' does not exist, skipping all lookups in it.
Loading module 'worker_threads' from 'node_modules' folder, target file types: JavaScript.
Searching all ancestor node_modules directories for fallback extensions: JavaScript.
Directory 'F:/ertyu/hotel/food_order_system/backend/node_modules/undici-types/node_modules' does not exist, skipping all lookups in it.
File 'F:/ertyu/hotel/food_order_system/backend/node_modules/worker_threads.js' does not exist.
File 'F:/ertyu/hotel/food_order_system/backend/node_modules/worker_threads.jsx' does not exist.
Directory 'F:/ertyu/hotel/food_order_system/node_modules' does not exist, skipping all lookups in it.
Directory 'F:/ertyu/hotel/node_modules' does not exist, skipping all lookups in it.
Directory 'F:/ertyu/node_modules' does not exist, skipping all lookups in it.
Directory 'F:/node_modules' does not exist, skipping all lookups in it.
======== Module name 'worker_threads' was not resolved. ========
======== Resolving module './patch' from 'F:/ertyu/hotel/food_order_system/backend/node_modules/undici-types/websocket.d.ts'. ========
Resolution for module './patch' was found in cache from location 'F:/ertyu/hotel/food_order_system/backend/node_modules/undici-types'.
======== Module name './patch' was successfully resolved to 'F:/ertyu/hotel/food_order_system/backend/node_modules/undici-types/patch.d.ts' with Package ID 'undici-types/patch.d.ts@6.21.0'. ========
======== Resolving module './dispatcher' from 'F:/ertyu/hotel/food_order_system/backend/node_modules/undici-types/websocket.d.ts'. ========
Resolution for module './dispatcher' was found in cache from location 'F:/ertyu/hotel/food_order_system/backend/node_modules/undici-types'.
======== Module name './dispatcher' was successfully resolved to 'F:/ertyu/hotel/food_order_system/backend/node_modules/undici-types/dispatcher.d.ts' with Package ID 'undici-types/dispatcher.d.ts@6.21.0'. ========
======== Resolving module './fetch' from 'F:/ertyu/hotel/food_order_system/backend/node_modules/undici-types/websocket.d.ts'. ========
Resolution for module './fetch' was found in cache from location 'F:/ertyu/hotel/food_order_system/backend/node_modules/undici-types'.
======== Module name './fetch' was successfully resolved to 'F:/ertyu/hotel/food_order_system/backend/node_modules/undici-types/fetch.d.ts' with Package ID 'undici-types/fetch.d.ts@6.21.0'. ========
File 'F:/ertyu/hotel/food_order_system/backend/node_modules/undici-types/package.json' exists according to earlier cached lookups.
======== Resolving type reference directive 'node', containing file 'F:/ertyu/hotel/food_order_system/backend/node_modules/undici-types/patch.d.ts'. ========
Resolution for type reference directive 'node' was found in cache from location 'F:/ertyu/hotel/food_order_system/backend/node_modules/undici-types'.
======== Type reference directive 'node' was successfully resolved to 'F:/ertyu/hotel/food_order_system/backend/node_modules/@types/node/index.d.ts' with Package ID '@types/node/index.d.ts@20.19.41', primary: true. ========
File 'F:/ertyu/hotel/food_order_system/backend/node_modules/undici-types/package.json' exists according to earlier cached lookups.
======== Resolving type reference directive 'node', containing file 'F:/ertyu/hotel/food_order_system/backend/node_modules/undici-types/filereader.d.ts'. ========
Resolution for type reference directive 'node' was found in cache from location 'F:/ertyu/hotel/food_order_system/backend/node_modules/undici-types'.
======== Type reference directive 'node' was successfully resolved to 'F:/ertyu/hotel/food_order_system/backend/node_modules/@types/node/index.d.ts' with Package ID '@types/node/index.d.ts@20.19.41', primary: true. ========
======== Resolving module 'buffer' from 'F:/ertyu/hotel/food_order_system/backend/node_modules/undici-types/filereader.d.ts'. ========
Resolution for module 'buffer' was found in cache from location 'F:/ertyu/hotel/food_order_system/backend/node_modules/undici-types'.
======== Module name 'buffer' was not resolved. ========
======== Resolving module './patch' from 'F:/ertyu/hotel/food_order_system/backend/node_modules/undici-types/filereader.d.ts'. ========
Resolution for module './patch' was found in cache from location 'F:/ertyu/hotel/food_order_system/backend/node_modules/undici-types'.
======== Module name './patch' was successfully resolved to 'F:/ertyu/hotel/food_order_system/backend/node_modules/undici-types/patch.d.ts' with Package ID 'undici-types/patch.d.ts@6.21.0'. ========
File 'F:/ertyu/hotel/food_order_system/backend/node_modules/undici-types/package.json' exists according to earlier cached lookups.
======== Resolving module 'net' from 'F:/ertyu/hotel/food_order_system/backend/node_modules/undici-types/diagnostics-channel.d.ts'. ========
Resolution for module 'net' was found in cache from location 'F:/ertyu/hotel/food_order_system/backend/node_modules/undici-types'.
======== Module name 'net' was not resolved. ========
======== Resolving module 'url' from 'F:/ertyu/hotel/food_order_system/backend/node_modules/undici-types/diagnostics-channel.d.ts'. ========
Resolution for module 'url' was found in cache from location 'F:/ertyu/hotel/food_order_system/backend/node_modules/undici-types'.
======== Module name 'url' was not resolved. ========
======== Resolving module './connector' from 'F:/ertyu/hotel/food_order_system/backend/node_modules/undici-types/diagnostics-channel.d.ts'. ========
Resolution for module './connector' was found in cache from location 'F:/ertyu/hotel/food_order_system/backend/node_modules/undici-types'.
======== Module name './connector' was successfully resolved to 'F:/ertyu/hotel/food_order_system/backend/node_modules/undici-types/connector.d.ts' with Package ID 'undici-types/connector.d.ts@6.21.0'. ========
======== Resolving module './dispatcher' from 'F:/ertyu/hotel/food_order_system/backend/node_modules/undici-types/diagnostics-channel.d.ts'. ========
Resolution for module './dispatcher' was found in cache from location 'F:/ertyu/hotel/food_order_system/backend/node_modules/undici-types'.
======== Module name './dispatcher' was successfully resolved to 'F:/ertyu/hotel/food_order_system/backend/node_modules/undici-types/dispatcher.d.ts' with Package ID 'undici-types/dispatcher.d.ts@6.21.0'. ========
File 'F:/ertyu/hotel/food_order_system/backend/node_modules/undici-types/package.json' exists according to earlier cached lookups.
======== Resolving type reference directive 'node', containing file 'F:/ertyu/hotel/food_order_system/backend/node_modules/undici-types/content-type.d.ts'. ========
Resolution for type reference directive 'node' was found in cache from location 'F:/ertyu/hotel/food_order_system/backend/node_modules/undici-types'.
======== Type reference directive 'node' was successfully resolved to 'F:/ertyu/hotel/food_order_system/backend/node_modules/@types/node/index.d.ts' with Package ID '@types/node/index.d.ts@20.19.41', primary: true. ========
File 'F:/ertyu/hotel/food_order_system/backend/node_modules/undici-types/package.json' exists according to earlier cached lookups.
======== Resolving module './fetch' from 'F:/ertyu/hotel/food_order_system/backend/node_modules/undici-types/cache.d.ts'. ========
Resolution for module './fetch' was found in cache from location 'F:/ertyu/hotel/food_order_system/backend/node_modules/undici-types'.
======== Module name './fetch' was successfully resolved to 'F:/ertyu/hotel/food_order_system/backend/node_modules/undici-types/fetch.d.ts' with Package ID 'undici-types/fetch.d.ts@6.21.0'. ========
File 'F:/ertyu/hotel/food_order_system/backend/node_modules/@types/node/package.json' exists according to earlier cached lookups.
Module 'assert' was resolved as locally declared ambient module in file 'F:/ertyu/hotel/food_order_system/backend/node_modules/@types/node/assert.d.ts'.
File 'F:/ertyu/hotel/food_order_system/backend/node_modules/@types/node/assert/package.json' does not exist.
File 'F:/ertyu/hotel/food_order_system/backend/node_modules/@types/node/package.json' exists according to earlier cached lookups.
======== Resolving module 'node:assert' from 'F:/ertyu/hotel/food_order_system/backend/node_modules/@types/node/assert/strict.d.ts'. ========
Module resolution kind is not specified, using 'Node10'.
Skipping module 'node:assert' that looks like an absolute URI, target file types: TypeScript, Declaration.
Skipping module 'node:assert' that looks like an absolute URI, target file types: JavaScript.
======== Module name 'node:assert' was not resolved. ========
File 'F:/ertyu/hotel/food_order_system/backend/node_modules/@types/node/package.json' exists according to earlier cached lookups.
Module 'async_hooks' was resolved as locally declared ambient module in file 'F:/ertyu/hotel/food_order_system/backend/node_modules/@types/node/async_hooks.d.ts'.
File 'F:/ertyu/hotel/food_order_system/backend/node_modules/@types/node/package.json' exists according to earlier cached lookups.
Module 'buffer' was resolved as locally declared ambient module in file 'F:/ertyu/hotel/food_order_system/backend/node_modules/@types/node/buffer.d.ts'.
Module 'buffer' was resolved as locally declared ambient module in file 'F:/ertyu/hotel/food_order_system/backend/node_modules/@types/node/buffer.d.ts'.
Module 'buffer' was resolved as locally declared ambient module in file 'F:/ertyu/hotel/food_order_system/backend/node_modules/@types/node/buffer.d.ts'.
Module 'buffer' was resolved as locally declared ambient module in file 'F:/ertyu/hotel/food_order_system/backend/node_modules/@types/node/buffer.d.ts'.
Module 'buffer' was resolved as locally declared ambient module in file 'F:/ertyu/hotel/food_order_system/backend/node_modules/@types/node/buffer.d.ts'.
======== Resolving module 'node:crypto' from 'F:/ertyu/hotel/food_order_system/backend/node_modules/@types/node/buffer.d.ts'. ========
Module resolution kind is not specified, using 'Node10'.
Skipping module 'node:crypto' that looks like an absolute URI, target file types: TypeScript, Declaration.
Skipping module 'node:crypto' that looks like an absolute URI, target file types: JavaScript.
======== Module name 'node:crypto' was not resolved. ========
======== Resolving module 'node:stream/web' from 'F:/ertyu/hotel/food_order_system/backend/node_modules/@types/node/buffer.d.ts'. ========
Module resolution kind is not specified, using 'Node10'.
Skipping module 'node:stream/web' that looks like an absolute URI, target file types: TypeScript, Declaration.
Skipping module 'node:stream/web' that looks like an absolute URI, target file types: JavaScript.
======== Module name 'node:stream/web' was not resolved. ========
File 'F:/ertyu/hotel/food_order_system/backend/node_modules/@types/node/package.json' exists according to earlier cached lookups.
Module 'child_process' was resolved as locally declared ambient module in file 'F:/ertyu/hotel/food_order_system/backend/node_modules/@types/node/child_process.d.ts'.
======== Resolving module 'node:buffer' from 'F:/ertyu/hotel/food_order_system/backend/node_modules/@types/node/child_process.d.ts'. ========
Module resolution kind is not specified, using 'Node10'.
Skipping module 'node:buffer' that looks like an absolute URI, target file types: TypeScript, Declaration.
Skipping module 'node:buffer' that looks like an absolute URI, target file types: JavaScript.
======== Module name 'node:buffer' was not resolved. ========
======== Resolving module 'node:events' from 'F:/ertyu/hotel/food_order_system/backend/node_modules/@types/node/child_process.d.ts'. ========
Module resolution kind is not specified, using 'Node10'.
Skipping module 'node:events' that looks like an absolute URI, target file types: TypeScript, Declaration.
Skipping module 'node:events' that looks like an absolute URI, target file types: JavaScript.
======== Module name 'node:events' was not resolved. ========
======== Resolving module 'node:dgram' from 'F:/ertyu/hotel/food_order_system/backend/node_modules/@types/node/child_process.d.ts'. ========
Module resolution kind is not specified, using 'Node10'.
Skipping module 'node:dgram' that looks like an absolute URI, target file types: TypeScript, Declaration.
Skipping module 'node:dgram' that looks like an absolute URI, target file types: JavaScript.
======== Module name 'node:dgram' was not resolved. ========
======== Resolving module 'node:net' from 'F:/ertyu/hotel/food_order_system/backend/node_modules/@types/node/child_process.d.ts'. ========
Module resolution kind is not specified, using 'Node10'.
Skipping module 'node:net' that looks like an absolute URI, target file types: TypeScript, Declaration.
Skipping module 'node:net' that looks like an absolute URI, target file types: JavaScript.
======== Module name 'node:net' was not resolved. ========
======== Resolving module 'node:stream' from 'F:/ertyu/hotel/food_order_system/backend/node_modules/@types/node/child_process.d.ts'. ========
Module resolution kind is not specified, using 'Node10'.
Skipping module 'node:stream' that looks like an absolute URI, target file types: TypeScript, Declaration.
Skipping module 'node:stream' that looks like an absolute URI, target file types: JavaScript.
======== Module name 'node:stream' was not resolved. ========
======== Resolving module 'node:url' from 'F:/ertyu/hotel/food_order_system/backend/node_modules/@types/node/child_process.d.ts'. ========
Module resolution kind is not specified, using 'Node10'.
Skipping module 'node:url' that looks like an absolute URI, target file types: TypeScript, Declaration.
Skipping module 'node:url' that looks like an absolute URI, target file types: JavaScript.
======== Module name 'node:url' was not resolved. ========
File 'F:/ertyu/hotel/food_order_system/backend/node_modules/@types/node/package.json' exists according to earlier cached lookups.
Module 'cluster' was resolved as locally declared ambient module in file 'F:/ertyu/hotel/food_order_system/backend/node_modules/@types/node/cluster.d.ts'.
Module 'cluster' was resolved as locally declared ambient module in file 'F:/ertyu/hotel/food_order_system/backend/node_modules/@types/node/cluster.d.ts'.
======== Resolving module 'node:child_process' from 'F:/ertyu/hotel/food_order_system/backend/node_modules/@types/node/cluster.d.ts'. ========
Module resolution kind is not specified, using 'Node10'.
Skipping module 'node:child_process' that looks like an absolute URI, target file types: TypeScript, Declaration.
Skipping module 'node:child_process' that looks like an absolute URI, target file types: JavaScript.
======== Module name 'node:child_process' was not resolved. ========
======== Resolving module 'node:events' from 'F:/ertyu/hotel/food_order_system/backend/node_modules/@types/node/cluster.d.ts'. ========
Resolution for module 'node:events' was found in cache from location 'F:/ertyu/hotel/food_order_system/backend/node_modules/@types/node'.
======== Module name 'node:events' was not resolved. ========
======== Resolving module 'node:net' from 'F:/ertyu/hotel/food_order_system/backend/node_modules/@types/node/cluster.d.ts'. ========
Resolution for module 'node:net' was found in cache from location 'F:/ertyu/hotel/food_order_system/backend/node_modules/@types/node'.
======== Module name 'node:net' was not resolved. ========
File 'F:/ertyu/hotel/food_order_system/backend/node_modules/@types/node/package.json' exists according to earlier cached lookups.
Module 'node:console' was resolved as locally declared ambient module in file 'F:/ertyu/hotel/food_order_system/backend/node_modules/@types/node/console.d.ts'.
======== Resolving module 'node:util' from 'F:/ertyu/hotel/food_order_system/backend/node_modules/@types/node/console.d.ts'. ========
Module resolution kind is not specified, using 'Node10'.
Skipping module 'node:util' that looks like an absolute URI, target file types: TypeScript, Declaration.
Skipping module 'node:util' that looks like an absolute URI, target file types: JavaScript.
======== Module name 'node:util' was not resolved. ========
File 'F:/ertyu/hotel/food_order_system/backend/node_modules/@types/node/package.json' exists according to earlier cached lookups.
Module 'constants' was resolved as locally declared ambient module in file 'F:/ertyu/hotel/food_order_system/backend/node_modules/@types/node/constants.d.ts'.
======== Resolving module 'node:os' from 'F:/ertyu/hotel/food_order_system/backend/node_modules/@types/node/constants.d.ts'. ========
Module resolution kind is not specified, using 'Node10'.
Skipping module 'node:os' that looks like an absolute URI, target file types: TypeScript, Declaration.
Skipping module 'node:os' that looks like an absolute URI, target file types: JavaScript.
======== Module name 'node:os' was not resolved. ========
======== Resolving module 'node:fs' from 'F:/ertyu/hotel/food_order_system/backend/node_modules/@types/node/constants.d.ts'. ========
Module resolution kind is not specified, using 'Node10'.
Skipping module 'node:fs' that looks like an absolute URI, target file types: TypeScript, Declaration.
Skipping module 'node:fs' that looks like an absolute URI, target file types: JavaScript.
======== Module name 'node:fs' was not resolved. ========
======== Resolving module 'node:crypto' from 'F:/ertyu/hotel/food_order_system/backend/node_modules/@types/node/constants.d.ts'. ========
Resolution for module 'node:crypto' was found in cache from location 'F:/ertyu/hotel/food_order_system/backend/node_modules/@types/node'.
======== Module name 'node:crypto' was not resolved. ========
File 'F:/ertyu/hotel/food_order_system/backend/node_modules/@types/node/package.json' exists according to earlier cached lookups.
Module 'crypto' was resolved as locally declared ambient module in file 'F:/ertyu/hotel/food_order_system/backend/node_modules/@types/node/crypto.d.ts'.
======== Resolving module 'node:buffer' from 'F:/ertyu/hotel/food_order_system/backend/node_modules/@types/node/crypto.d.ts'. ========
Resolution for module 'node:buffer' was found in cache from location 'F:/ertyu/hotel/food_order_system/backend/node_modules/@types/node'.
======== Module name 'node:buffer' was not resolved. ========
======== Resolving module 'node:stream' from 'F:/ertyu/hotel/food_order_system/backend/node_modules/@types/node/crypto.d.ts'. ========
Resolution for module 'node:stream' was found in cache from location 'F:/ertyu/hotel/food_order_system/backend/node_modules/@types/node'.
======== Module name 'node:stream' was not resolved. ========
======== Resolving module 'node:tls' from 'F:/ertyu/hotel/food_order_system/backend/node_modules/@types/node/crypto.d.ts'. ========
Module resolution kind is not specified, using 'Node10'.
Skipping module 'node:tls' that looks like an absolute URI, target file types: TypeScript, Declaration.
Skipping module 'node:tls' that looks like an absolute URI, target file types: JavaScript.
======== Module name 'node:tls' was not resolved. ========
File 'F:/ertyu/hotel/food_order_system/backend/node_modules/@types/node/package.json' exists according to earlier cached lookups.
Module 'dgram' was resolved as locally declared ambient module in file 'F:/ertyu/hotel/food_order_system/backend/node_modules/@types/node/dgram.d.ts'.
======== Resolving module 'node:buffer' from 'F:/ertyu/hotel/food_order_system/backend/node_modules/@types/node/dgram.d.ts'. ========
Resolution for module 'node:buffer' was found in cache from location 'F:/ertyu/hotel/food_order_system/backend/node_modules/@types/node'.
======== Module name 'node:buffer' was not resolved. ========
======== Resolving module 'node:net' from 'F:/ertyu/hotel/food_order_system/backend/node_modules/@types/node/dgram.d.ts'. ========
Resolution for module 'node:net' was found in cache from location 'F:/ertyu/hotel/food_order_system/backend/node_modules/@types/node'.
======== Module name 'node:net' was not resolved. ========
======== Resolving module 'node:dns' from 'F:/ertyu/hotel/food_order_system/backend/node_modules/@types/node/dgram.d.ts'. ========
Module resolution kind is not specified, using 'Node10'.
Skipping module 'node:dns' that looks like an absolute URI, target file types: TypeScript, Declaration.
Skipping module 'node:dns' that looks like an absolute URI, target file types: JavaScript.
======== Module name 'node:dns' was not resolved. ========
======== Resolving module 'node:events' from 'F:/ertyu/hotel/food_order_system/backend/node_modules/@types/node/dgram.d.ts'. ========
Resolution for module 'node:events' was found in cache from location 'F:/ertyu/hotel/food_order_system/backend/node_modules/@types/node'.
======== Module name 'node:events' was not resolved. ========
File 'F:/ertyu/hotel/food_order_system/backend/node_modules/@types/node/package.json' exists according to earlier cached lookups.
Module 'diagnostics_channel' was resolved as locally declared ambient module in file 'F:/ertyu/hotel/food_order_system/backend/node_modules/@types/node/diagnostics_channel.d.ts'.
======== Resolving module 'node:async_hooks' from 'F:/ertyu/hotel/food_order_system/backend/node_modules/@types/node/diagnostics_channel.d.ts'. ========
Module resolution kind is not specified, using 'Node10'.
Skipping module 'node:async_hooks' that looks like an absolute URI, target file types: TypeScript, Declaration.
Skipping module 'node:async_hooks' that looks like an absolute URI, target file types: JavaScript.
======== Module name 'node:async_hooks' was not resolved. ========
File 'F:/ertyu/hotel/food_order_system/backend/node_modules/@types/node/package.json' exists according to earlier cached lookups.
Module 'dns' was resolved as locally declared ambient module in file 'F:/ertyu/hotel/food_order_system/backend/node_modules/@types/node/dns.d.ts'.
======== Resolving module 'node:dns/promises' from 'F:/ertyu/hotel/food_order_system/backend/node_modules/@types/node/dns.d.ts'. ========
Module resolution kind is not specified, using 'Node10'.
Skipping module 'node:dns/promises' that looks like an absolute URI, target file types: TypeScript, Declaration.
Skipping module 'node:dns/promises' that looks like an absolute URI, target file types: JavaScript.
======== Module name 'node:dns/promises' was not resolved. ========
File 'F:/ertyu/hotel/food_order_system/backend/node_modules/@types/node/dns/package.json' does not exist.
File 'F:/ertyu/hotel/food_order_system/backend/node_modules/@types/node/package.json' exists according to earlier cached lookups.
Module 'dns/promises' was resolved as locally declared ambient module in file 'F:/ertyu/hotel/food_order_system/backend/node_modules/@types/node/dns/promises.d.ts'.
======== Resolving module 'node:dns' from 'F:/ertyu/hotel/food_order_system/backend/node_modules/@types/node/dns/promises.d.ts'. ========
Module resolution kind is not specified, using 'Node10'.
Skipping module 'node:dns' that looks like an absolute URI, target file types: TypeScript, Declaration.
Skipping module 'node:dns' that looks like an absolute URI, target file types: JavaScript.
======== Module name 'node:dns' was not resolved. ========
File 'F:/ertyu/hotel/food_order_system/backend/node_modules/@types/node/package.json' exists according to earlier cached lookups.
Module 'domain' was resolved as locally declared ambient module in file 'F:/ertyu/hotel/food_order_system/backend/node_modules/@types/node/domain.d.ts'.
======== Resolving module 'node:events' from 'F:/ertyu/hotel/food_order_system/backend/node_modules/@types/node/domain.d.ts'. ========
Resolution for module 'node:events' was found in cache from location 'F:/ertyu/hotel/food_order_system/backend/node_modules/@types/node'.
======== Module name 'node:events' was not resolved. ========
File 'F:/ertyu/hotel/food_order_system/backend/node_modules/@types/node/package.json' exists according to earlier cached lookups.
Module 'node:events' was resolved as locally declared ambient module in file 'F:/ertyu/hotel/food_order_system/backend/node_modules/@types/node/events.d.ts'.
Module 'events' was resolved as locally declared ambient module in file 'F:/ertyu/hotel/food_order_system/backend/node_modules/@types/node/events.d.ts'.
======== Resolving module 'node:async_hooks' from 'F:/ertyu/hotel/food_order_system/backend/node_modules/@types/node/events.d.ts'. ========
Resolution for module 'node:async_hooks' was found in cache from location 'F:/ertyu/hotel/food_order_system/backend/node_modules/@types/node'.
======== Module name 'node:async_hooks' was not resolved. ========
File 'F:/ertyu/hotel/food_order_system/backend/node_modules/@types/node/package.json' exists according to earlier cached lookups.
Module 'fs' was resolved as locally declared ambient module in file 'F:/ertyu/hotel/food_order_system/backend/node_modules/@types/node/fs.d.ts'.
======== Resolving module 'node:buffer' from 'F:/ertyu/hotel/food_order_system/backend/node_modules/@types/node/fs.d.ts'. ========
Resolution for module 'node:buffer' was found in cache from location 'F:/ertyu/hotel/food_order_system/backend/node_modules/@types/node'.
======== Module name 'node:buffer' was not resolved. ========
======== Resolving module 'node:stream' from 'F:/ertyu/hotel/food_order_system/backend/node_modules/@types/node/fs.d.ts'. ========
Resolution for module 'node:stream' was found in cache from location 'F:/ertyu/hotel/food_order_system/backend/node_modules/@types/node'.
======== Module name 'node:stream' was not resolved. ========
======== Resolving module 'node:events' from 'F:/ertyu/hotel/food_order_system/backend/node_modules/@types/node/fs.d.ts'. ========
Resolution for module 'node:events' was found in cache from location 'F:/ertyu/hotel/food_order_system/backend/node_modules/@types/node'.
======== Module name 'node:events' was not resolved. ========
======== Resolving module 'node:url' from 'F:/ertyu/hotel/food_order_system/backend/node_modules/@types/node/fs.d.ts'. ========
Resolution for module 'node:url' was found in cache from location 'F:/ertyu/hotel/food_order_system/backend/node_modules/@types/node'.
======== Module name 'node:url' was not resolved. ========
======== Resolving module 'node:fs/promises' from 'F:/ertyu/hotel/food_order_system/backend/node_modules/@types/node/fs.d.ts'. ========
Module resolution kind is not specified, using 'Node10'.
Skipping module 'node:fs/promises' that looks like an absolute URI, target file types: TypeScript, Declaration.
Skipping module 'node:fs/promises' that looks like an absolute URI, target file types: JavaScript.
======== Module name 'node:fs/promises' was not resolved. ========
File 'F:/ertyu/hotel/food_order_system/backend/node_modules/@types/node/fs/package.json' does not exist.
File 'F:/ertyu/hotel/food_order_system/backend/node_modules/@types/node/package.json' exists according to earlier cached lookups.
Module 'fs/promises' was resolved as locally declared ambient module in file 'F:/ertyu/hotel/food_order_system/backend/node_modules/@types/node/fs/promises.d.ts'.
======== Resolving module 'node:buffer' from 'F:/ertyu/hotel/food_order_system/backend/node_modules/@types/node/fs/promises.d.ts'. ========
Module resolution kind is not specified, using 'Node10'.
Skipping module 'node:buffer' that looks like an absolute URI, target file types: TypeScript, Declaration.
Skipping module 'node:buffer' that looks like an absolute URI, target file types: JavaScript.
======== Module name 'node:buffer' was not resolved. ========
======== Resolving module 'node:events' from 'F:/ertyu/hotel/food_order_system/backend/node_modules/@types/node/fs/promises.d.ts'. ========
Module resolution kind is not specified, using 'Node10'.
Skipping module 'node:events' that looks like an absolute URI, target file types: TypeScript, Declaration.
Skipping module 'node:events' that looks like an absolute URI, target file types: JavaScript.
======== Module name 'node:events' was not resolved. ========
======== Resolving module 'node:stream' from 'F:/ertyu/hotel/food_order_system/backend/node_modules/@types/node/fs/promises.d.ts'. ========
Module resolution kind is not specified, using 'Node10'.
Skipping module 'node:stream' that looks like an absolute URI, target file types: TypeScript, Declaration.
Skipping module 'node:stream' that looks like an absolute URI, target file types: JavaScript.
======== Module name 'node:stream' was not resolved. ========
======== Resolving module 'node:stream/web' from 'F:/ertyu/hotel/food_order_system/backend/node_modules/@types/node/fs/promises.d.ts'. ========
Module resolution kind is not specified, using 'Node10'.
Skipping module 'node:stream/web' that looks like an absolute URI, target file types: TypeScript, Declaration.
Skipping module 'node:stream/web' that looks like an absolute URI, target file types: JavaScript.
======== Module name 'node:stream/web' was not resolved. ========
======== Resolving module 'node:fs' from 'F:/ertyu/hotel/food_order_system/backend/node_modules/@types/node/fs/promises.d.ts'. ========
Module resolution kind is not specified, using 'Node10'.
Skipping module 'node:fs' that looks like an absolute URI, target file types: TypeScript, Declaration.
Skipping module 'node:fs' that looks like an absolute URI, target file types: JavaScript.
======== Module name 'node:fs' was not resolved. ========
======== Resolving module 'node:readline' from 'F:/ertyu/hotel/food_order_system/backend/node_modules/@types/node/fs/promises.d.ts'. ========
Module resolution kind is not specified, using 'Node10'.
Skipping module 'node:readline' that looks like an absolute URI, target file types: TypeScript, Declaration.
Skipping module 'node:readline' that looks like an absolute URI, target file types: JavaScript.
======== Module name 'node:readline' was not resolved. ========
File 'F:/ertyu/hotel/food_order_system/backend/node_modules/@types/node/package.json' exists according to earlier cached lookups.
Module 'http' was resolved as locally declared ambient module in file 'F:/ertyu/hotel/food_order_system/backend/node_modules/@types/node/http.d.ts'.
======== Resolving module 'node:buffer' from 'F:/ertyu/hotel/food_order_system/backend/node_modules/@types/node/http.d.ts'. ========
Resolution for module 'node:buffer' was found in cache from location 'F:/ertyu/hotel/food_order_system/backend/node_modules/@types/node'.
======== Module name 'node:buffer' was not resolved. ========
======== Resolving module 'node:stream' from 'F:/ertyu/hotel/food_order_system/backend/node_modules/@types/node/http.d.ts'. ========
Resolution for module 'node:stream' was found in cache from location 'F:/ertyu/hotel/food_order_system/backend/node_modules/@types/node'.
======== Module name 'node:stream' was not resolved. ========
======== Resolving module 'node:url' from 'F:/ertyu/hotel/food_order_system/backend/node_modules/@types/node/http.d.ts'. ========
Resolution for module 'node:url' was found in cache from location 'F:/ertyu/hotel/food_order_system/backend/node_modules/@types/node'.
======== Module name 'node:url' was not resolved. ========
======== Resolving module 'node:dns' from 'F:/ertyu/hotel/food_order_system/backend/node_modules/@types/node/http.d.ts'. ========
Resolution for module 'node:dns' was found in cache from location 'F:/ertyu/hotel/food_order_system/backend/node_modules/@types/node'.
======== Module name 'node:dns' was not resolved. ========
======== Resolving module 'node:events' from 'F:/ertyu/hotel/food_order_system/backend/node_modules/@types/node/http.d.ts'. ========
Resolution for module 'node:events' was found in cache from location 'F:/ertyu/hotel/food_order_system/backend/node_modules/@types/node'.
======== Module name 'node:events' was not resolved. ========
======== Resolving module 'node:net' from 'F:/ertyu/hotel/food_order_system/backend/node_modules/@types/node/http.d.ts'. ========
Resolution for module 'node:net' was found in cache from location 'F:/ertyu/hotel/food_order_system/backend/node_modules/@types/node'.
======== Module name 'node:net' was not resolved. ========
File 'F:/ertyu/hotel/food_order_system/backend/node_modules/@types/node/package.json' exists according to earlier cached lookups.
Module 'http2' was resolved as locally declared ambient module in file 'F:/ertyu/hotel/food_order_system/backend/node_modules/@types/node/http2.d.ts'.
======== Resolving module 'node:buffer' from 'F:/ertyu/hotel/food_order_system/backend/node_modules/@types/node/http2.d.ts'. ========
Resolution for module 'node:buffer' was found in cache from location 'F:/ertyu/hotel/food_order_system/backend/node_modules/@types/node'.
======== Module name 'node:buffer' was not resolved. ========
======== Resolving module 'node:events' from 'F:/ertyu/hotel/food_order_system/backend/node_modules/@types/node/http2.d.ts'. ========
Resolution for module 'node:events' was found in cache from location 'F:/ertyu/hotel/food_order_system/backend/node_modules/@types/node'.
======== Module name 'node:events' was not resolved. ========
======== Resolving module 'node:fs' from 'F:/ertyu/hotel/food_order_system/backend/node_modules/@types/node/http2.d.ts'. ========
Resolution for module 'node:fs' was found in cache from location 'F:/ertyu/hotel/food_order_system/backend/node_modules/@types/node'.
======== Module name 'node:fs' was not resolved. ========
======== Resolving module 'node:net' from 'F:/ertyu/hotel/food_order_system/backend/node_modules/@types/node/http2.d.ts'. ========
Resolution for module 'node:net' was found in cache from location 'F:/ertyu/hotel/food_order_system/backend/node_modules/@types/node'.
======== Module name 'node:net' was not resolved. ========
======== Resolving module 'node:stream' from 'F:/ertyu/hotel/food_order_system/backend/node_modules/@types/node/http2.d.ts'. ========
Resolution for module 'node:stream' was found in cache from location 'F:/ertyu/hotel/food_order_system/backend/node_modules/@types/node'.
======== Module name 'node:stream' was not resolved. ========
======== Resolving module 'node:tls' from 'F:/ertyu/hotel/food_order_system/backend/node_modules/@types/node/http2.d.ts'. ========
Resolution for module 'node:tls' was found in cache from location 'F:/ertyu/hotel/food_order_system/backend/node_modules/@types/node'.
======== Module name 'node:tls' was not resolved. ========
======== Resolving module 'node:url' from 'F:/ertyu/hotel/food_order_system/backend/node_modules/@types/node/http2.d.ts'. ========
Resolution for module 'node:url' was found in cache from location 'F:/ertyu/hotel/food_order_system/backend/node_modules/@types/node'.
======== Module name 'node:url' was not resolved. ========
======== Resolving module 'node:http' from 'F:/ertyu/hotel/food_order_system/backend/node_modules/@types/node/http2.d.ts'. ========
Module resolution kind is not specified, using 'Node10'.
Skipping module 'node:http' that looks like an absolute URI, target file types: TypeScript, Declaration.
Skipping module 'node:http' that looks like an absolute URI, target file types: JavaScript.
======== Module name 'node:http' was not resolved. ========
File 'F:/ertyu/hotel/food_order_system/backend/node_modules/@types/node/package.json' exists according to earlier cached lookups.
Module 'https' was resolved as locally declared ambient module in file 'F:/ertyu/hotel/food_order_system/backend/node_modules/@types/node/https.d.ts'.
======== Resolving module 'node:buffer' from 'F:/ertyu/hotel/food_order_system/backend/node_modules/@types/node/https.d.ts'. ========
Resolution for module 'node:buffer' was found in cache from location 'F:/ertyu/hotel/food_order_system/backend/node_modules/@types/node'.
======== Module name 'node:buffer' was not resolved. ========
======== Resolving module 'node:stream' from 'F:/ertyu/hotel/food_order_system/backend/node_modules/@types/node/https.d.ts'. ========
Resolution for module 'node:stream' was found in cache from location 'F:/ertyu/hotel/food_order_system/backend/node_modules/@types/node'.
======== Module name 'node:stream' was not resolved. ========
======== Resolving module 'node:tls' from 'F:/ertyu/hotel/food_order_system/backend/node_modules/@types/node/https.d.ts'. ========
Resolution for module 'node:tls' was found in cache from location 'F:/ertyu/hotel/food_order_system/backend/node_modules/@types/node'.
======== Module name 'node:tls' was not resolved. ========
======== Resolving module 'node:http' from 'F:/ertyu/hotel/food_order_system/backend/node_modules/@types/node/https.d.ts'. ========
Resolution for module 'node:http' was found in cache from location 'F:/ertyu/hotel/food_order_system/backend/node_modules/@types/node'.
======== Module name 'node:http' was not resolved. ========
======== Resolving module 'node:url' from 'F:/ertyu/hotel/food_order_system/backend/node_modules/@types/node/https.d.ts'. ========
Resolution for module 'node:url' was found in cache from location 'F:/ertyu/hotel/food_order_system/backend/node_modules/@types/node'.
======== Module name 'node:url' was not resolved. ========
File 'F:/ertyu/hotel/food_order_system/backend/node_modules/@types/node/package.json' exists according to earlier cached lookups.
Module 'inspector' was resolved as locally declared ambient module in file 'F:/ertyu/hotel/food_order_system/backend/node_modules/@types/node/inspector.generated.d.ts'.
Module 'inspector' was resolved as locally declared ambient module in file 'F:/ertyu/hotel/food_order_system/backend/node_modules/@types/node/inspector.generated.d.ts'.
Module 'inspector/promises' was resolved as locally declared ambient module in file 'F:/ertyu/hotel/food_order_system/backend/node_modules/@types/node/inspector.generated.d.ts'.
======== Resolving module 'node:events' from 'F:/ertyu/hotel/food_order_system/backend/node_modules/@types/node/inspector.generated.d.ts'. ========
Resolution for module 'node:events' was found in cache from location 'F:/ertyu/hotel/food_order_system/backend/node_modules/@types/node'.
======== Module name 'node:events' was not resolved. ========
File 'F:/ertyu/hotel/food_order_system/backend/node_modules/@types/node/package.json' exists according to earlier cached lookups.
Module 'module' was resolved as locally declared ambient module in file 'F:/ertyu/hotel/food_order_system/backend/node_modules/@types/node/module.d.ts'.
======== Resolving module 'node:url' from 'F:/ertyu/hotel/food_order_system/backend/node_modules/@types/node/module.d.ts'. ========
Resolution for module 'node:url' was found in cache from location 'F:/ertyu/hotel/food_order_system/backend/node_modules/@types/node'.
======== Module name 'node:url' was not resolved. ========
======== Resolving module 'node:worker_threads' from 'F:/ertyu/hotel/food_order_system/backend/node_modules/@types/node/module.d.ts'. ========
Module resolution kind is not specified, using 'Node10'.
Skipping module 'node:worker_threads' that looks like an absolute URI, target file types: TypeScript, Declaration.
Skipping module 'node:worker_threads' that looks like an absolute URI, target file types: JavaScript.
======== Module name 'node:worker_threads' was not resolved. ========
File 'F:/ertyu/hotel/food_order_system/backend/node_modules/@types/node/package.json' exists according to earlier cached lookups.
Module 'net' was resolved as locally declared ambient module in file 'F:/ertyu/hotel/food_order_system/backend/node_modules/@types/node/net.d.ts'.
======== Resolving module 'node:buffer' from 'F:/ertyu/hotel/food_order_system/backend/node_modules/@types/node/net.d.ts'. ========
Resolution for module 'node:buffer' was found in cache from location 'F:/ertyu/hotel/food_order_system/backend/node_modules/@types/node'.
======== Module name 'node:buffer' was not resolved. ========
======== Resolving module 'node:stream' from 'F:/ertyu/hotel/food_order_system/backend/node_modules/@types/node/net.d.ts'. ========
Resolution for module 'node:stream' was found in cache from location 'F:/ertyu/hotel/food_order_system/backend/node_modules/@types/node'.
======== Module name 'node:stream' was not resolved. ========
======== Resolving module 'node:events' from 'F:/ertyu/hotel/food_order_system/backend/node_modules/@types/node/net.d.ts'. ========
Resolution for module 'node:events' was found in cache from location 'F:/ertyu/hotel/food_order_system/backend/node_modules/@types/node'.
======== Module name 'node:events' was not resolved. ========
======== Resolving module 'node:dns' from 'F:/ertyu/hotel/food_order_system/backend/node_modules/@types/node/net.d.ts'. ========
Resolution for module 'node:dns' was found in cache from location 'F:/ertyu/hotel/food_order_system/backend/node_modules/@types/node'.
======== Module name 'node:dns' was not resolved. ========
File 'F:/ertyu/hotel/food_order_system/backend/node_modules/@types/node/package.json' exists according to earlier cached lookups.
Module 'os' was resolved as locally declared ambient module in file 'F:/ertyu/hotel/food_order_system/backend/node_modules/@types/node/os.d.ts'.
======== Resolving module 'buffer' from 'F:/ertyu/hotel/food_order_system/backend/node_modules/@types/node/os.d.ts'. ========
Module resolution kind is not specified, using 'Node10'.
Loading module 'buffer' from 'node_modules' folder, target file types: TypeScript, Declaration.
Searching all ancestor node_modules directories for preferred extensions: TypeScript, Declaration.
Directory 'F:/ertyu/hotel/food_order_system/backend/node_modules/@types/node/node_modules' does not exist, skipping all lookups in it.
Directory 'F:/ertyu/hotel/food_order_system/backend/node_modules/@types/node_modules' does not exist, skipping all lookups in it.
Resolution for module 'buffer' was found in cache from location 'F:/ertyu/hotel/food_order_system/backend'.
======== Module name 'buffer' was not resolved. ========
File 'F:/ertyu/hotel/food_order_system/backend/node_modules/@types/node/package.json' exists according to earlier cached lookups.
Module 'path' was resolved as locally declared ambient module in file 'F:/ertyu/hotel/food_order_system/backend/node_modules/@types/node/path.d.ts'.
Module 'path' was resolved as locally declared ambient module in file 'F:/ertyu/hotel/food_order_system/backend/node_modules/@types/node/path.d.ts'.
Module 'path' was resolved as locally declared ambient module in file 'F:/ertyu/hotel/food_order_system/backend/node_modules/@types/node/path.d.ts'.
Module 'path/posix' was resolved as locally declared ambient module in file 'F:/ertyu/hotel/food_order_system/backend/node_modules/@types/node/path.d.ts'.
Module 'path/win32' was resolved as locally declared ambient module in file 'F:/ertyu/hotel/food_order_system/backend/node_modules/@types/node/path.d.ts'.
File 'F:/ertyu/hotel/food_order_system/backend/node_modules/@types/node/package.json' exists according to earlier cached lookups.
Module 'perf_hooks' was resolved as locally declared ambient module in file 'F:/ertyu/hotel/food_order_system/backend/node_modules/@types/node/perf_hooks.d.ts'.
Module 'perf_hooks' was resolved as locally declared ambient module in file 'F:/ertyu/hotel/food_order_system/backend/node_modules/@types/node/perf_hooks.d.ts'.
======== Resolving module 'node:async_hooks' from 'F:/ertyu/hotel/food_order_system/backend/node_modules/@types/node/perf_hooks.d.ts'. ========
Resolution for module 'node:async_hooks' was found in cache from location 'F:/ertyu/hotel/food_order_system/backend/node_modules/@types/node'.
======== Module name 'node:async_hooks' was not resolved. ========
File 'F:/ertyu/hotel/food_order_system/backend/node_modules/@types/node/package.json' exists according to earlier cached lookups.
Module 'process' was resolved as locally declared ambient module in file 'F:/ertyu/hotel/food_order_system/backend/node_modules/@types/node/process.d.ts'.
Module 'process' was resolved as locally declared ambient module in file 'F:/ertyu/hotel/food_order_system/backend/node_modules/@types/node/process.d.ts'.
Module 'node:process' was resolved as locally declared ambient module in file 'F:/ertyu/hotel/food_order_system/backend/node_modules/@types/node/process.d.ts'.
======== Resolving module 'node:child_process' from 'F:/ertyu/hotel/food_order_system/backend/node_modules/@types/node/process.d.ts'. ========
Resolution for module 'node:child_process' was found in cache from location 'F:/ertyu/hotel/food_order_system/backend/node_modules/@types/node'.
======== Module name 'node:child_process' was not resolved. ========
======== Resolving module 'node:fs' from 'F:/ertyu/hotel/food_order_system/backend/node_modules/@types/node/process.d.ts'. ========
Resolution for module 'node:fs' was found in cache from location 'F:/ertyu/hotel/food_order_system/backend/node_modules/@types/node'.
======== Module name 'node:fs' was not resolved. ========
======== Resolving module 'node:tty' from 'F:/ertyu/hotel/food_order_system/backend/node_modules/@types/node/process.d.ts'. ========
Module resolution kind is not specified, using 'Node10'.
Skipping module 'node:tty' that looks like an absolute URI, target file types: TypeScript, Declaration.
Skipping module 'node:tty' that looks like an absolute URI, target file types: JavaScript.
======== Module name 'node:tty' was not resolved. ========
======== Resolving module 'node:worker_threads' from 'F:/ertyu/hotel/food_order_system/backend/node_modules/@types/node/process.d.ts'. ========
Resolution for module 'node:worker_threads' was found in cache from location 'F:/ertyu/hotel/food_order_system/backend/node_modules/@types/node'.
======== Module name 'node:worker_threads' was not resolved. ========
======== Resolving module 'assert' from 'F:/ertyu/hotel/food_order_system/backend/node_modules/@types/node/process.d.ts'. ========
Module resolution kind is not specified, using 'Node10'.
Loading module 'assert' from 'node_modules' folder, target file types: TypeScript, Declaration.
Searching all ancestor node_modules directories for preferred extensions: TypeScript, Declaration.
Directory 'F:/ertyu/hotel/food_order_system/backend/node_modules/@types/node/node_modules' does not exist, skipping all lookups in it.
Directory 'F:/ertyu/hotel/food_order_system/backend/node_modules/@types/node_modules' does not exist, skipping all lookups in it.
File 'F:/ertyu/hotel/food_order_system/backend/node_modules/assert.ts' does not exist.
File 'F:/ertyu/hotel/food_order_system/backend/node_modules/assert.tsx' does not exist.
File 'F:/ertyu/hotel/food_order_system/backend/node_modules/assert.d.ts' does not exist.
File 'F:/ertyu/hotel/food_order_system/backend/node_modules/@types/assert.d.ts' does not exist.
Directory 'F:/ertyu/hotel/food_order_system/node_modules' does not exist, skipping all lookups in it.
Directory 'F:/ertyu/hotel/node_modules' does not exist, skipping all lookups in it.
Directory 'F:/ertyu/node_modules' does not exist, skipping all lookups in it.
Directory 'F:/node_modules' does not exist, skipping all lookups in it.
Loading module 'assert' from 'node_modules' folder, target file types: JavaScript.
Searching all ancestor node_modules directories for fallback extensions: JavaScript.
Directory 'F:/ertyu/hotel/food_order_system/backend/node_modules/@types/node/node_modules' does not exist, skipping all lookups in it.
Directory 'F:/ertyu/hotel/food_order_system/backend/node_modules/@types/node_modules' does not exist, skipping all lookups in it.
File 'F:/ertyu/hotel/food_order_system/backend/node_modules/assert.js' does not exist.
File 'F:/ertyu/hotel/food_order_system/backend/node_modules/assert.jsx' does not exist.
Directory 'F:/ertyu/hotel/food_order_system/node_modules' does not exist, skipping all lookups in it.
Directory 'F:/ertyu/hotel/node_modules' does not exist, skipping all lookups in it.
Directory 'F:/ertyu/node_modules' does not exist, skipping all lookups in it.
Directory 'F:/node_modules' does not exist, skipping all lookups in it.
======== Module name 'assert' was not resolved. ========
======== Resolving module 'node:assert' from 'F:/ertyu/hotel/food_order_system/backend/node_modules/@types/node/process.d.ts'. ========
Module resolution kind is not specified, using 'Node10'.
Skipping module 'node:assert' that looks like an absolute URI, target file types: TypeScript, Declaration.
Skipping module 'node:assert' that looks like an absolute URI, target file types: JavaScript.
======== Module name 'node:assert' was not resolved. ========
======== Resolving module 'assert/strict' from 'F:/ertyu/hotel/food_order_system/backend/node_modules/@types/node/process.d.ts'. ========
Module resolution kind is not specified, using 'Node10'.
Loading module 'assert/strict' from 'node_modules' folder, target file types: TypeScript, Declaration.
Searching all ancestor node_modules directories for preferred extensions: TypeScript, Declaration.
Directory 'F:/ertyu/hotel/food_order_system/backend/node_modules/@types/node/node_modules' does not exist, skipping all lookups in it.
Directory 'F:/ertyu/hotel/food_order_system/backend/node_modules/@types/node_modules' does not exist, skipping all lookups in it.
Directory 'F:/ertyu/hotel/food_order_system/node_modules' does not exist, skipping all lookups in it.
Directory 'F:/ertyu/hotel/node_modules' does not exist, skipping all lookups in it.
Directory 'F:/ertyu/node_modules' does not exist, skipping all lookups in it.
Directory 'F:/node_modules' does not exist, skipping all lookups in it.
Loading module 'assert/strict' from 'node_modules' folder, target file types: JavaScript.
Searching all ancestor node_modules directories for fallback extensions: JavaScript.
Directory 'F:/ertyu/hotel/food_order_system/backend/node_modules/@types/node/node_modules' does not exist, skipping all lookups in it.
Directory 'F:/ertyu/hotel/food_order_system/backend/node_modules/@types/node_modules' does not exist, skipping all lookups in it.
Directory 'F:/ertyu/hotel/food_order_system/node_modules' does not exist, skipping all lookups in it.
Directory 'F:/ertyu/hotel/node_modules' does not exist, skipping all lookups in it.
Directory 'F:/ertyu/node_modules' does not exist, skipping all lookups in it.
Directory 'F:/node_modules' does not exist, skipping all lookups in it.
======== Module name 'assert/strict' was not resolved. ========
======== Resolving module 'node:assert/strict' from 'F:/ertyu/hotel/food_order_system/backend/node_modules/@types/node/process.d.ts'. ========
Module resolution kind is not specified, using 'Node10'.
Skipping module 'node:assert/strict' that looks like an absolute URI, target file types: TypeScript, Declaration.
Skipping module 'node:assert/strict' that looks like an absolute URI, target file types: JavaScript.
======== Module name 'node:assert/strict' was not resolved. ========
======== Resolving module 'async_hooks' from 'F:/ertyu/hotel/food_order_system/backend/node_modules/@types/node/process.d.ts'. ========
Module resolution kind is not specified, using 'Node10'.
Loading module 'async_hooks' from 'node_modules' folder, target file types: TypeScript, Declaration.
Searching all ancestor node_modules directories for preferred extensions: TypeScript, Declaration.
Directory 'F:/ertyu/hotel/food_order_system/backend/node_modules/@types/node/node_modules' does not exist, skipping all lookups in it.
Directory 'F:/ertyu/hotel/food_order_system/backend/node_modules/@types/node_modules' does not exist, skipping all lookups in it.
File 'F:/ertyu/hotel/food_order_system/backend/node_modules/async_hooks.ts' does not exist.
File 'F:/ertyu/hotel/food_order_system/backend/node_modules/async_hooks.tsx' does not exist.
File 'F:/ertyu/hotel/food_order_system/backend/node_modules/async_hooks.d.ts' does not exist.
File 'F:/ertyu/hotel/food_order_system/backend/node_modules/@types/async_hooks.d.ts' does not exist.
Directory 'F:/ertyu/hotel/food_order_system/node_modules' does not exist, skipping all lookups in it.
Directory 'F:/ertyu/hotel/node_modules' does not exist, skipping all lookups in it.
Directory 'F:/ertyu/node_modules' does not exist, skipping all lookups in it.
Directory 'F:/node_modules' does not exist, skipping all lookups in it.
Loading module 'async_hooks' from 'node_modules' folder, target file types: JavaScript.
Searching all ancestor node_modules directories for fallback extensions: JavaScript.
Directory 'F:/ertyu/hotel/food_order_system/backend/node_modules/@types/node/node_modules' does not exist, skipping all lookups in it.
Directory 'F:/ertyu/hotel/food_order_system/backend/node_modules/@types/node_modules' does not exist, skipping all lookups in it.
File 'F:/ertyu/hotel/food_order_system/backend/node_modules/async_hooks.js' does not exist.
File 'F:/ertyu/hotel/food_order_system/backend/node_modules/async_hooks.jsx' does not exist.
Directory 'F:/ertyu/hotel/food_order_system/node_modules' does not exist, skipping all lookups in it.
Directory 'F:/ertyu/hotel/node_modules' does not exist, skipping all lookups in it.
Directory 'F:/ertyu/node_modules' does not exist, skipping all lookups in it.
Directory 'F:/node_modules' does not exist, skipping all lookups in it.
======== Module name 'async_hooks' was not resolved. ========
======== Resolving module 'node:async_hooks' from 'F:/ertyu/hotel/food_order_system/backend/node_modules/@types/node/process.d.ts'. ========
Resolution for module 'node:async_hooks' was found in cache from location 'F:/ertyu/hotel/food_order_system/backend/node_modules/@types/node'.
======== Module name 'node:async_hooks' was not resolved. ========
======== Resolving module 'buffer' from 'F:/ertyu/hotel/food_order_system/backend/node_modules/@types/node/process.d.ts'. ========
Resolution for module 'buffer' was found in cache from location 'F:/ertyu/hotel/food_order_system/backend/node_modules/@types/node'.
======== Module name 'buffer' was not resolved. ========
======== Resolving module 'node:buffer' from 'F:/ertyu/hotel/food_order_system/backend/node_modules/@types/node/process.d.ts'. ========
Resolution for module 'node:buffer' was found in cache from location 'F:/ertyu/hotel/food_order_system/backend/node_modules/@types/node'.
======== Module name 'node:buffer' was not resolved. ========
======== Resolving module 'child_process' from 'F:/ertyu/hotel/food_order_system/backend/node_modules/@types/node/process.d.ts'. ========
Module resolution kind is not specified, using 'Node10'.
Loading module 'child_process' from 'node_modules' folder, target file types: TypeScript, Declaration.
Searching all ancestor node_modules directories for preferred extensions: TypeScript, Declaration.
Directory 'F:/ertyu/hotel/food_order_system/backend/node_modules/@types/node/node_modules' does not exist, skipping all lookups in it.
Directory 'F:/ertyu/hotel/food_order_system/backend/node_modules/@types/node_modules' does not exist, skipping all lookups in it.
File 'F:/ertyu/hotel/food_order_system/backend/node_modules/child_process.ts' does not exist.
File 'F:/ertyu/hotel/food_order_system/backend/node_modules/child_process.tsx' does not exist.
File 'F:/ertyu/hotel/food_order_system/backend/node_modules/child_process.d.ts' does not exist.
File 'F:/ertyu/hotel/food_order_system/backend/node_modules/@types/child_process.d.ts' does not exist.
Directory 'F:/ertyu/hotel/food_order_system/node_modules' does not exist, skipping all lookups in it.
Directory 'F:/ertyu/hotel/node_modules' does not exist, skipping all lookups in it.
Directory 'F:/ertyu/node_modules' does not exist, skipping all lookups in it.
Directory 'F:/node_modules' does not exist, skipping all lookups in it.
Loading module 'child_process' from 'node_modules' folder, target file types: JavaScript.
Searching all ancestor node_modules directories for fallback extensions: JavaScript.
Directory 'F:/ertyu/hotel/food_order_system/backend/node_modules/@types/node/node_modules' does not exist, skipping all lookups in it.
Directory 'F:/ertyu/hotel/food_order_system/backend/node_modules/@types/node_modules' does not exist, skipping all lookups in it.
File 'F:/ertyu/hotel/food_order_system/backend/node_modules/child_process.js' does not exist.
File 'F:/ertyu/hotel/food_order_system/backend/node_modules/child_process.jsx' does not exist.
Directory 'F:/ertyu/hotel/food_order_system/node_modules' does not exist, skipping all lookups in it.
Directory 'F:/ertyu/hotel/node_modules' does not exist, skipping all lookups in it.
Directory 'F:/ertyu/node_modules' does not exist, skipping all lookups in it.
Directory 'F:/node_modules' does not exist, skipping all lookups in it.
======== Module name 'child_process' was not resolved. ========
======== Resolving module 'cluster' from 'F:/ertyu/hotel/food_order_system/backend/node_modules/@types/node/process.d.ts'. ========
Module resolution kind is not specified, using 'Node10'.
Loading module 'cluster' from 'node_modules' folder, target file types: TypeScript, Declaration.
Searching all ancestor node_modules directories for preferred extensions: TypeScript, Declaration.
Directory 'F:/ertyu/hotel/food_order_system/backend/node_modules/@types/node/node_modules' does not exist, skipping all lookups in it.
Directory 'F:/ertyu/hotel/food_order_system/backend/node_modules/@types/node_modules' does not exist, skipping all lookups in it.
File 'F:/ertyu/hotel/food_order_system/backend/node_modules/cluster.ts' does not exist.
File 'F:/ertyu/hotel/food_order_system/backend/node_modules/cluster.tsx' does not exist.
File 'F:/ertyu/hotel/food_order_system/backend/node_modules/cluster.d.ts' does not exist.
File 'F:/ertyu/hotel/food_order_system/backend/node_modules/@types/cluster.d.ts' does not exist.
Directory 'F:/ertyu/hotel/food_order_system/node_modules' does not exist, skipping all lookups in it.
Directory 'F:/ertyu/hotel/node_modules' does not exist, skipping all lookups in it.
Directory 'F:/ertyu/node_modules' does not exist, skipping all lookups in it.
Directory 'F:/node_modules' does not exist, skipping all lookups in it.
Loading module 'cluster' from 'node_modules' folder, target file types: JavaScript.
Searching all ancestor node_modules directories for fallback extensions: JavaScript.
Directory 'F:/ertyu/hotel/food_order_system/backend/node_modules/@types/node/node_modules' does not exist, skipping all lookups in it.
Directory 'F:/ertyu/hotel/food_order_system/backend/node_modules/@types/node_modules' does not exist, skipping all lookups in it.
File 'F:/ertyu/hotel/food_order_system/backend/node_modules/cluster.js' does not exist.
File 'F:/ertyu/hotel/food_order_system/backend/node_modules/cluster.jsx' does not exist.
Directory 'F:/ertyu/hotel/food_order_system/node_modules' does not exist, skipping all lookups in it.
Directory 'F:/ertyu/hotel/node_modules' does not exist, skipping all lookups in it.
Directory 'F:/ertyu/node_modules' does not exist, skipping all lookups in it.
Directory 'F:/node_modules' does not exist, skipping all lookups in it.
======== Module name 'cluster' was not resolved. ========
======== Resolving module 'node:cluster' from 'F:/ertyu/hotel/food_order_system/backend/node_modules/@types/node/process.d.ts'. ========
Module resolution kind is not specified, using 'Node10'.
Skipping module 'node:cluster' that looks like an absolute URI, target file types: TypeScript, Declaration.
Skipping module 'node:cluster' that looks like an absolute URI, target file types: JavaScript.
======== Module name 'node:cluster' was not resolved. ========
======== Resolving module 'console' from 'F:/ertyu/hotel/food_order_system/backend/node_modules/@types/node/process.d.ts'. ========
Module resolution kind is not specified, using 'Node10'.
Loading module 'console' from 'node_modules' folder, target file types: TypeScript, Declaration.
Searching all ancestor node_modules directories for preferred extensions: TypeScript, Declaration.
Directory 'F:/ertyu/hotel/food_order_system/backend/node_modules/@types/node/node_modules' does not exist, skipping all lookups in it.
Directory 'F:/ertyu/hotel/food_order_system/backend/node_modules/@types/node_modules' does not exist, skipping all lookups in it.
File 'F:/ertyu/hotel/food_order_system/backend/node_modules/console.ts' does not exist.
File 'F:/ertyu/hotel/food_order_system/backend/node_modules/console.tsx' does not exist.
File 'F:/ertyu/hotel/food_order_system/backend/node_modules/console.d.ts' does not exist.
File 'F:/ertyu/hotel/food_order_system/backend/node_modules/@types/console.d.ts' does not exist.
Directory 'F:/ertyu/hotel/food_order_system/node_modules' does not exist, skipping all lookups in it.
Directory 'F:/ertyu/hotel/node_modules' does not exist, skipping all lookups in it.
Directory 'F:/ertyu/node_modules' does not exist, skipping all lookups in it.
Directory 'F:/node_modules' does not exist, skipping all lookups in it.
Loading module 'console' from 'node_modules' folder, target file types: JavaScript.
Searching all ancestor node_modules directories for fallback extensions: JavaScript.
Directory 'F:/ertyu/hotel/food_order_system/backend/node_modules/@types/node/node_modules' does not exist, skipping all lookups in it.
Directory 'F:/ertyu/hotel/food_order_system/backend/node_modules/@types/node_modules' does not exist, skipping all lookups in it.
File 'F:/ertyu/hotel/food_order_system/backend/node_modules/console.js' does not exist.
File 'F:/ertyu/hotel/food_order_system/backend/node_modules/console.jsx' does not exist.
Directory 'F:/ertyu/hotel/food_order_system/node_modules' does not exist, skipping all lookups in it.
Directory 'F:/ertyu/hotel/node_modules' does not exist, skipping all lookups in it.
Directory 'F:/ertyu/node_modules' does not exist, skipping all lookups in it.
Directory 'F:/node_modules' does not exist, skipping all lookups in it.
======== Module name 'console' was not resolved. ========
======== Resolving module 'node:console' from 'F:/ertyu/hotel/food_order_system/backend/node_modules/@types/node/process.d.ts'. ========
Module resolution kind is not specified, using 'Node10'.
Skipping module 'node:console' that looks like an absolute URI, target file types: TypeScript, Declaration.
Skipping module 'node:console' that looks like an absolute URI, target file types: JavaScript.
======== Module name 'node:console' was not resolved. ========
======== Resolving module 'constants' from 'F:/ertyu/hotel/food_order_system/backend/node_modules/@types/node/process.d.ts'. ========
Module resolution kind is not specified, using 'Node10'.
Loading module 'constants' from 'node_modules' folder, target file types: TypeScript, Declaration.
Searching all ancestor node_modules directories for preferred extensions: TypeScript, Declaration.
Directory 'F:/ertyu/hotel/food_order_system/backend/node_modules/@types/node/node_modules' does not exist, skipping all lookups in it.
Directory 'F:/ertyu/hotel/food_order_system/backend/node_modules/@types/node_modules' does not exist, skipping all lookups in it.
File 'F:/ertyu/hotel/food_order_system/backend/node_modules/constants.ts' does not exist.
File 'F:/ertyu/hotel/food_order_system/backend/node_modules/constants.tsx' does not exist.
File 'F:/ertyu/hotel/food_order_system/backend/node_modules/constants.d.ts' does not exist.
File 'F:/ertyu/hotel/food_order_system/backend/node_modules/@types/constants.d.ts' does not exist.
Directory 'F:/ertyu/hotel/food_order_system/node_modules' does not exist, skipping all lookups in it.
Directory 'F:/ertyu/hotel/node_modules' does not exist, skipping all lookups in it.
Directory 'F:/ertyu/node_modules' does not exist, skipping all lookups in it.
Directory 'F:/node_modules' does not exist, skipping all lookups in it.
Loading module 'constants' from 'node_modules' folder, target file types: JavaScript.
Searching all ancestor node_modules directories for fallback extensions: JavaScript.
Directory 'F:/ertyu/hotel/food_order_system/backend/node_modules/@types/node/node_modules' does not exist, skipping all lookups in it.
Directory 'F:/ertyu/hotel/food_order_system/backend/node_modules/@types/node_modules' does not exist, skipping all lookups in it.
File 'F:/ertyu/hotel/food_order_system/backend/node_modules/constants.js' does not exist.
File 'F:/ertyu/hotel/food_order_system/backend/node_modules/constants.jsx' does not exist.
Directory 'F:/ertyu/hotel/food_order_system/node_modules' does not exist, skipping all lookups in it.
Directory 'F:/ertyu/hotel/node_modules' does not exist, skipping all lookups in it.
Directory 'F:/ertyu/node_modules' does not exist, skipping all lookups in it.
Directory 'F:/node_modules' does not exist, skipping all lookups in it.
======== Module name 'constants' was not resolved. ========
======== Resolving module 'node:constants' from 'F:/ertyu/hotel/food_order_system/backend/node_modules/@types/node/process.d.ts'. ========
Module resolution kind is not specified, using 'Node10'.
Skipping module 'node:constants' that looks like an absolute URI, target file types: TypeScript, Declaration.
Skipping module 'node:constants' that looks like an absolute URI, target file types: JavaScript.
======== Module name 'node:constants' was not resolved. ========
======== Resolving module 'crypto' from 'F:/ertyu/hotel/food_order_system/backend/node_modules/@types/node/process.d.ts'. ========
Module resolution kind is not specified, using 'Node10'.
Loading module 'crypto' from 'node_modules' folder, target file types: TypeScript, Declaration.
Searching all ancestor node_modules directories for preferred extensions: TypeScript, Declaration.
Directory 'F:/ertyu/hotel/food_order_system/backend/node_modules/@types/node/node_modules' does not exist, skipping all lookups in it.
Directory 'F:/ertyu/hotel/food_order_system/backend/node_modules/@types/node_modules' does not exist, skipping all lookups in it.
File 'F:/ertyu/hotel/food_order_system/backend/node_modules/crypto.ts' does not exist.
File 'F:/ertyu/hotel/food_order_system/backend/node_modules/crypto.tsx' does not exist.
File 'F:/ertyu/hotel/food_order_system/backend/node_modules/crypto.d.ts' does not exist.
File 'F:/ertyu/hotel/food_order_system/backend/node_modules/@types/crypto.d.ts' does not exist.
Directory 'F:/ertyu/hotel/food_order_system/node_modules' does not exist, skipping all lookups in it.
Directory 'F:/ertyu/hotel/node_modules' does not exist, skipping all lookups in it.
Directory 'F:/ertyu/node_modules' does not exist, skipping all lookups in it.
Directory 'F:/node_modules' does not exist, skipping all lookups in it.
Loading module 'crypto' from 'node_modules' folder, target file types: JavaScript.
Searching all ancestor node_modules directories for fallback extensions: JavaScript.
Directory 'F:/ertyu/hotel/food_order_system/backend/node_modules/@types/node/node_modules' does not exist, skipping all lookups in it.
Directory 'F:/ertyu/hotel/food_order_system/backend/node_modules/@types/node_modules' does not exist, skipping all lookups in it.
File 'F:/ertyu/hotel/food_order_system/backend/node_modules/crypto.js' does not exist.
File 'F:/ertyu/hotel/food_order_system/backend/node_modules/crypto.jsx' does not exist.
Directory 'F:/ertyu/hotel/food_order_system/node_modules' does not exist, skipping all lookups in it.
Directory 'F:/ertyu/hotel/node_modules' does not exist, skipping all lookups in it.
Directory 'F:/ertyu/node_modules' does not exist, skipping all lookups in it.
Directory 'F:/node_modules' does not exist, skipping all lookups in it.
======== Module name 'crypto' was not resolved. ========
======== Resolving module 'node:crypto' from 'F:/ertyu/hotel/food_order_system/backend/node_modules/@types/node/process.d.ts'. ========
Resolution for module 'node:crypto' was found in cache from location 'F:/ertyu/hotel/food_order_system/backend/node_modules/@types/node'.
======== Module name 'node:crypto' was not resolved. ========
======== Resolving module 'dgram' from 'F:/ertyu/hotel/food_order_system/backend/node_modules/@types/node/process.d.ts'. ========
Module resolution kind is not specified, using 'Node10'.
Loading module 'dgram' from 'node_modules' folder, target file types: TypeScript, Declaration.
Searching all ancestor node_modules directories for preferred extensions: TypeScript, Declaration.
Directory 'F:/ertyu/hotel/food_order_system/backend/node_modules/@types/node/node_modules' does not exist, skipping all lookups in it.
Directory 'F:/ertyu/hotel/food_order_system/backend/node_modules/@types/node_modules' does not exist, skipping all lookups in it.
File 'F:/ertyu/hotel/food_order_system/backend/node_modules/dgram.ts' does not exist.
File 'F:/ertyu/hotel/food_order_system/backend/node_modules/dgram.tsx' does not exist.
File 'F:/ertyu/hotel/food_order_system/backend/node_modules/dgram.d.ts' does not exist.
File 'F:/ertyu/hotel/food_order_system/backend/node_modules/@types/dgram.d.ts' does not exist.
Directory 'F:/ertyu/hotel/food_order_system/node_modules' does not exist, skipping all lookups in it.
Directory 'F:/ertyu/hotel/node_modules' does not exist, skipping all lookups in it.
Directory 'F:/ertyu/node_modules' does not exist, skipping all lookups in it.
Directory 'F:/node_modules' does not exist, skipping all lookups in it.
Loading module 'dgram' from 'node_modules' folder, target file types: JavaScript.
Searching all ancestor node_modules directories for fallback extensions: JavaScript.
Directory 'F:/ertyu/hotel/food_order_system/backend/node_modules/@types/node/node_modules' does not exist, skipping all lookups in it.
Directory 'F:/ertyu/hotel/food_order_system/backend/node_modules/@types/node_modules' does not exist, skipping all lookups in it.
File 'F:/ertyu/hotel/food_order_system/backend/node_modules/dgram.js' does not exist.
File 'F:/ertyu/hotel/food_order_system/backend/node_modules/dgram.jsx' does not exist.
Directory 'F:/ertyu/hotel/food_order_system/node_modules' does not exist, skipping all lookups in it.
Directory 'F:/ertyu/hotel/node_modules' does not exist, skipping all lookups in it.
Directory 'F:/ertyu/node_modules' does not exist, skipping all lookups in it.
Directory 'F:/node_modules' does not exist, skipping all lookups in it.
======== Module name 'dgram' was not resolved. ========
======== Resolving module 'node:dgram' from 'F:/ertyu/hotel/food_order_system/backend/node_modules/@types/node/process.d.ts'. ========
Resolution for module 'node:dgram' was found in cache from location 'F:/ertyu/hotel/food_order_system/backend/node_modules/@types/node'.
======== Module name 'node:dgram' was not resolved. ========
======== Resolving module 'diagnostics_channel' from 'F:/ertyu/hotel/food_order_system/backend/node_modules/@types/node/process.d.ts'. ========
Module resolution kind is not specified, using 'Node10'.
Loading module 'diagnostics_channel' from 'node_modules' folder, target file types: TypeScript, Declaration.
Searching all ancestor node_modules directories for preferred extensions: TypeScript, Declaration.
Directory 'F:/ertyu/hotel/food_order_system/backend/node_modules/@types/node/node_modules' does not exist, skipping all lookups in it.
Directory 'F:/ertyu/hotel/food_order_system/backend/node_modules/@types/node_modules' does not exist, skipping all lookups in it.
File 'F:/ertyu/hotel/food_order_system/backend/node_modules/diagnostics_channel.ts' does not exist.
File 'F:/ertyu/hotel/food_order_system/backend/node_modules/diagnostics_channel.tsx' does not exist.
File 'F:/ertyu/hotel/food_order_system/backend/node_modules/diagnostics_channel.d.ts' does not exist.
File 'F:/ertyu/hotel/food_order_system/backend/node_modules/@types/diagnostics_channel.d.ts' does not exist.
Directory 'F:/ertyu/hotel/food_order_system/node_modules' does not exist, skipping all lookups in it.
Directory 'F:/ertyu/hotel/node_modules' does not exist, skipping all lookups in it.
Directory 'F:/ertyu/node_modules' does not exist, skipping all lookups in it.
Directory 'F:/node_modules' does not exist, skipping all lookups in it.
Loading module 'diagnostics_channel' from 'node_modules' folder, target file types: JavaScript.
Searching all ancestor node_modules directories for fallback extensions: JavaScript.
Directory 'F:/ertyu/hotel/food_order_system/backend/node_modules/@types/node/node_modules' does not exist, skipping all lookups in it.
Directory 'F:/ertyu/hotel/food_order_system/backend/node_modules/@types/node_modules' does not exist, skipping all lookups in it.
File 'F:/ertyu/hotel/food_order_system/backend/node_modules/diagnostics_channel.js' does not exist.
File 'F:/ertyu/hotel/food_order_system/backend/node_modules/diagnostics_channel.jsx' does not exist.
Directory 'F:/ertyu/hotel/food_order_system/node_modules' does not exist, skipping all lookups in it.
Directory 'F:/ertyu/hotel/node_modules' does not exist, skipping all lookups in it.
Directory 'F:/ertyu/node_modules' does not exist, skipping all lookups in it.
Directory 'F:/node_modules' does not exist, skipping all lookups in it.
======== Module name 'diagnostics_channel' was not resolved. ========
======== Resolving module 'node:diagnostics_channel' from 'F:/ertyu/hotel/food_order_system/backend/node_modules/@types/node/process.d.ts'. ========
Module resolution kind is not specified, using 'Node10'.
Skipping module 'node:diagnostics_channel' that looks like an absolute URI, target file types: TypeScript, Declaration.
Skipping module 'node:diagnostics_channel' that looks like an absolute URI, target file types: JavaScript.
======== Module name 'node:diagnostics_channel' was not resolved. ========
======== Resolving module 'dns' from 'F:/ertyu/hotel/food_order_system/backend/node_modules/@types/node/process.d.ts'. ========
Module resolution kind is not specified, using 'Node10'.
Loading module 'dns' from 'node_modules' folder, target file types: TypeScript, Declaration.
Searching all ancestor node_modules directories for preferred extensions: TypeScript, Declaration.
Directory 'F:/ertyu/hotel/food_order_system/backend/node_modules/@types/node/node_modules' does not exist, skipping all lookups in it.
Directory 'F:/ertyu/hotel/food_order_system/backend/node_modules/@types/node_modules' does not exist, skipping all lookups in it.
File 'F:/ertyu/hotel/food_order_system/backend/node_modules/dns.ts' does not exist.
File 'F:/ertyu/hotel/food_order_system/backend/node_modules/dns.tsx' does not exist.
File 'F:/ertyu/hotel/food_order_system/backend/node_modules/dns.d.ts' does not exist.
File 'F:/ertyu/hotel/food_order_system/backend/node_modules/@types/dns.d.ts' does not exist.
Directory 'F:/ertyu/hotel/food_order_system/node_modules' does not exist, skipping all lookups in it.
Directory 'F:/ertyu/hotel/node_modules' does not exist, skipping all lookups in it.
Directory 'F:/ertyu/node_modules' does not exist, skipping all lookups in it.
Directory 'F:/node_modules' does not exist, skipping all lookups in it.
Loading module 'dns' from 'node_modules' folder, target file types: JavaScript.
Searching all ancestor node_modules directories for fallback extensions: JavaScript.
Directory 'F:/ertyu/hotel/food_order_system/backend/node_modules/@types/node/node_modules' does not exist, skipping all lookups in it.
Directory 'F:/ertyu/hotel/food_order_system/backend/node_modules/@types/node_modules' does not exist, skipping all lookups in it.
File 'F:/ertyu/hotel/food_order_system/backend/node_modules/dns.js' does not exist.
File 'F:/ertyu/hotel/food_order_system/backend/node_modules/dns.jsx' does not exist.
Directory 'F:/ertyu/hotel/food_order_system/node_modules' does not exist, skipping all lookups in it.
Directory 'F:/ertyu/hotel/node_modules' does not exist, skipping all lookups in it.
Directory 'F:/ertyu/node_modules' does not exist, skipping all lookups in it.
Directory 'F:/node_modules' does not exist, skipping all lookups in it.
======== Module name 'dns' was not resolved. ========
======== Resolving module 'node:dns' from 'F:/ertyu/hotel/food_order_system/backend/node_modules/@types/node/process.d.ts'. ========
Resolution for module 'node:dns' was found in cache from location 'F:/ertyu/hotel/food_order_system/backend/node_modules/@types/node'.
======== Module name 'node:dns' was not resolved. ========
======== Resolving module 'dns/promises' from 'F:/ertyu/hotel/food_order_system/backend/node_modules/@types/node/process.d.ts'. ========
Module resolution kind is not specified, using 'Node10'.
Loading module 'dns/promises' from 'node_modules' folder, target file types: TypeScript, Declaration.
Searching all ancestor node_modules directories for preferred extensions: TypeScript, Declaration.
Directory 'F:/ertyu/hotel/food_order_system/backend/node_modules/@types/node/node_modules' does not exist, skipping all lookups in it.
Directory 'F:/ertyu/hotel/food_order_system/backend/node_modules/@types/node_modules' does not exist, skipping all lookups in it.
Directory 'F:/ertyu/hotel/food_order_system/node_modules' does not exist, skipping all lookups in it.
Directory 'F:/ertyu/hotel/node_modules' does not exist, skipping all lookups in it.
Directory 'F:/ertyu/node_modules' does not exist, skipping all lookups in it.
Directory 'F:/node_modules' does not exist, skipping all lookups in it.
Loading module 'dns/promises' from 'node_modules' folder, target file types: JavaScript.
Searching all ancestor node_modules directories for fallback extensions: JavaScript.
Directory 'F:/ertyu/hotel/food_order_system/backend/node_modules/@types/node/node_modules' does not exist, skipping all lookups in it.
Directory 'F:/ertyu/hotel/food_order_system/backend/node_modules/@types/node_modules' does not exist, skipping all lookups in it.
Directory 'F:/ertyu/hotel/food_order_system/node_modules' does not exist, skipping all lookups in it.
Directory 'F:/ertyu/hotel/node_modules' does not exist, skipping all lookups in it.
Directory 'F:/ertyu/node_modules' does not exist, skipping all lookups in it.
Directory 'F:/node_modules' does not exist, skipping all lookups in it.
======== Module name 'dns/promises' was not resolved. ========
======== Resolving module 'node:dns/promises' from 'F:/ertyu/hotel/food_order_system/backend/node_modules/@types/node/process.d.ts'. ========
Resolution for module 'node:dns/promises' was found in cache from location 'F:/ertyu/hotel/food_order_system/backend/node_modules/@types/node'.
======== Module name 'node:dns/promises' was not resolved. ========
======== Resolving module 'domain' from 'F:/ertyu/hotel/food_order_system/backend/node_modules/@types/node/process.d.ts'. ========
Module resolution kind is not specified, using 'Node10'.
Loading module 'domain' from 'node_modules' folder, target file types: TypeScript, Declaration.
Searching all ancestor node_modules directories for preferred extensions: TypeScript, Declaration.
Directory 'F:/ertyu/hotel/food_order_system/backend/node_modules/@types/node/node_modules' does not exist, skipping all lookups in it.
Directory 'F:/ertyu/hotel/food_order_system/backend/node_modules/@types/node_modules' does not exist, skipping all lookups in it.
File 'F:/ertyu/hotel/food_order_system/backend/node_modules/domain.ts' does not exist.
File 'F:/ertyu/hotel/food_order_system/backend/node_modules/domain.tsx' does not exist.
File 'F:/ertyu/hotel/food_order_system/backend/node_modules/domain.d.ts' does not exist.
File 'F:/ertyu/hotel/food_order_system/backend/node_modules/@types/domain.d.ts' does not exist.
Directory 'F:/ertyu/hotel/food_order_system/node_modules' does not exist, skipping all lookups in it.
Directory 'F:/ertyu/hotel/node_modules' does not exist, skipping all lookups in it.
Directory 'F:/ertyu/node_modules' does not exist, skipping all lookups in it.
Directory 'F:/node_modules' does not exist, skipping all lookups in it.
Loading module 'domain' from 'node_modules' folder, target file types: JavaScript.
Searching all ancestor node_modules directories for fallback extensions: JavaScript.
Directory 'F:/ertyu/hotel/food_order_system/backend/node_modules/@types/node/node_modules' does not exist, skipping all lookups in it.
Directory 'F:/ertyu/hotel/food_order_system/backend/node_modules/@types/node_modules' does not exist, skipping all lookups in it.
File 'F:/ertyu/hotel/food_order_system/backend/node_modules/domain.js' does not exist.
File 'F:/ertyu/hotel/food_order_system/backend/node_modules/domain.jsx' does not exist.
Directory 'F:/ertyu/hotel/food_order_system/node_modules' does not exist, skipping all lookups in it.
Directory 'F:/ertyu/hotel/node_modules' does not exist, skipping all lookups in it.
Directory 'F:/ertyu/node_modules' does not exist, skipping all lookups in it.
Directory 'F:/node_modules' does not exist, skipping all lookups in it.
======== Module name 'domain' was not resolved. ========
======== Resolving module 'node:domain' from 'F:/ertyu/hotel/food_order_system/backend/node_modules/@types/node/process.d.ts'. ========
Module resolution kind is not specified, using 'Node10'.
Skipping module 'node:domain' that looks like an absolute URI, target file types: TypeScript, Declaration.
Skipping module 'node:domain' that looks like an absolute URI, target file types: JavaScript.
======== Module name 'node:domain' was not resolved. ========
======== Resolving module 'events' from 'F:/ertyu/hotel/food_order_system/backend/node_modules/@types/node/process.d.ts'. ========
Module resolution kind is not specified, using 'Node10'.
Loading module 'events' from 'node_modules' folder, target file types: TypeScript, Declaration.
Searching all ancestor node_modules directories for preferred extensions: TypeScript, Declaration.
Directory 'F:/ertyu/hotel/food_order_system/backend/node_modules/@types/node/node_modules' does not exist, skipping all lookups in it.
Directory 'F:/ertyu/hotel/food_order_system/backend/node_modules/@types/node_modules' does not exist, skipping all lookups in it.
Resolution for module 'events' was found in cache from location 'F:/ertyu/hotel/food_order_system/backend'.
======== Module name 'events' was not resolved. ========
======== Resolving module 'node:events' from 'F:/ertyu/hotel/food_order_system/backend/node_modules/@types/node/process.d.ts'. ========
Resolution for module 'node:events' was found in cache from location 'F:/ertyu/hotel/food_order_system/backend/node_modules/@types/node'.
======== Module name 'node:events' was not resolved. ========
======== Resolving module 'fs' from 'F:/ertyu/hotel/food_order_system/backend/node_modules/@types/node/process.d.ts'. ========
Module resolution kind is not specified, using 'Node10'.
Loading module 'fs' from 'node_modules' folder, target file types: TypeScript, Declaration.
Searching all ancestor node_modules directories for preferred extensions: TypeScript, Declaration.
Directory 'F:/ertyu/hotel/food_order_system/backend/node_modules/@types/node/node_modules' does not exist, skipping all lookups in it.
Directory 'F:/ertyu/hotel/food_order_system/backend/node_modules/@types/node_modules' does not exist, skipping all lookups in it.
File 'F:/ertyu/hotel/food_order_system/backend/node_modules/fs.ts' does not exist.
File 'F:/ertyu/hotel/food_order_system/backend/node_modules/fs.tsx' does not exist.
File 'F:/ertyu/hotel/food_order_system/backend/node_modules/fs.d.ts' does not exist.
File 'F:/ertyu/hotel/food_order_system/backend/node_modules/@types/fs.d.ts' does not exist.
Directory 'F:/ertyu/hotel/food_order_system/node_modules' does not exist, skipping all lookups in it.
Directory 'F:/ertyu/hotel/node_modules' does not exist, skipping all lookups in it.
Directory 'F:/ertyu/node_modules' does not exist, skipping all lookups in it.
Directory 'F:/node_modules' does not exist, skipping all lookups in it.
Loading module 'fs' from 'node_modules' folder, target file types: JavaScript.
Searching all ancestor node_modules directories for fallback extensions: JavaScript.
Directory 'F:/ertyu/hotel/food_order_system/backend/node_modules/@types/node/node_modules' does not exist, skipping all lookups in it.
Directory 'F:/ertyu/hotel/food_order_system/backend/node_modules/@types/node_modules' does not exist, skipping all lookups in it.
File 'F:/ertyu/hotel/food_order_system/backend/node_modules/fs.js' does not exist.
File 'F:/ertyu/hotel/food_order_system/backend/node_modules/fs.jsx' does not exist.
Directory 'F:/ertyu/hotel/food_order_system/node_modules' does not exist, skipping all lookups in it.
Directory 'F:/ertyu/hotel/node_modules' does not exist, skipping all lookups in it.
Directory 'F:/ertyu/node_modules' does not exist, skipping all lookups in it.
Directory 'F:/node_modules' does not exist, skipping all lookups in it.
======== Module name 'fs' was not resolved. ========
======== Resolving module 'fs/promises' from 'F:/ertyu/hotel/food_order_system/backend/node_modules/@types/node/process.d.ts'. ========
Module resolution kind is not specified, using 'Node10'.
Loading module 'fs/promises' from 'node_modules' folder, target file types: TypeScript, Declaration.
Searching all ancestor node_modules directories for preferred extensions: TypeScript, Declaration.
Directory 'F:/ertyu/hotel/food_order_system/backend/node_modules/@types/node/node_modules' does not exist, skipping all lookups in it.
Directory 'F:/ertyu/hotel/food_order_system/backend/node_modules/@types/node_modules' does not exist, skipping all lookups in it.
Directory 'F:/ertyu/hotel/food_order_system/node_modules' does not exist, skipping all lookups in it.
Directory 'F:/ertyu/hotel/node_modules' does not exist, skipping all lookups in it.
Directory 'F:/ertyu/node_modules' does not exist, skipping all lookups in it.
Directory 'F:/node_modules' does not exist, skipping all lookups in it.
Loading module 'fs/promises' from 'node_modules' folder, target file types: JavaScript.
Searching all ancestor node_modules directories for fallback extensions: JavaScript.
Directory 'F:/ertyu/hotel/food_order_system/backend/node_modules/@types/node/node_modules' does not exist, skipping all lookups in it.
Directory 'F:/ertyu/hotel/food_order_system/backend/node_modules/@types/node_modules' does not exist, skipping all lookups in it.
Directory 'F:/ertyu/hotel/food_order_system/node_modules' does not exist, skipping all lookups in it.
Directory 'F:/ertyu/hotel/node_modules' does not exist, skipping all lookups in it.
Directory 'F:/ertyu/node_modules' does not exist, skipping all lookups in it.
Directory 'F:/node_modules' does not exist, skipping all lookups in it.
======== Module name 'fs/promises' was not resolved. ========
======== Resolving module 'node:fs/promises' from 'F:/ertyu/hotel/food_order_system/backend/node_modules/@types/node/process.d.ts'. ========
Resolution for module 'node:fs/promises' was found in cache from location 'F:/ertyu/hotel/food_order_system/backend/node_modules/@types/node'.
======== Module name 'node:fs/promises' was not resolved. ========
======== Resolving module 'http' from 'F:/ertyu/hotel/food_order_system/backend/node_modules/@types/node/process.d.ts'. ========
Module resolution kind is not specified, using 'Node10'.
Loading module 'http' from 'node_modules' folder, target file types: TypeScript, Declaration.
Searching all ancestor node_modules directories for preferred extensions: TypeScript, Declaration.
Directory 'F:/ertyu/hotel/food_order_system/backend/node_modules/@types/node/node_modules' does not exist, skipping all lookups in it.
Directory 'F:/ertyu/hotel/food_order_system/backend/node_modules/@types/node_modules' does not exist, skipping all lookups in it.
File 'F:/ertyu/hotel/food_order_system/backend/node_modules/http.ts' does not exist.
File 'F:/ertyu/hotel/food_order_system/backend/node_modules/http.tsx' does not exist.
File 'F:/ertyu/hotel/food_order_system/backend/node_modules/http.d.ts' does not exist.
File 'F:/ertyu/hotel/food_order_system/backend/node_modules/@types/http.d.ts' does not exist.
Directory 'F:/ertyu/hotel/food_order_system/node_modules' does not exist, skipping all lookups in it.
Directory 'F:/ertyu/hotel/node_modules' does not exist, skipping all lookups in it.
Directory 'F:/ertyu/node_modules' does not exist, skipping all lookups in it.
Directory 'F:/node_modules' does not exist, skipping all lookups in it.
Loading module 'http' from 'node_modules' folder, target file types: JavaScript.
Searching all ancestor node_modules directories for fallback extensions: JavaScript.
Directory 'F:/ertyu/hotel/food_order_system/backend/node_modules/@types/node/node_modules' does not exist, skipping all lookups in it.
Directory 'F:/ertyu/hotel/food_order_system/backend/node_modules/@types/node_modules' does not exist, skipping all lookups in it.
File 'F:/ertyu/hotel/food_order_system/backend/node_modules/http.js' does not exist.
File 'F:/ertyu/hotel/food_order_system/backend/node_modules/http.jsx' does not exist.
Directory 'F:/ertyu/hotel/food_order_system/node_modules' does not exist, skipping all lookups in it.
Directory 'F:/ertyu/hotel/node_modules' does not exist, skipping all lookups in it.
Directory 'F:/ertyu/node_modules' does not exist, skipping all lookups in it.
Directory 'F:/node_modules' does not exist, skipping all lookups in it.
======== Module name 'http' was not resolved. ========
======== Resolving module 'node:http' from 'F:/ertyu/hotel/food_order_system/backend/node_modules/@types/node/process.d.ts'. ========
Resolution for module 'node:http' was found in cache from location 'F:/ertyu/hotel/food_order_system/backend/node_modules/@types/node'.
======== Module name 'node:http' was not resolved. ========
======== Resolving module 'http2' from 'F:/ertyu/hotel/food_order_system/backend/node_modules/@types/node/process.d.ts'. ========
Module resolution kind is not specified, using 'Node10'.
Loading module 'http2' from 'node_modules' folder, target file types: TypeScript, Declaration.
Searching all ancestor node_modules directories for preferred extensions: TypeScript, Declaration.
Directory 'F:/ertyu/hotel/food_order_system/backend/node_modules/@types/node/node_modules' does not exist, skipping all lookups in it.
Directory 'F:/ertyu/hotel/food_order_system/backend/node_modules/@types/node_modules' does not exist, skipping all lookups in it.
File 'F:/ertyu/hotel/food_order_system/backend/node_modules/http2.ts' does not exist.
File 'F:/ertyu/hotel/food_order_system/backend/node_modules/http2.tsx' does not exist.
File 'F:/ertyu/hotel/food_order_system/backend/node_modules/http2.d.ts' does not exist.
File 'F:/ertyu/hotel/food_order_system/backend/node_modules/@types/http2.d.ts' does not exist.
Directory 'F:/ertyu/hotel/food_order_system/node_modules' does not exist, skipping all lookups in it.
Directory 'F:/ertyu/hotel/node_modules' does not exist, skipping all lookups in it.
Directory 'F:/ertyu/node_modules' does not exist, skipping all lookups in it.
Directory 'F:/node_modules' does not exist, skipping all lookups in it.
Loading module 'http2' from 'node_modules' folder, target file types: JavaScript.
Searching all ancestor node_modules directories for fallback extensions: JavaScript.
Directory 'F:/ertyu/hotel/food_order_system/backend/node_modules/@types/node/node_modules' does not exist, skipping all lookups in it.
Directory 'F:/ertyu/hotel/food_order_system/backend/node_modules/@types/node_modules' does not exist, skipping all lookups in it.
File 'F:/ertyu/hotel/food_order_system/backend/node_modules/http2.js' does not exist.
File 'F:/ertyu/hotel/food_order_system/backend/node_modules/http2.jsx' does not exist.
Directory 'F:/ertyu/hotel/food_order_system/node_modules' does not exist, skipping all lookups in it.
Directory 'F:/ertyu/hotel/node_modules' does not exist, skipping all lookups in it.
Directory 'F:/ertyu/node_modules' does not exist, skipping all lookups in it.
Directory 'F:/node_modules' does not exist, skipping all lookups in it.
======== Module name 'http2' was not resolved. ========
======== Resolving module 'node:http2' from 'F:/ertyu/hotel/food_order_system/backend/node_modules/@types/node/process.d.ts'. ========
Module resolution kind is not specified, using 'Node10'.
Skipping module 'node:http2' that looks like an absolute URI, target file types: TypeScript, Declaration.
Skipping module 'node:http2' that looks like an absolute URI, target file types: JavaScript.
======== Module name 'node:http2' was not resolved. ========
======== Resolving module 'https' from 'F:/ertyu/hotel/food_order_system/backend/node_modules/@types/node/process.d.ts'. ========
Module resolution kind is not specified, using 'Node10'.
Loading module 'https' from 'node_modules' folder, target file types: TypeScript, Declaration.
Searching all ancestor node_modules directories for preferred extensions: TypeScript, Declaration.
Directory 'F:/ertyu/hotel/food_order_system/backend/node_modules/@types/node/node_modules' does not exist, skipping all lookups in it.
Directory 'F:/ertyu/hotel/food_order_system/backend/node_modules/@types/node_modules' does not exist, skipping all lookups in it.
File 'F:/ertyu/hotel/food_order_system/backend/node_modules/https.ts' does not exist.
File 'F:/ertyu/hotel/food_order_system/backend/node_modules/https.tsx' does not exist.
File 'F:/ertyu/hotel/food_order_system/backend/node_modules/https.d.ts' does not exist.
File 'F:/ertyu/hotel/food_order_system/backend/node_modules/@types/https.d.ts' does not exist.
Directory 'F:/ertyu/hotel/food_order_system/node_modules' does not exist, skipping all lookups in it.
Directory 'F:/ertyu/hotel/node_modules' does not exist, skipping all lookups in it.
Directory 'F:/ertyu/node_modules' does not exist, skipping all lookups in it.
Directory 'F:/node_modules' does not exist, skipping all lookups in it.
Loading module 'https' from 'node_modules' folder, target file types: JavaScript.
Searching all ancestor node_modules directories for fallback extensions: JavaScript.
Directory 'F:/ertyu/hotel/food_order_system/backend/node_modules/@types/node/node_modules' does not exist, skipping all lookups in it.
Directory 'F:/ertyu/hotel/food_order_system/backend/node_modules/@types/node_modules' does not exist, skipping all lookups in it.
File 'F:/ertyu/hotel/food_order_system/backend/node_modules/https.js' does not exist.
File 'F:/ertyu/hotel/food_order_system/backend/node_modules/https.jsx' does not exist.
Directory 'F:/ertyu/hotel/food_order_system/node_modules' does not exist, skipping all lookups in it.
Directory 'F:/ertyu/hotel/node_modules' does not exist, skipping all lookups in it.
Directory 'F:/ertyu/node_modules' does not exist, skipping all lookups in it.
Directory 'F:/node_modules' does not exist, skipping all lookups in it.
======== Module name 'https' was not resolved. ========
======== Resolving module 'node:https' from 'F:/ertyu/hotel/food_order_system/backend/node_modules/@types/node/process.d.ts'. ========
Module resolution kind is not specified, using 'Node10'.
Skipping module 'node:https' that looks like an absolute URI, target file types: TypeScript, Declaration.
Skipping module 'node:https' that looks like an absolute URI, target file types: JavaScript.
======== Module name 'node:https' was not resolved. ========
======== Resolving module 'inspector' from 'F:/ertyu/hotel/food_order_system/backend/node_modules/@types/node/process.d.ts'. ========
Module resolution kind is not specified, using 'Node10'.
Loading module 'inspector' from 'node_modules' folder, target file types: TypeScript, Declaration.
Searching all ancestor node_modules directories for preferred extensions: TypeScript, Declaration.
Directory 'F:/ertyu/hotel/food_order_system/backend/node_modules/@types/node/node_modules' does not exist, skipping all lookups in it.
Directory 'F:/ertyu/hotel/food_order_system/backend/node_modules/@types/node_modules' does not exist, skipping all lookups in it.
File 'F:/ertyu/hotel/food_order_system/backend/node_modules/inspector.ts' does not exist.
File 'F:/ertyu/hotel/food_order_system/backend/node_modules/inspector.tsx' does not exist.
File 'F:/ertyu/hotel/food_order_system/backend/node_modules/inspector.d.ts' does not exist.
File 'F:/ertyu/hotel/food_order_system/backend/node_modules/@types/inspector.d.ts' does not exist.
Directory 'F:/ertyu/hotel/food_order_system/node_modules' does not exist, skipping all lookups in it.
Directory 'F:/ertyu/hotel/node_modules' does not exist, skipping all lookups in it.
Directory 'F:/ertyu/node_modules' does not exist, skipping all lookups in it.
Directory 'F:/node_modules' does not exist, skipping all lookups in it.
Loading module 'inspector' from 'node_modules' folder, target file types: JavaScript.
Searching all ancestor node_modules directories for fallback extensions: JavaScript.
Directory 'F:/ertyu/hotel/food_order_system/backend/node_modules/@types/node/node_modules' does not exist, skipping all lookups in it.
Directory 'F:/ertyu/hotel/food_order_system/backend/node_modules/@types/node_modules' does not exist, skipping all lookups in it.
File 'F:/ertyu/hotel/food_order_system/backend/node_modules/inspector.js' does not exist.
File 'F:/ertyu/hotel/food_order_system/backend/node_modules/inspector.jsx' does not exist.
Directory 'F:/ertyu/hotel/food_order_system/node_modules' does not exist, skipping all lookups in it.
Directory 'F:/ertyu/hotel/node_modules' does not exist, skipping all lookups in it.
Directory 'F:/ertyu/node_modules' does not exist, skipping all lookups in it.
Directory 'F:/node_modules' does not exist, skipping all lookups in it.
======== Module name 'inspector' was not resolved. ========
======== Resolving module 'node:inspector' from 'F:/ertyu/hotel/food_order_system/backend/node_modules/@types/node/process.d.ts'. ========
Module resolution kind is not specified, using 'Node10'.
Skipping module 'node:inspector' that looks like an absolute URI, target file types: TypeScript, Declaration.
Skipping module 'node:inspector' that looks like an absolute URI, target file types: JavaScript.
======== Module name 'node:inspector' was not resolved. ========
======== Resolving module 'inspector/promises' from 'F:/ertyu/hotel/food_order_system/backend/node_modules/@types/node/process.d.ts'. ========
Module resolution kind is not specified, using 'Node10'.
Loading module 'inspector/promises' from 'node_modules' folder, target file types: TypeScript, Declaration.
Searching all ancestor node_modules directories for preferred extensions: TypeScript, Declaration.
Directory 'F:/ertyu/hotel/food_order_system/backend/node_modules/@types/node/node_modules' does not exist, skipping all lookups in it.
Directory 'F:/ertyu/hotel/food_order_system/backend/node_modules/@types/node_modules' does not exist, skipping all lookups in it.
Directory 'F:/ertyu/hotel/food_order_system/node_modules' does not exist, skipping all lookups in it.
Directory 'F:/ertyu/hotel/node_modules' does not exist, skipping all lookups in it.
Directory 'F:/ertyu/node_modules' does not exist, skipping all lookups in it.
Directory 'F:/node_modules' does not exist, skipping all lookups in it.
Loading module 'inspector/promises' from 'node_modules' folder, target file types: JavaScript.
Searching all ancestor node_modules directories for fallback extensions: JavaScript.
Directory 'F:/ertyu/hotel/food_order_system/backend/node_modules/@types/node/node_modules' does not exist, skipping all lookups in it.
Directory 'F:/ertyu/hotel/food_order_system/backend/node_modules/@types/node_modules' does not exist, skipping all lookups in it.
Directory 'F:/ertyu/hotel/food_order_system/node_modules' does not exist, skipping all lookups in it.
Directory 'F:/ertyu/hotel/node_modules' does not exist, skipping all lookups in it.
Directory 'F:/ertyu/node_modules' does not exist, skipping all lookups in it.
Directory 'F:/node_modules' does not exist, skipping all lookups in it.
======== Module name 'inspector/promises' was not resolved. ========
======== Resolving module 'node:inspector/promises' from 'F:/ertyu/hotel/food_order_system/backend/node_modules/@types/node/process.d.ts'. ========
Module resolution kind is not specified, using 'Node10'.
Skipping module 'node:inspector/promises' that looks like an absolute URI, target file types: TypeScript, Declaration.
Skipping module 'node:inspector/promises' that looks like an absolute URI, target file types: JavaScript.
======== Module name 'node:inspector/promises' was not resolved. ========
======== Resolving module 'module' from 'F:/ertyu/hotel/food_order_system/backend/node_modules/@types/node/process.d.ts'. ========
Module resolution kind is not specified, using 'Node10'.
Loading module 'module' from 'node_modules' folder, target file types: TypeScript, Declaration.
Searching all ancestor node_modules directories for preferred extensions: TypeScript, Declaration.
Directory 'F:/ertyu/hotel/food_order_system/backend/node_modules/@types/node/node_modules' does not exist, skipping all lookups in it.
Directory 'F:/ertyu/hotel/food_order_system/backend/node_modules/@types/node_modules' does not exist, skipping all lookups in it.
File 'F:/ertyu/hotel/food_order_system/backend/node_modules/module.ts' does not exist.
File 'F:/ertyu/hotel/food_order_system/backend/node_modules/module.tsx' does not exist.
File 'F:/ertyu/hotel/food_order_system/backend/node_modules/module.d.ts' does not exist.
File 'F:/ertyu/hotel/food_order_system/backend/node_modules/@types/module.d.ts' does not exist.
Directory 'F:/ertyu/hotel/food_order_system/node_modules' does not exist, skipping all lookups in it.
Directory 'F:/ertyu/hotel/node_modules' does not exist, skipping all lookups in it.
Directory 'F:/ertyu/node_modules' does not exist, skipping all lookups in it.
Directory 'F:/node_modules' does not exist, skipping all lookups in it.
Loading module 'module' from 'node_modules' folder, target file types: JavaScript.
Searching all ancestor node_modules directories for fallback extensions: JavaScript.
Directory 'F:/ertyu/hotel/food_order_system/backend/node_modules/@types/node/node_modules' does not exist, skipping all lookups in it.
Directory 'F:/ertyu/hotel/food_order_system/backend/node_modules/@types/node_modules' does not exist, skipping all lookups in it.
File 'F:/ertyu/hotel/food_order_system/backend/node_modules/module.js' does not exist.
File 'F:/ertyu/hotel/food_order_system/backend/node_modules/module.jsx' does not exist.
Directory 'F:/ertyu/hotel/food_order_system/node_modules' does not exist, skipping all lookups in it.
Directory 'F:/ertyu/hotel/node_modules' does not exist, skipping all lookups in it.
Directory 'F:/ertyu/node_modules' does not exist, skipping all lookups in it.
Directory 'F:/node_modules' does not exist, skipping all lookups in it.
======== Module name 'module' was not resolved. ========
======== Resolving module 'node:module' from 'F:/ertyu/hotel/food_order_system/backend/node_modules/@types/node/process.d.ts'. ========
Module resolution kind is not specified, using 'Node10'.
Skipping module 'node:module' that looks like an absolute URI, target file types: TypeScript, Declaration.
Skipping module 'node:module' that looks like an absolute URI, target file types: JavaScript.
======== Module name 'node:module' was not resolved. ========
======== Resolving module 'net' from 'F:/ertyu/hotel/food_order_system/backend/node_modules/@types/node/process.d.ts'. ========
Module resolution kind is not specified, using 'Node10'.
Loading module 'net' from 'node_modules' folder, target file types: TypeScript, Declaration.
Searching all ancestor node_modules directories for preferred extensions: TypeScript, Declaration.
Directory 'F:/ertyu/hotel/food_order_system/backend/node_modules/@types/node/node_modules' does not exist, skipping all lookups in it.
Directory 'F:/ertyu/hotel/food_order_system/backend/node_modules/@types/node_modules' does not exist, skipping all lookups in it.
Resolution for module 'net' was found in cache from location 'F:/ertyu/hotel/food_order_system/backend'.
======== Module name 'net' was not resolved. ========
======== Resolving module 'node:net' from 'F:/ertyu/hotel/food_order_system/backend/node_modules/@types/node/process.d.ts'. ========
Resolution for module 'node:net' was found in cache from location 'F:/ertyu/hotel/food_order_system/backend/node_modules/@types/node'.
======== Module name 'node:net' was not resolved. ========
======== Resolving module 'os' from 'F:/ertyu/hotel/food_order_system/backend/node_modules/@types/node/process.d.ts'. ========
Module resolution kind is not specified, using 'Node10'.
Loading module 'os' from 'node_modules' folder, target file types: TypeScript, Declaration.
Searching all ancestor node_modules directories for preferred extensions: TypeScript, Declaration.
Directory 'F:/ertyu/hotel/food_order_system/backend/node_modules/@types/node/node_modules' does not exist, skipping all lookups in it.
Directory 'F:/ertyu/hotel/food_order_system/backend/node_modules/@types/node_modules' does not exist, skipping all lookups in it.
File 'F:/ertyu/hotel/food_order_system/backend/node_modules/os.ts' does not exist.
File 'F:/ertyu/hotel/food_order_system/backend/node_modules/os.tsx' does not exist.
File 'F:/ertyu/hotel/food_order_system/backend/node_modules/os.d.ts' does not exist.
File 'F:/ertyu/hotel/food_order_system/backend/node_modules/@types/os.d.ts' does not exist.
Directory 'F:/ertyu/hotel/food_order_system/node_modules' does not exist, skipping all lookups in it.
Directory 'F:/ertyu/hotel/node_modules' does not exist, skipping all lookups in it.
Directory 'F:/ertyu/node_modules' does not exist, skipping all lookups in it.
Directory 'F:/node_modules' does not exist, skipping all lookups in it.
Loading module 'os' from 'node_modules' folder, target file types: JavaScript.
Searching all ancestor node_modules directories for fallback extensions: JavaScript.
Directory 'F:/ertyu/hotel/food_order_system/backend/node_modules/@types/node/node_modules' does not exist, skipping all lookups in it.
Directory 'F:/ertyu/hotel/food_order_system/backend/node_modules/@types/node_modules' does not exist, skipping all lookups in it.
File 'F:/ertyu/hotel/food_order_system/backend/node_modules/os.js' does not exist.
File 'F:/ertyu/hotel/food_order_system/backend/node_modules/os.jsx' does not exist.
Directory 'F:/ertyu/hotel/food_order_system/node_modules' does not exist, skipping all lookups in it.
Directory 'F:/ertyu/hotel/node_modules' does not exist, skipping all lookups in it.
Directory 'F:/ertyu/node_modules' does not exist, skipping all lookups in it.
Directory 'F:/node_modules' does not exist, skipping all lookups in it.
======== Module name 'os' was not resolved. ========
======== Resolving module 'node:os' from 'F:/ertyu/hotel/food_order_system/backend/node_modules/@types/node/process.d.ts'. ========
Resolution for module 'node:os' was found in cache from location 'F:/ertyu/hotel/food_order_system/backend/node_modules/@types/node'.
======== Module name 'node:os' was not resolved. ========
======== Resolving module 'path' from 'F:/ertyu/hotel/food_order_system/backend/node_modules/@types/node/process.d.ts'. ========
Module resolution kind is not specified, using 'Node10'.
Loading module 'path' from 'node_modules' folder, target file types: TypeScript, Declaration.
Searching all ancestor node_modules directories for preferred extensions: TypeScript, Declaration.
Directory 'F:/ertyu/hotel/food_order_system/backend/node_modules/@types/node/node_modules' does not exist, skipping all lookups in it.
Directory 'F:/ertyu/hotel/food_order_system/backend/node_modules/@types/node_modules' does not exist, skipping all lookups in it.
File 'F:/ertyu/hotel/food_order_system/backend/node_modules/path.ts' does not exist.
File 'F:/ertyu/hotel/food_order_system/backend/node_modules/path.tsx' does not exist.
File 'F:/ertyu/hotel/food_order_system/backend/node_modules/path.d.ts' does not exist.
File 'F:/ertyu/hotel/food_order_system/backend/node_modules/@types/path.d.ts' does not exist.
Directory 'F:/ertyu/hotel/food_order_system/node_modules' does not exist, skipping all lookups in it.
Directory 'F:/ertyu/hotel/node_modules' does not exist, skipping all lookups in it.
Directory 'F:/ertyu/node_modules' does not exist, skipping all lookups in it.
Directory 'F:/node_modules' does not exist, skipping all lookups in it.
Loading module 'path' from 'node_modules' folder, target file types: JavaScript.
Searching all ancestor node_modules directories for fallback extensions: JavaScript.
Directory 'F:/ertyu/hotel/food_order_system/backend/node_modules/@types/node/node_modules' does not exist, skipping all lookups in it.
Directory 'F:/ertyu/hotel/food_order_system/backend/node_modules/@types/node_modules' does not exist, skipping all lookups in it.
File 'F:/ertyu/hotel/food_order_system/backend/node_modules/path.js' does not exist.
File 'F:/ertyu/hotel/food_order_system/backend/node_modules/path.jsx' does not exist.
Directory 'F:/ertyu/hotel/food_order_system/node_modules' does not exist, skipping all lookups in it.
Directory 'F:/ertyu/hotel/node_modules' does not exist, skipping all lookups in it.
Directory 'F:/ertyu/node_modules' does not exist, skipping all lookups in it.
Directory 'F:/node_modules' does not exist, skipping all lookups in it.
======== Module name 'path' was not resolved. ========
======== Resolving module 'node:path' from 'F:/ertyu/hotel/food_order_system/backend/node_modules/@types/node/process.d.ts'. ========
Module resolution kind is not specified, using 'Node10'.
Skipping module 'node:path' that looks like an absolute URI, target file types: TypeScript, Declaration.
Skipping module 'node:path' that looks like an absolute URI, target file types: JavaScript.
======== Module name 'node:path' was not resolved. ========
======== Resolving module 'path/posix' from 'F:/ertyu/hotel/food_order_system/backend/node_modules/@types/node/process.d.ts'. ========
Module resolution kind is not specified, using 'Node10'.
Loading module 'path/posix' from 'node_modules' folder, target file types: TypeScript, Declaration.
Searching all ancestor node_modules directories for preferred extensions: TypeScript, Declaration.
Directory 'F:/ertyu/hotel/food_order_system/backend/node_modules/@types/node/node_modules' does not exist, skipping all lookups in it.
Directory 'F:/ertyu/hotel/food_order_system/backend/node_modules/@types/node_modules' does not exist, skipping all lookups in it.
Directory 'F:/ertyu/hotel/food_order_system/node_modules' does not exist, skipping all lookups in it.
Directory 'F:/ertyu/hotel/node_modules' does not exist, skipping all lookups in it.
Directory 'F:/ertyu/node_modules' does not exist, skipping all lookups in it.
Directory 'F:/node_modules' does not exist, skipping all lookups in it.
Loading module 'path/posix' from 'node_modules' folder, target file types: JavaScript.
Searching all ancestor node_modules directories for fallback extensions: JavaScript.
Directory 'F:/ertyu/hotel/food_order_system/backend/node_modules/@types/node/node_modules' does not exist, skipping all lookups in it.
Directory 'F:/ertyu/hotel/food_order_system/backend/node_modules/@types/node_modules' does not exist, skipping all lookups in it.
Directory 'F:/ertyu/hotel/food_order_system/node_modules' does not exist, skipping all lookups in it.
Directory 'F:/ertyu/hotel/node_modules' does not exist, skipping all lookups in it.
Directory 'F:/ertyu/node_modules' does not exist, skipping all lookups in it.
Directory 'F:/node_modules' does not exist, skipping all lookups in it.
======== Module name 'path/posix' was not resolved. ========
======== Resolving module 'node:path/posix' from 'F:/ertyu/hotel/food_order_system/backend/node_modules/@types/node/process.d.ts'. ========
Module resolution kind is not specified, using 'Node10'.
Skipping module 'node:path/posix' that looks like an absolute URI, target file types: TypeScript, Declaration.
Skipping module 'node:path/posix' that looks like an absolute URI, target file types: JavaScript.
======== Module name 'node:path/posix' was not resolved. ========
======== Resolving module 'path/win32' from 'F:/ertyu/hotel/food_order_system/backend/node_modules/@types/node/process.d.ts'. ========
Module resolution kind is not specified, using 'Node10'.
Loading module 'path/win32' from 'node_modules' folder, target file types: TypeScript, Declaration.
Searching all ancestor node_modules directories for preferred extensions: TypeScript, Declaration.
Directory 'F:/ertyu/hotel/food_order_system/backend/node_modules/@types/node/node_modules' does not exist, skipping all lookups in it.
Directory 'F:/ertyu/hotel/food_order_system/backend/node_modules/@types/node_modules' does not exist, skipping all lookups in it.
Directory 'F:/ertyu/hotel/food_order_system/node_modules' does not exist, skipping all lookups in it.
Directory 'F:/ertyu/hotel/node_modules' does not exist, skipping all lookups in it.
Directory 'F:/ertyu/node_modules' does not exist, skipping all lookups in it.
Directory 'F:/node_modules' does not exist, skipping all lookups in it.
Loading module 'path/win32' from 'node_modules' folder, target file types: JavaScript.
Searching all ancestor node_modules directories for fallback extensions: JavaScript.
Directory 'F:/ertyu/hotel/food_order_system/backend/node_modules/@types/node/node_modules' does not exist, skipping all lookups in it.
Directory 'F:/ertyu/hotel/food_order_system/backend/node_modules/@types/node_modules' does not exist, skipping all lookups in it.
Directory 'F:/ertyu/hotel/food_order_system/node_modules' does not exist, skipping all lookups in it.
Directory 'F:/ertyu/hotel/node_modules' does not exist, skipping all lookups in it.
Directory 'F:/ertyu/node_modules' does not exist, skipping all lookups in it.
Directory 'F:/node_modules' does not exist, skipping all lookups in it.
======== Module name 'path/win32' was not resolved. ========
======== Resolving module 'node:path/win32' from 'F:/ertyu/hotel/food_order_system/backend/node_modules/@types/node/process.d.ts'. ========
Module resolution kind is not specified, using 'Node10'.
Skipping module 'node:path/win32' that looks like an absolute URI, target file types: TypeScript, Declaration.
Skipping module 'node:path/win32' that looks like an absolute URI, target file types: JavaScript.
======== Module name 'node:path/win32' was not resolved. ========
======== Resolving module 'perf_hooks' from 'F:/ertyu/hotel/food_order_system/backend/node_modules/@types/node/process.d.ts'. ========
Module resolution kind is not specified, using 'Node10'.
Loading module 'perf_hooks' from 'node_modules' folder, target file types: TypeScript, Declaration.
Searching all ancestor node_modules directories for preferred extensions: TypeScript, Declaration.
Directory 'F:/ertyu/hotel/food_order_system/backend/node_modules/@types/node/node_modules' does not exist, skipping all lookups in it.
Directory 'F:/ertyu/hotel/food_order_system/backend/node_modules/@types/node_modules' does not exist, skipping all lookups in it.
File 'F:/ertyu/hotel/food_order_system/backend/node_modules/perf_hooks.ts' does not exist.
File 'F:/ertyu/hotel/food_order_system/backend/node_modules/perf_hooks.tsx' does not exist.
File 'F:/ertyu/hotel/food_order_system/backend/node_modules/perf_hooks.d.ts' does not exist.
File 'F:/ertyu/hotel/food_order_system/backend/node_modules/@types/perf_hooks.d.ts' does not exist.
Directory 'F:/ertyu/hotel/food_order_system/node_modules' does not exist, skipping all lookups in it.
Directory 'F:/ertyu/hotel/node_modules' does not exist, skipping all lookups in it.
Directory 'F:/ertyu/node_modules' does not exist, skipping all lookups in it.
Directory 'F:/node_modules' does not exist, skipping all lookups in it.
Loading module 'perf_hooks' from 'node_modules' folder, target file types: JavaScript.
Searching all ancestor node_modules directories for fallback extensions: JavaScript.
Directory 'F:/ertyu/hotel/food_order_system/backend/node_modules/@types/node/node_modules' does not exist, skipping all lookups in it.
Directory 'F:/ertyu/hotel/food_order_system/backend/node_modules/@types/node_modules' does not exist, skipping all lookups in it.
File 'F:/ertyu/hotel/food_order_system/backend/node_modules/perf_hooks.js' does not exist.
File 'F:/ertyu/hotel/food_order_system/backend/node_modules/perf_hooks.jsx' does not exist.
Directory 'F:/ertyu/hotel/food_order_system/node_modules' does not exist, skipping all lookups in it.
Directory 'F:/ertyu/hotel/node_modules' does not exist, skipping all lookups in it.
Directory 'F:/ertyu/node_modules' does not exist, skipping all lookups in it.
Directory 'F:/node_modules' does not exist, skipping all lookups in it.
======== Module name 'perf_hooks' was not resolved. ========
======== Resolving module 'node:perf_hooks' from 'F:/ertyu/hotel/food_order_system/backend/node_modules/@types/node/process.d.ts'. ========
Module resolution kind is not specified, using 'Node10'.
Skipping module 'node:perf_hooks' that looks like an absolute URI, target file types: TypeScript, Declaration.
Skipping module 'node:perf_hooks' that looks like an absolute URI, target file types: JavaScript.
======== Module name 'node:perf_hooks' was not resolved. ========
======== Resolving module 'punycode' from 'F:/ertyu/hotel/food_order_system/backend/node_modules/@types/node/process.d.ts'. ========
Module resolution kind is not specified, using 'Node10'.
Loading module 'punycode' from 'node_modules' folder, target file types: TypeScript, Declaration.
Searching all ancestor node_modules directories for preferred extensions: TypeScript, Declaration.
Directory 'F:/ertyu/hotel/food_order_system/backend/node_modules/@types/node/node_modules' does not exist, skipping all lookups in it.
Directory 'F:/ertyu/hotel/food_order_system/backend/node_modules/@types/node_modules' does not exist, skipping all lookups in it.
File 'F:/ertyu/hotel/food_order_system/backend/node_modules/punycode.ts' does not exist.
File 'F:/ertyu/hotel/food_order_system/backend/node_modules/punycode.tsx' does not exist.
File 'F:/ertyu/hotel/food_order_system/backend/node_modules/punycode.d.ts' does not exist.
File 'F:/ertyu/hotel/food_order_system/backend/node_modules/@types/punycode.d.ts' does not exist.
Directory 'F:/ertyu/hotel/food_order_system/node_modules' does not exist, skipping all lookups in it.
Directory 'F:/ertyu/hotel/node_modules' does not exist, skipping all lookups in it.
Directory 'F:/ertyu/node_modules' does not exist, skipping all lookups in it.
Directory 'F:/node_modules' does not exist, skipping all lookups in it.
Loading module 'punycode' from 'node_modules' folder, target file types: JavaScript.
Searching all ancestor node_modules directories for fallback extensions: JavaScript.
Directory 'F:/ertyu/hotel/food_order_system/backend/node_modules/@types/node/node_modules' does not exist, skipping all lookups in it.
Directory 'F:/ertyu/hotel/food_order_system/backend/node_modules/@types/node_modules' does not exist, skipping all lookups in it.
File 'F:/ertyu/hotel/food_order_system/backend/node_modules/punycode.js' does not exist.
File 'F:/ertyu/hotel/food_order_system/backend/node_modules/punycode.jsx' does not exist.
Directory 'F:/ertyu/hotel/food_order_system/node_modules' does not exist, skipping all lookups in it.
Directory 'F:/ertyu/hotel/node_modules' does not exist, skipping all lookups in it.
Directory 'F:/ertyu/node_modules' does not exist, skipping all lookups in it.
Directory 'F:/node_modules' does not exist, skipping all lookups in it.
======== Module name 'punycode' was not resolved. ========
======== Resolving module 'node:punycode' from 'F:/ertyu/hotel/food_order_system/backend/node_modules/@types/node/process.d.ts'. ========
Module resolution kind is not specified, using 'Node10'.
Skipping module 'node:punycode' that looks like an absolute URI, target file types: TypeScript, Declaration.
Skipping module 'node:punycode' that looks like an absolute URI, target file types: JavaScript.
======== Module name 'node:punycode' was not resolved. ========
======== Resolving module 'querystring' from 'F:/ertyu/hotel/food_order_system/backend/node_modules/@types/node/process.d.ts'. ========
Module resolution kind is not specified, using 'Node10'.
Loading module 'querystring' from 'node_modules' folder, target file types: TypeScript, Declaration.
Searching all ancestor node_modules directories for preferred extensions: TypeScript, Declaration.
Directory 'F:/ertyu/hotel/food_order_system/backend/node_modules/@types/node/node_modules' does not exist, skipping all lookups in it.
Directory 'F:/ertyu/hotel/food_order_system/backend/node_modules/@types/node_modules' does not exist, skipping all lookups in it.
File 'F:/ertyu/hotel/food_order_system/backend/node_modules/querystring.ts' does not exist.
File 'F:/ertyu/hotel/food_order_system/backend/node_modules/querystring.tsx' does not exist.
File 'F:/ertyu/hotel/food_order_system/backend/node_modules/querystring.d.ts' does not exist.
File 'F:/ertyu/hotel/food_order_system/backend/node_modules/@types/querystring.d.ts' does not exist.
Directory 'F:/ertyu/hotel/food_order_system/node_modules' does not exist, skipping all lookups in it.
Directory 'F:/ertyu/hotel/node_modules' does not exist, skipping all lookups in it.
Directory 'F:/ertyu/node_modules' does not exist, skipping all lookups in it.
Directory 'F:/node_modules' does not exist, skipping all lookups in it.
Loading module 'querystring' from 'node_modules' folder, target file types: JavaScript.
Searching all ancestor node_modules directories for fallback extensions: JavaScript.
Directory 'F:/ertyu/hotel/food_order_system/backend/node_modules/@types/node/node_modules' does not exist, skipping all lookups in it.
Directory 'F:/ertyu/hotel/food_order_system/backend/node_modules/@types/node_modules' does not exist, skipping all lookups in it.
File 'F:/ertyu/hotel/food_order_system/backend/node_modules/querystring.js' does not exist.
File 'F:/ertyu/hotel/food_order_system/backend/node_modules/querystring.jsx' does not exist.
Directory 'F:/ertyu/hotel/food_order_system/node_modules' does not exist, skipping all lookups in it.
Directory 'F:/ertyu/hotel/node_modules' does not exist, skipping all lookups in it.
Directory 'F:/ertyu/node_modules' does not exist, skipping all lookups in it.
Directory 'F:/node_modules' does not exist, skipping all lookups in it.
======== Module name 'querystring' was not resolved. ========
======== Resolving module 'node:querystring' from 'F:/ertyu/hotel/food_order_system/backend/node_modules/@types/node/process.d.ts'. ========
Module resolution kind is not specified, using 'Node10'.
Skipping module 'node:querystring' that looks like an absolute URI, target file types: TypeScript, Declaration.
Skipping module 'node:querystring' that looks like an absolute URI, target file types: JavaScript.
======== Module name 'node:querystring' was not resolved. ========
======== Resolving module 'readline' from 'F:/ertyu/hotel/food_order_system/backend/node_modules/@types/node/process.d.ts'. ========
Module resolution kind is not specified, using 'Node10'.
Loading module 'readline' from 'node_modules' folder, target file types: TypeScript, Declaration.
Searching all ancestor node_modules directories for preferred extensions: TypeScript, Declaration.
Directory 'F:/ertyu/hotel/food_order_system/backend/node_modules/@types/node/node_modules' does not exist, skipping all lookups in it.
Directory 'F:/ertyu/hotel/food_order_system/backend/node_modules/@types/node_modules' does not exist, skipping all lookups in it.
File 'F:/ertyu/hotel/food_order_system/backend/node_modules/readline.ts' does not exist.
File 'F:/ertyu/hotel/food_order_system/backend/node_modules/readline.tsx' does not exist.
File 'F:/ertyu/hotel/food_order_system/backend/node_modules/readline.d.ts' does not exist.
File 'F:/ertyu/hotel/food_order_system/backend/node_modules/@types/readline.d.ts' does not exist.
Directory 'F:/ertyu/hotel/food_order_system/node_modules' does not exist, skipping all lookups in it.
Directory 'F:/ertyu/hotel/node_modules' does not exist, skipping all lookups in it.
Directory 'F:/ertyu/node_modules' does not exist, skipping all lookups in it.
Directory 'F:/node_modules' does not exist, skipping all lookups in it.
Loading module 'readline' from 'node_modules' folder, target file types: JavaScript.
Searching all ancestor node_modules directories for fallback extensions: JavaScript.
Directory 'F:/ertyu/hotel/food_order_system/backend/node_modules/@types/node/node_modules' does not exist, skipping all lookups in it.
Directory 'F:/ertyu/hotel/food_order_system/backend/node_modules/@types/node_modules' does not exist, skipping all lookups in it.
File 'F:/ertyu/hotel/food_order_system/backend/node_modules/readline.js' does not exist.
File 'F:/ertyu/hotel/food_order_system/backend/node_modules/readline.jsx' does not exist.
Directory 'F:/ertyu/hotel/food_order_system/node_modules' does not exist, skipping all lookups in it.
Directory 'F:/ertyu/hotel/node_modules' does not exist, skipping all lookups in it.
Directory 'F:/ertyu/node_modules' does not exist, skipping all lookups in it.
Directory 'F:/node_modules' does not exist, skipping all lookups in it.
======== Module name 'readline' was not resolved. ========
======== Resolving module 'node:readline' from 'F:/ertyu/hotel/food_order_system/backend/node_modules/@types/node/process.d.ts'. ========
Module resolution kind is not specified, using 'Node10'.
Skipping module 'node:readline' that looks like an absolute URI, target file types: TypeScript, Declaration.
Skipping module 'node:readline' that looks like an absolute URI, target file types: JavaScript.
======== Module name 'node:readline' was not resolved. ========
======== Resolving module 'readline/promises' from 'F:/ertyu/hotel/food_order_system/backend/node_modules/@types/node/process.d.ts'. ========
Module resolution kind is not specified, using 'Node10'.
Loading module 'readline/promises' from 'node_modules' folder, target file types: TypeScript, Declaration.
Searching all ancestor node_modules directories for preferred extensions: TypeScript, Declaration.
Directory 'F:/ertyu/hotel/food_order_system/backend/node_modules/@types/node/node_modules' does not exist, skipping all lookups in it.
Directory 'F:/ertyu/hotel/food_order_system/backend/node_modules/@types/node_modules' does not exist, skipping all lookups in it.
Directory 'F:/ertyu/hotel/food_order_system/node_modules' does not exist, skipping all lookups in it.
Directory 'F:/ertyu/hotel/node_modules' does not exist, skipping all lookups in it.
Directory 'F:/ertyu/node_modules' does not exist, skipping all lookups in it.
Directory 'F:/node_modules' does not exist, skipping all lookups in it.
Loading module 'readline/promises' from 'node_modules' folder, target file types: JavaScript.
Searching all ancestor node_modules directories for fallback extensions: JavaScript.
Directory 'F:/ertyu/hotel/food_order_system/backend/node_modules/@types/node/node_modules' does not exist, skipping all lookups in it.
Directory 'F:/ertyu/hotel/food_order_system/backend/node_modules/@types/node_modules' does not exist, skipping all lookups in it.
Directory 'F:/ertyu/hotel/food_order_system/node_modules' does not exist, skipping all lookups in it.
Directory 'F:/ertyu/hotel/node_modules' does not exist, skipping all lookups in it.
Directory 'F:/ertyu/node_modules' does not exist, skipping all lookups in it.
Directory 'F:/node_modules' does not exist, skipping all lookups in it.
======== Module name 'readline/promises' was not resolved. ========
======== Resolving module 'node:readline/promises' from 'F:/ertyu/hotel/food_order_system/backend/node_modules/@types/node/process.d.ts'. ========
Module resolution kind is not specified, using 'Node10'.
Skipping module 'node:readline/promises' that looks like an absolute URI, target file types: TypeScript, Declaration.
Skipping module 'node:readline/promises' that looks like an absolute URI, target file types: JavaScript.
======== Module name 'node:readline/promises' was not resolved. ========
======== Resolving module 'repl' from 'F:/ertyu/hotel/food_order_system/backend/node_modules/@types/node/process.d.ts'. ========
Module resolution kind is not specified, using 'Node10'.
Loading module 'repl' from 'node_modules' folder, target file types: TypeScript, Declaration.
Searching all ancestor node_modules directories for preferred extensions: TypeScript, Declaration.
Directory 'F:/ertyu/hotel/food_order_system/backend/node_modules/@types/node/node_modules' does not exist, skipping all lookups in it.
Directory 'F:/ertyu/hotel/food_order_system/backend/node_modules/@types/node_modules' does not exist, skipping all lookups in it.
File 'F:/ertyu/hotel/food_order_system/backend/node_modules/repl.ts' does not exist.
File 'F:/ertyu/hotel/food_order_system/backend/node_modules/repl.tsx' does not exist.
File 'F:/ertyu/hotel/food_order_system/backend/node_modules/repl.d.ts' does not exist.
File 'F:/ertyu/hotel/food_order_system/backend/node_modules/@types/repl.d.ts' does not exist.
Directory 'F:/ertyu/hotel/food_order_system/node_modules' does not exist, skipping all lookups in it.
Directory 'F:/ertyu/hotel/node_modules' does not exist, skipping all lookups in it.
Directory 'F:/ertyu/node_modules' does not exist, skipping all lookups in it.
Directory 'F:/node_modules' does not exist, skipping all lookups in it.
Loading module 'repl' from 'node_modules' folder, target file types: JavaScript.
Searching all ancestor node_modules directories for fallback extensions: JavaScript.
Directory 'F:/ertyu/hotel/food_order_system/backend/node_modules/@types/node/node_modules' does not exist, skipping all lookups in it.
Directory 'F:/ertyu/hotel/food_order_system/backend/node_modules/@types/node_modules' does not exist, skipping all lookups in it.
File 'F:/ertyu/hotel/food_order_system/backend/node_modules/repl.js' does not exist.
File 'F:/ertyu/hotel/food_order_system/backend/node_modules/repl.jsx' does not exist.
Directory 'F:/ertyu/hotel/food_order_system/node_modules' does not exist, skipping all lookups in it.
Directory 'F:/ertyu/hotel/node_modules' does not exist, skipping all lookups in it.
Directory 'F:/ertyu/node_modules' does not exist, skipping all lookups in it.
Directory 'F:/node_modules' does not exist, skipping all lookups in it.
======== Module name 'repl' was not resolved. ========
======== Resolving module 'node:repl' from 'F:/ertyu/hotel/food_order_system/backend/node_modules/@types/node/process.d.ts'. ========
Module resolution kind is not specified, using 'Node10'.
Skipping module 'node:repl' that looks like an absolute URI, target file types: TypeScript, Declaration.
Skipping module 'node:repl' that looks like an absolute URI, target file types: JavaScript.
======== Module name 'node:repl' was not resolved. ========
======== Resolving module 'node:sea' from 'F:/ertyu/hotel/food_order_system/backend/node_modules/@types/node/process.d.ts'. ========
Module resolution kind is not specified, using 'Node10'.
Skipping module 'node:sea' that looks like an absolute URI, target file types: TypeScript, Declaration.
Skipping module 'node:sea' that looks like an absolute URI, target file types: JavaScript.
======== Module name 'node:sea' was not resolved. ========
======== Resolving module 'stream' from 'F:/ertyu/hotel/food_order_system/backend/node_modules/@types/node/process.d.ts'. ========
Module resolution kind is not specified, using 'Node10'.
Loading module 'stream' from 'node_modules' folder, target file types: TypeScript, Declaration.
Searching all ancestor node_modules directories for preferred extensions: TypeScript, Declaration.
Directory 'F:/ertyu/hotel/food_order_system/backend/node_modules/@types/node/node_modules' does not exist, skipping all lookups in it.
Directory 'F:/ertyu/hotel/food_order_system/backend/node_modules/@types/node_modules' does not exist, skipping all lookups in it.
Resolution for module 'stream' was found in cache from location 'F:/ertyu/hotel/food_order_system/backend'.
======== Module name 'stream' was not resolved. ========
======== Resolving module 'node:stream' from 'F:/ertyu/hotel/food_order_system/backend/node_modules/@types/node/process.d.ts'. ========
Resolution for module 'node:stream' was found in cache from location 'F:/ertyu/hotel/food_order_system/backend/node_modules/@types/node'.
======== Module name 'node:stream' was not resolved. ========
======== Resolving module 'stream/consumers' from 'F:/ertyu/hotel/food_order_system/backend/node_modules/@types/node/process.d.ts'. ========
Module resolution kind is not specified, using 'Node10'.
Loading module 'stream/consumers' from 'node_modules' folder, target file types: TypeScript, Declaration.
Searching all ancestor node_modules directories for preferred extensions: TypeScript, Declaration.
Directory 'F:/ertyu/hotel/food_order_system/backend/node_modules/@types/node/node_modules' does not exist, skipping all lookups in it.
Directory 'F:/ertyu/hotel/food_order_system/backend/node_modules/@types/node_modules' does not exist, skipping all lookups in it.
Directory 'F:/ertyu/hotel/food_order_system/node_modules' does not exist, skipping all lookups in it.
Directory 'F:/ertyu/hotel/node_modules' does not exist, skipping all lookups in it.
Directory 'F:/ertyu/node_modules' does not exist, skipping all lookups in it.
Directory 'F:/node_modules' does not exist, skipping all lookups in it.
Loading module 'stream/consumers' from 'node_modules' folder, target file types: JavaScript.
Searching all ancestor node_modules directories for fallback extensions: JavaScript.
Directory 'F:/ertyu/hotel/food_order_system/backend/node_modules/@types/node/node_modules' does not exist, skipping all lookups in it.
Directory 'F:/ertyu/hotel/food_order_system/backend/node_modules/@types/node_modules' does not exist, skipping all lookups in it.
Directory 'F:/ertyu/hotel/food_order_system/node_modules' does not exist, skipping all lookups in it.
Directory 'F:/ertyu/hotel/node_modules' does not exist, skipping all lookups in it.
Directory 'F:/ertyu/node_modules' does not exist, skipping all lookups in it.
Directory 'F:/node_modules' does not exist, skipping all lookups in it.
======== Module name 'stream/consumers' was not resolved. ========
======== Resolving module 'node:stream/consumers' from 'F:/ertyu/hotel/food_order_system/backend/node_modules/@types/node/process.d.ts'. ========
Module resolution kind is not specified, using 'Node10'.
Skipping module 'node:stream/consumers' that looks like an absolute URI, target file types: TypeScript, Declaration.
Skipping module 'node:stream/consumers' that looks like an absolute URI, target file types: JavaScript.
======== Module name 'node:stream/consumers' was not resolved. ========
======== Resolving module 'stream/promises' from 'F:/ertyu/hotel/food_order_system/backend/node_modules/@types/node/process.d.ts'. ========
Module resolution kind is not specified, using 'Node10'.
Loading module 'stream/promises' from 'node_modules' folder, target file types: TypeScript, Declaration.
Searching all ancestor node_modules directories for preferred extensions: TypeScript, Declaration.
Directory 'F:/ertyu/hotel/food_order_system/backend/node_modules/@types/node/node_modules' does not exist, skipping all lookups in it.
Directory 'F:/ertyu/hotel/food_order_system/backend/node_modules/@types/node_modules' does not exist, skipping all lookups in it.
Directory 'F:/ertyu/hotel/food_order_system/node_modules' does not exist, skipping all lookups in it.
Directory 'F:/ertyu/hotel/node_modules' does not exist, skipping all lookups in it.
Directory 'F:/ertyu/node_modules' does not exist, skipping all lookups in it.
Directory 'F:/node_modules' does not exist, skipping all lookups in it.
Loading module 'stream/promises' from 'node_modules' folder, target file types: JavaScript.
Searching all ancestor node_modules directories for fallback extensions: JavaScript.
Directory 'F:/ertyu/hotel/food_order_system/backend/node_modules/@types/node/node_modules' does not exist, skipping all lookups in it.
Directory 'F:/ertyu/hotel/food_order_system/backend/node_modules/@types/node_modules' does not exist, skipping all lookups in it.
Directory 'F:/ertyu/hotel/food_order_system/node_modules' does not exist, skipping all lookups in it.
Directory 'F:/ertyu/hotel/node_modules' does not exist, skipping all lookups in it.
Directory 'F:/ertyu/node_modules' does not exist, skipping all lookups in it.
Directory 'F:/node_modules' does not exist, skipping all lookups in it.
======== Module name 'stream/promises' was not resolved. ========
======== Resolving module 'node:stream/promises' from 'F:/ertyu/hotel/food_order_system/backend/node_modules/@types/node/process.d.ts'. ========
Module resolution kind is not specified, using 'Node10'.
Skipping module 'node:stream/promises' that looks like an absolute URI, target file types: TypeScript, Declaration.
Skipping module 'node:stream/promises' that looks like an absolute URI, target file types: JavaScript.
======== Module name 'node:stream/promises' was not resolved. ========
======== Resolving module 'stream/web' from 'F:/ertyu/hotel/food_order_system/backend/node_modules/@types/node/process.d.ts'. ========
Module resolution kind is not specified, using 'Node10'.
Loading module 'stream/web' from 'node_modules' folder, target file types: TypeScript, Declaration.
Searching all ancestor node_modules directories for preferred extensions: TypeScript, Declaration.
Directory 'F:/ertyu/hotel/food_order_system/backend/node_modules/@types/node/node_modules' does not exist, skipping all lookups in it.
Directory 'F:/ertyu/hotel/food_order_system/backend/node_modules/@types/node_modules' does not exist, skipping all lookups in it.
Resolution for module 'stream/web' was found in cache from location 'F:/ertyu/hotel/food_order_system/backend'.
======== Module name 'stream/web' was not resolved. ========
======== Resolving module 'node:stream/web' from 'F:/ertyu/hotel/food_order_system/backend/node_modules/@types/node/process.d.ts'. ========
Resolution for module 'node:stream/web' was found in cache from location 'F:/ertyu/hotel/food_order_system/backend/node_modules/@types/node'.
======== Module name 'node:stream/web' was not resolved. ========
======== Resolving module 'string_decoder' from 'F:/ertyu/hotel/food_order_system/backend/node_modules/@types/node/process.d.ts'. ========
Module resolution kind is not specified, using 'Node10'.
Loading module 'string_decoder' from 'node_modules' folder, target file types: TypeScript, Declaration.
Searching all ancestor node_modules directories for preferred extensions: TypeScript, Declaration.
Directory 'F:/ertyu/hotel/food_order_system/backend/node_modules/@types/node/node_modules' does not exist, skipping all lookups in it.
Directory 'F:/ertyu/hotel/food_order_system/backend/node_modules/@types/node_modules' does not exist, skipping all lookups in it.
File 'F:/ertyu/hotel/food_order_system/backend/node_modules/string_decoder.ts' does not exist.
File 'F:/ertyu/hotel/food_order_system/backend/node_modules/string_decoder.tsx' does not exist.
File 'F:/ertyu/hotel/food_order_system/backend/node_modules/string_decoder.d.ts' does not exist.
File 'F:/ertyu/hotel/food_order_system/backend/node_modules/@types/string_decoder.d.ts' does not exist.
Directory 'F:/ertyu/hotel/food_order_system/node_modules' does not exist, skipping all lookups in it.
Directory 'F:/ertyu/hotel/node_modules' does not exist, skipping all lookups in it.
Directory 'F:/ertyu/node_modules' does not exist, skipping all lookups in it.
Directory 'F:/node_modules' does not exist, skipping all lookups in it.
Loading module 'string_decoder' from 'node_modules' folder, target file types: JavaScript.
Searching all ancestor node_modules directories for fallback extensions: JavaScript.
Directory 'F:/ertyu/hotel/food_order_system/backend/node_modules/@types/node/node_modules' does not exist, skipping all lookups in it.
Directory 'F:/ertyu/hotel/food_order_system/backend/node_modules/@types/node_modules' does not exist, skipping all lookups in it.
File 'F:/ertyu/hotel/food_order_system/backend/node_modules/string_decoder.js' does not exist.
File 'F:/ertyu/hotel/food_order_system/backend/node_modules/string_decoder.jsx' does not exist.
Directory 'F:/ertyu/hotel/food_order_system/node_modules' does not exist, skipping all lookups in it.
Directory 'F:/ertyu/hotel/node_modules' does not exist, skipping all lookups in it.
Directory 'F:/ertyu/node_modules' does not exist, skipping all lookups in it.
Directory 'F:/node_modules' does not exist, skipping all lookups in it.
======== Module name 'string_decoder' was not resolved. ========
======== Resolving module 'node:string_decoder' from 'F:/ertyu/hotel/food_order_system/backend/node_modules/@types/node/process.d.ts'. ========
Module resolution kind is not specified, using 'Node10'.
Skipping module 'node:string_decoder' that looks like an absolute URI, target file types: TypeScript, Declaration.
Skipping module 'node:string_decoder' that looks like an absolute URI, target file types: JavaScript.
======== Module name 'node:string_decoder' was not resolved. ========
======== Resolving module 'node:test' from 'F:/ertyu/hotel/food_order_system/backend/node_modules/@types/node/process.d.ts'. ========
Module resolution kind is not specified, using 'Node10'.
Skipping module 'node:test' that looks like an absolute URI, target file types: TypeScript, Declaration.
Skipping module 'node:test' that looks like an absolute URI, target file types: JavaScript.
======== Module name 'node:test' was not resolved. ========
======== Resolving module 'node:test/reporters' from 'F:/ertyu/hotel/food_order_system/backend/node_modules/@types/node/process.d.ts'. ========
Module resolution kind is not specified, using 'Node10'.
Skipping module 'node:test/reporters' that looks like an absolute URI, target file types: TypeScript, Declaration.
Skipping module 'node:test/reporters' that looks like an absolute URI, target file types: JavaScript.
======== Module name 'node:test/reporters' was not resolved. ========
======== Resolving module 'timers' from 'F:/ertyu/hotel/food_order_system/backend/node_modules/@types/node/process.d.ts'. ========
Module resolution kind is not specified, using 'Node10'.
Loading module 'timers' from 'node_modules' folder, target file types: TypeScript, Declaration.
Searching all ancestor node_modules directories for preferred extensions: TypeScript, Declaration.
Directory 'F:/ertyu/hotel/food_order_system/backend/node_modules/@types/node/node_modules' does not exist, skipping all lookups in it.
Directory 'F:/ertyu/hotel/food_order_system/backend/node_modules/@types/node_modules' does not exist, skipping all lookups in it.
File 'F:/ertyu/hotel/food_order_system/backend/node_modules/timers.ts' does not exist.
File 'F:/ertyu/hotel/food_order_system/backend/node_modules/timers.tsx' does not exist.
File 'F:/ertyu/hotel/food_order_system/backend/node_modules/timers.d.ts' does not exist.
File 'F:/ertyu/hotel/food_order_system/backend/node_modules/@types/timers.d.ts' does not exist.
Directory 'F:/ertyu/hotel/food_order_system/node_modules' does not exist, skipping all lookups in it.
Directory 'F:/ertyu/hotel/node_modules' does not exist, skipping all lookups in it.
Directory 'F:/ertyu/node_modules' does not exist, skipping all lookups in it.
Directory 'F:/node_modules' does not exist, skipping all lookups in it.
Loading module 'timers' from 'node_modules' folder, target file types: JavaScript.
Searching all ancestor node_modules directories for fallback extensions: JavaScript.
Directory 'F:/ertyu/hotel/food_order_system/backend/node_modules/@types/node/node_modules' does not exist, skipping all lookups in it.
Directory 'F:/ertyu/hotel/food_order_system/backend/node_modules/@types/node_modules' does not exist, skipping all lookups in it.
File 'F:/ertyu/hotel/food_order_system/backend/node_modules/timers.js' does not exist.
File 'F:/ertyu/hotel/food_order_system/backend/node_modules/timers.jsx' does not exist.
Directory 'F:/ertyu/hotel/food_order_system/node_modules' does not exist, skipping all lookups in it.
Directory 'F:/ertyu/hotel/node_modules' does not exist, skipping all lookups in it.
Directory 'F:/ertyu/node_modules' does not exist, skipping all lookups in it.
Directory 'F:/node_modules' does not exist, skipping all lookups in it.
======== Module name 'timers' was not resolved. ========
======== Resolving module 'node:timers' from 'F:/ertyu/hotel/food_order_system/backend/node_modules/@types/node/process.d.ts'. ========
Module resolution kind is not specified, using 'Node10'.
Skipping module 'node:timers' that looks like an absolute URI, target file types: TypeScript, Declaration.
Skipping module 'node:timers' that looks like an absolute URI, target file types: JavaScript.
======== Module name 'node:timers' was not resolved. ========
======== Resolving module 'timers/promises' from 'F:/ertyu/hotel/food_order_system/backend/node_modules/@types/node/process.d.ts'. ========
Module resolution kind is not specified, using 'Node10'.
Loading module 'timers/promises' from 'node_modules' folder, target file types: TypeScript, Declaration.
Searching all ancestor node_modules directories for preferred extensions: TypeScript, Declaration.
Directory 'F:/ertyu/hotel/food_order_system/backend/node_modules/@types/node/node_modules' does not exist, skipping all lookups in it.
Directory 'F:/ertyu/hotel/food_order_system/backend/node_modules/@types/node_modules' does not exist, skipping all lookups in it.
Directory 'F:/ertyu/hotel/food_order_system/node_modules' does not exist, skipping all lookups in it.
Directory 'F:/ertyu/hotel/node_modules' does not exist, skipping all lookups in it.
Directory 'F:/ertyu/node_modules' does not exist, skipping all lookups in it.
Directory 'F:/node_modules' does not exist, skipping all lookups in it.
Loading module 'timers/promises' from 'node_modules' folder, target file types: JavaScript.
Searching all ancestor node_modules directories for fallback extensions: JavaScript.
Directory 'F:/ertyu/hotel/food_order_system/backend/node_modules/@types/node/node_modules' does not exist, skipping all lookups in it.
Directory 'F:/ertyu/hotel/food_order_system/backend/node_modules/@types/node_modules' does not exist, skipping all lookups in it.
Directory 'F:/ertyu/hotel/food_order_system/node_modules' does not exist, skipping all lookups in it.
Directory 'F:/ertyu/hotel/node_modules' does not exist, skipping all lookups in it.
Directory 'F:/ertyu/node_modules' does not exist, skipping all lookups in it.
Directory 'F:/node_modules' does not exist, skipping all lookups in it.
======== Module name 'timers/promises' was not resolved. ========
======== Resolving module 'node:timers/promises' from 'F:/ertyu/hotel/food_order_system/backend/node_modules/@types/node/process.d.ts'. ========
Module resolution kind is not specified, using 'Node10'.
Skipping module 'node:timers/promises' that looks like an absolute URI, target file types: TypeScript, Declaration.
Skipping module 'node:timers/promises' that looks like an absolute URI, target file types: JavaScript.
======== Module name 'node:timers/promises' was not resolved. ========
======== Resolving module 'tls' from 'F:/ertyu/hotel/food_order_system/backend/node_modules/@types/node/process.d.ts'. ========
Module resolution kind is not specified, using 'Node10'.
Loading module 'tls' from 'node_modules' folder, target file types: TypeScript, Declaration.
Searching all ancestor node_modules directories for preferred extensions: TypeScript, Declaration.
Directory 'F:/ertyu/hotel/food_order_system/backend/node_modules/@types/node/node_modules' does not exist, skipping all lookups in it.
Directory 'F:/ertyu/hotel/food_order_system/backend/node_modules/@types/node_modules' does not exist, skipping all lookups in it.
Resolution for module 'tls' was found in cache from location 'F:/ertyu/hotel/food_order_system/backend'.
======== Module name 'tls' was not resolved. ========
======== Resolving module 'node:tls' from 'F:/ertyu/hotel/food_order_system/backend/node_modules/@types/node/process.d.ts'. ========
Resolution for module 'node:tls' was found in cache from location 'F:/ertyu/hotel/food_order_system/backend/node_modules/@types/node'.
======== Module name 'node:tls' was not resolved. ========
======== Resolving module 'trace_events' from 'F:/ertyu/hotel/food_order_system/backend/node_modules/@types/node/process.d.ts'. ========
Module resolution kind is not specified, using 'Node10'.
Loading module 'trace_events' from 'node_modules' folder, target file types: TypeScript, Declaration.
Searching all ancestor node_modules directories for preferred extensions: TypeScript, Declaration.
Directory 'F:/ertyu/hotel/food_order_system/backend/node_modules/@types/node/node_modules' does not exist, skipping all lookups in it.
Directory 'F:/ertyu/hotel/food_order_system/backend/node_modules/@types/node_modules' does not exist, skipping all lookups in it.
File 'F:/ertyu/hotel/food_order_system/backend/node_modules/trace_events.ts' does not exist.
File 'F:/ertyu/hotel/food_order_system/backend/node_modules/trace_events.tsx' does not exist.
File 'F:/ertyu/hotel/food_order_system/backend/node_modules/trace_events.d.ts' does not exist.
File 'F:/ertyu/hotel/food_order_system/backend/node_modules/@types/trace_events.d.ts' does not exist.
Directory 'F:/ertyu/hotel/food_order_system/node_modules' does not exist, skipping all lookups in it.
Directory 'F:/ertyu/hotel/node_modules' does not exist, skipping all lookups in it.
Directory 'F:/ertyu/node_modules' does not exist, skipping all lookups in it.
Directory 'F:/node_modules' does not exist, skipping all lookups in it.
Loading module 'trace_events' from 'node_modules' folder, target file types: JavaScript.
Searching all ancestor node_modules directories for fallback extensions: JavaScript.
Directory 'F:/ertyu/hotel/food_order_system/backend/node_modules/@types/node/node_modules' does not exist, skipping all lookups in it.
Directory 'F:/ertyu/hotel/food_order_system/backend/node_modules/@types/node_modules' does not exist, skipping all lookups in it.
File 'F:/ertyu/hotel/food_order_system/backend/node_modules/trace_events.js' does not exist.
File 'F:/ertyu/hotel/food_order_system/backend/node_modules/trace_events.jsx' does not exist.
Directory 'F:/ertyu/hotel/food_order_system/node_modules' does not exist, skipping all lookups in it.
Directory 'F:/ertyu/hotel/node_modules' does not exist, skipping all lookups in it.
Directory 'F:/ertyu/node_modules' does not exist, skipping all lookups in it.
Directory 'F:/node_modules' does not exist, skipping all lookups in it.
======== Module name 'trace_events' was not resolved. ========
======== Resolving module 'node:trace_events' from 'F:/ertyu/hotel/food_order_system/backend/node_modules/@types/node/process.d.ts'. ========
Module resolution kind is not specified, using 'Node10'.
Skipping module 'node:trace_events' that looks like an absolute URI, target file types: TypeScript, Declaration.
Skipping module 'node:trace_events' that looks like an absolute URI, target file types: JavaScript.
======== Module name 'node:trace_events' was not resolved. ========
======== Resolving module 'tty' from 'F:/ertyu/hotel/food_order_system/backend/node_modules/@types/node/process.d.ts'. ========
Module resolution kind is not specified, using 'Node10'.
Loading module 'tty' from 'node_modules' folder, target file types: TypeScript, Declaration.
Searching all ancestor node_modules directories for preferred extensions: TypeScript, Declaration.
Directory 'F:/ertyu/hotel/food_order_system/backend/node_modules/@types/node/node_modules' does not exist, skipping all lookups in it.
Directory 'F:/ertyu/hotel/food_order_system/backend/node_modules/@types/node_modules' does not exist, skipping all lookups in it.
File 'F:/ertyu/hotel/food_order_system/backend/node_modules/tty.ts' does not exist.
File 'F:/ertyu/hotel/food_order_system/backend/node_modules/tty.tsx' does not exist.
File 'F:/ertyu/hotel/food_order_system/backend/node_modules/tty.d.ts' does not exist.
File 'F:/ertyu/hotel/food_order_system/backend/node_modules/@types/tty.d.ts' does not exist.
Directory 'F:/ertyu/hotel/food_order_system/node_modules' does not exist, skipping all lookups in it.
Directory 'F:/ertyu/hotel/node_modules' does not exist, skipping all lookups in it.
Directory 'F:/ertyu/node_modules' does not exist, skipping all lookups in it.
Directory 'F:/node_modules' does not exist, skipping all lookups in it.
Loading module 'tty' from 'node_modules' folder, target file types: JavaScript.
Searching all ancestor node_modules directories for fallback extensions: JavaScript.
Directory 'F:/ertyu/hotel/food_order_system/backend/node_modules/@types/node/node_modules' does not exist, skipping all lookups in it.
Directory 'F:/ertyu/hotel/food_order_system/backend/node_modules/@types/node_modules' does not exist, skipping all lookups in it.
File 'F:/ertyu/hotel/food_order_system/backend/node_modules/tty.js' does not exist.
File 'F:/ertyu/hotel/food_order_system/backend/node_modules/tty.jsx' does not exist.
Directory 'F:/ertyu/hotel/food_order_system/node_modules' does not exist, skipping all lookups in it.
Directory 'F:/ertyu/hotel/node_modules' does not exist, skipping all lookups in it.
Directory 'F:/ertyu/node_modules' does not exist, skipping all lookups in it.
Directory 'F:/node_modules' does not exist, skipping all lookups in it.
======== Module name 'tty' was not resolved. ========
======== Resolving module 'url' from 'F:/ertyu/hotel/food_order_system/backend/node_modules/@types/node/process.d.ts'. ========
Module resolution kind is not specified, using 'Node10'.
Loading module 'url' from 'node_modules' folder, target file types: TypeScript, Declaration.
Searching all ancestor node_modules directories for preferred extensions: TypeScript, Declaration.
Directory 'F:/ertyu/hotel/food_order_system/backend/node_modules/@types/node/node_modules' does not exist, skipping all lookups in it.
Directory 'F:/ertyu/hotel/food_order_system/backend/node_modules/@types/node_modules' does not exist, skipping all lookups in it.
Resolution for module 'url' was found in cache from location 'F:/ertyu/hotel/food_order_system/backend'.
======== Module name 'url' was not resolved. ========
======== Resolving module 'node:url' from 'F:/ertyu/hotel/food_order_system/backend/node_modules/@types/node/process.d.ts'. ========
Resolution for module 'node:url' was found in cache from location 'F:/ertyu/hotel/food_order_system/backend/node_modules/@types/node'.
======== Module name 'node:url' was not resolved. ========
======== Resolving module 'util' from 'F:/ertyu/hotel/food_order_system/backend/node_modules/@types/node/process.d.ts'. ========
Module resolution kind is not specified, using 'Node10'.
Loading module 'util' from 'node_modules' folder, target file types: TypeScript, Declaration.
Searching all ancestor node_modules directories for preferred extensions: TypeScript, Declaration.
Directory 'F:/ertyu/hotel/food_order_system/backend/node_modules/@types/node/node_modules' does not exist, skipping all lookups in it.
Directory 'F:/ertyu/hotel/food_order_system/backend/node_modules/@types/node_modules' does not exist, skipping all lookups in it.
File 'F:/ertyu/hotel/food_order_system/backend/node_modules/util.ts' does not exist.
File 'F:/ertyu/hotel/food_order_system/backend/node_modules/util.tsx' does not exist.
File 'F:/ertyu/hotel/food_order_system/backend/node_modules/util.d.ts' does not exist.
File 'F:/ertyu/hotel/food_order_system/backend/node_modules/@types/util.d.ts' does not exist.
Directory 'F:/ertyu/hotel/food_order_system/node_modules' does not exist, skipping all lookups in it.
Directory 'F:/ertyu/hotel/node_modules' does not exist, skipping all lookups in it.
Directory 'F:/ertyu/node_modules' does not exist, skipping all lookups in it.
Directory 'F:/node_modules' does not exist, skipping all lookups in it.
Loading module 'util' from 'node_modules' folder, target file types: JavaScript.
Searching all ancestor node_modules directories for fallback extensions: JavaScript.
Directory 'F:/ertyu/hotel/food_order_system/backend/node_modules/@types/node/node_modules' does not exist, skipping all lookups in it.
Directory 'F:/ertyu/hotel/food_order_system/backend/node_modules/@types/node_modules' does not exist, skipping all lookups in it.
File 'F:/ertyu/hotel/food_order_system/backend/node_modules/util.js' does not exist.
File 'F:/ertyu/hotel/food_order_system/backend/node_modules/util.jsx' does not exist.
Directory 'F:/ertyu/hotel/food_order_system/node_modules' does not exist, skipping all lookups in it.
Directory 'F:/ertyu/hotel/node_modules' does not exist, skipping all lookups in it.
Directory 'F:/ertyu/node_modules' does not exist, skipping all lookups in it.
Directory 'F:/node_modules' does not exist, skipping all lookups in it.
======== Module name 'util' was not resolved. ========
======== Resolving module 'node:util' from 'F:/ertyu/hotel/food_order_system/backend/node_modules/@types/node/process.d.ts'. ========
Resolution for module 'node:util' was found in cache from location 'F:/ertyu/hotel/food_order_system/backend/node_modules/@types/node'.
======== Module name 'node:util' was not resolved. ========
======== Resolving module 'util/types' from 'F:/ertyu/hotel/food_order_system/backend/node_modules/@types/node/process.d.ts'. ========
Module resolution kind is not specified, using 'Node10'.
Loading module 'util/types' from 'node_modules' folder, target file types: TypeScript, Declaration.
Searching all ancestor node_modules directories for preferred extensions: TypeScript, Declaration.
Directory 'F:/ertyu/hotel/food_order_system/backend/node_modules/@types/node/node_modules' does not exist, skipping all lookups in it.
Directory 'F:/ertyu/hotel/food_order_system/backend/node_modules/@types/node_modules' does not exist, skipping all lookups in it.
Directory 'F:/ertyu/hotel/food_order_system/node_modules' does not exist, skipping all lookups in it.
Directory 'F:/ertyu/hotel/node_modules' does not exist, skipping all lookups in it.
Directory 'F:/ertyu/node_modules' does not exist, skipping all lookups in it.
Directory 'F:/node_modules' does not exist, skipping all lookups in it.
Loading module 'util/types' from 'node_modules' folder, target file types: JavaScript.
Searching all ancestor node_modules directories for fallback extensions: JavaScript.
Directory 'F:/ertyu/hotel/food_order_system/backend/node_modules/@types/node/node_modules' does not exist, skipping all lookups in it.
Directory 'F:/ertyu/hotel/food_order_system/backend/node_modules/@types/node_modules' does not exist, skipping all lookups in it.
Directory 'F:/ertyu/hotel/food_order_system/node_modules' does not exist, skipping all lookups in it.
Directory 'F:/ertyu/hotel/node_modules' does not exist, skipping all lookups in it.
Directory 'F:/ertyu/node_modules' does not exist, skipping all lookups in it.
Directory 'F:/node_modules' does not exist, skipping all lookups in it.
======== Module name 'util/types' was not resolved. ========
======== Resolving module 'node:util/types' from 'F:/ertyu/hotel/food_order_system/backend/node_modules/@types/node/process.d.ts'. ========
Module resolution kind is not specified, using 'Node10'.
Skipping module 'node:util/types' that looks like an absolute URI, target file types: TypeScript, Declaration.
Skipping module 'node:util/types' that looks like an absolute URI, target file types: JavaScript.
======== Module name 'node:util/types' was not resolved. ========
======== Resolving module 'v8' from 'F:/ertyu/hotel/food_order_system/backend/node_modules/@types/node/process.d.ts'. ========
Module resolution kind is not specified, using 'Node10'.
Loading module 'v8' from 'node_modules' folder, target file types: TypeScript, Declaration.
Searching all ancestor node_modules directories for preferred extensions: TypeScript, Declaration.
Directory 'F:/ertyu/hotel/food_order_system/backend/node_modules/@types/node/node_modules' does not exist, skipping all lookups in it.
Directory 'F:/ertyu/hotel/food_order_system/backend/node_modules/@types/node_modules' does not exist, skipping all lookups in it.
File 'F:/ertyu/hotel/food_order_system/backend/node_modules/v8.ts' does not exist.
File 'F:/ertyu/hotel/food_order_system/backend/node_modules/v8.tsx' does not exist.
File 'F:/ertyu/hotel/food_order_system/backend/node_modules/v8.d.ts' does not exist.
File 'F:/ertyu/hotel/food_order_system/backend/node_modules/@types/v8.d.ts' does not exist.
Directory 'F:/ertyu/hotel/food_order_system/node_modules' does not exist, skipping all lookups in it.
Directory 'F:/ertyu/hotel/node_modules' does not exist, skipping all lookups in it.
Directory 'F:/ertyu/node_modules' does not exist, skipping all lookups in it.
Directory 'F:/node_modules' does not exist, skipping all lookups in it.
Loading module 'v8' from 'node_modules' folder, target file types: JavaScript.
Searching all ancestor node_modules directories for fallback extensions: JavaScript.
Directory 'F:/ertyu/hotel/food_order_system/backend/node_modules/@types/node/node_modules' does not exist, skipping all lookups in it.
Directory 'F:/ertyu/hotel/food_order_system/backend/node_modules/@types/node_modules' does not exist, skipping all lookups in it.
File 'F:/ertyu/hotel/food_order_system/backend/node_modules/v8.js' does not exist.
File 'F:/ertyu/hotel/food_order_system/backend/node_modules/v8.jsx' does not exist.
Directory 'F:/ertyu/hotel/food_order_system/node_modules' does not exist, skipping all lookups in it.
Directory 'F:/ertyu/hotel/node_modules' does not exist, skipping all lookups in it.
Directory 'F:/ertyu/node_modules' does not exist, skipping all lookups in it.
Directory 'F:/node_modules' does not exist, skipping all lookups in it.
======== Module name 'v8' was not resolved. ========
======== Resolving module 'node:v8' from 'F:/ertyu/hotel/food_order_system/backend/node_modules/@types/node/process.d.ts'. ========
Module resolution kind is not specified, using 'Node10'.
Skipping module 'node:v8' that looks like an absolute URI, target file types: TypeScript, Declaration.
Skipping module 'node:v8' that looks like an absolute URI, target file types: JavaScript.
======== Module name 'node:v8' was not resolved. ========
======== Resolving module 'vm' from 'F:/ertyu/hotel/food_order_system/backend/node_modules/@types/node/process.d.ts'. ========
Module resolution kind is not specified, using 'Node10'.
Loading module 'vm' from 'node_modules' folder, target file types: TypeScript, Declaration.
Searching all ancestor node_modules directories for preferred extensions: TypeScript, Declaration.
Directory 'F:/ertyu/hotel/food_order_system/backend/node_modules/@types/node/node_modules' does not exist, skipping all lookups in it.
Directory 'F:/ertyu/hotel/food_order_system/backend/node_modules/@types/node_modules' does not exist, skipping all lookups in it.
File 'F:/ertyu/hotel/food_order_system/backend/node_modules/vm.ts' does not exist.
File 'F:/ertyu/hotel/food_order_system/backend/node_modules/vm.tsx' does not exist.
File 'F:/ertyu/hotel/food_order_system/backend/node_modules/vm.d.ts' does not exist.
File 'F:/ertyu/hotel/food_order_system/backend/node_modules/@types/vm.d.ts' does not exist.
Directory 'F:/ertyu/hotel/food_order_system/node_modules' does not exist, skipping all lookups in it.
Directory 'F:/ertyu/hotel/node_modules' does not exist, skipping all lookups in it.
Directory 'F:/ertyu/node_modules' does not exist, skipping all lookups in it.
Directory 'F:/node_modules' does not exist, skipping all lookups in it.
Loading module 'vm' from 'node_modules' folder, target file types: JavaScript.
Searching all ancestor node_modules directories for fallback extensions: JavaScript.
Directory 'F:/ertyu/hotel/food_order_system/backend/node_modules/@types/node/node_modules' does not exist, skipping all lookups in it.
Directory 'F:/ertyu/hotel/food_order_system/backend/node_modules/@types/node_modules' does not exist, skipping all lookups in it.
File 'F:/ertyu/hotel/food_order_system/backend/node_modules/vm.js' does not exist.
File 'F:/ertyu/hotel/food_order_system/backend/node_modules/vm.jsx' does not exist.
Directory 'F:/ertyu/hotel/food_order_system/node_modules' does not exist, skipping all lookups in it.
Directory 'F:/ertyu/hotel/node_modules' does not exist, skipping all lookups in it.
Directory 'F:/ertyu/node_modules' does not exist, skipping all lookups in it.
Directory 'F:/node_modules' does not exist, skipping all lookups in it.
======== Module name 'vm' was not resolved. ========
======== Resolving module 'node:vm' from 'F:/ertyu/hotel/food_order_system/backend/node_modules/@types/node/process.d.ts'. ========
Module resolution kind is not specified, using 'Node10'.
Skipping module 'node:vm' that looks like an absolute URI, target file types: TypeScript, Declaration.
Skipping module 'node:vm' that looks like an absolute URI, target file types: JavaScript.
======== Module name 'node:vm' was not resolved. ========
======== Resolving module 'wasi' from 'F:/ertyu/hotel/food_order_system/backend/node_modules/@types/node/process.d.ts'. ========
Module resolution kind is not specified, using 'Node10'.
Loading module 'wasi' from 'node_modules' folder, target file types: TypeScript, Declaration.
Searching all ancestor node_modules directories for preferred extensions: TypeScript, Declaration.
Directory 'F:/ertyu/hotel/food_order_system/backend/node_modules/@types/node/node_modules' does not exist, skipping all lookups in it.
Directory 'F:/ertyu/hotel/food_order_system/backend/node_modules/@types/node_modules' does not exist, skipping all lookups in it.
File 'F:/ertyu/hotel/food_order_system/backend/node_modules/wasi.ts' does not exist.
File 'F:/ertyu/hotel/food_order_system/backend/node_modules/wasi.tsx' does not exist.
File 'F:/ertyu/hotel/food_order_system/backend/node_modules/wasi.d.ts' does not exist.
File 'F:/ertyu/hotel/food_order_system/backend/node_modules/@types/wasi.d.ts' does not exist.
Directory 'F:/ertyu/hotel/food_order_system/node_modules' does not exist, skipping all lookups in it.
Directory 'F:/ertyu/hotel/node_modules' does not exist, skipping all lookups in it.
Directory 'F:/ertyu/node_modules' does not exist, skipping all lookups in it.
Directory 'F:/node_modules' does not exist, skipping all lookups in it.
Loading module 'wasi' from 'node_modules' folder, target file types: JavaScript.
Searching all ancestor node_modules directories for fallback extensions: JavaScript.
Directory 'F:/ertyu/hotel/food_order_system/backend/node_modules/@types/node/node_modules' does not exist, skipping all lookups in it.
Directory 'F:/ertyu/hotel/food_order_system/backend/node_modules/@types/node_modules' does not exist, skipping all lookups in it.
File 'F:/ertyu/hotel/food_order_system/backend/node_modules/wasi.js' does not exist.
File 'F:/ertyu/hotel/food_order_system/backend/node_modules/wasi.jsx' does not exist.
Directory 'F:/ertyu/hotel/food_order_system/node_modules' does not exist, skipping all lookups in it.
Directory 'F:/ertyu/hotel/node_modules' does not exist, skipping all lookups in it.
Directory 'F:/ertyu/node_modules' does not exist, skipping all lookups in it.
Directory 'F:/node_modules' does not exist, skipping all lookups in it.
======== Module name 'wasi' was not resolved. ========
======== Resolving module 'node:wasi' from 'F:/ertyu/hotel/food_order_system/backend/node_modules/@types/node/process.d.ts'. ========
Module resolution kind is not specified, using 'Node10'.
Skipping module 'node:wasi' that looks like an absolute URI, target file types: TypeScript, Declaration.
Skipping module 'node:wasi' that looks like an absolute URI, target file types: JavaScript.
======== Module name 'node:wasi' was not resolved. ========
======== Resolving module 'worker_threads' from 'F:/ertyu/hotel/food_order_system/backend/node_modules/@types/node/process.d.ts'. ========
Module resolution kind is not specified, using 'Node10'.
Loading module 'worker_threads' from 'node_modules' folder, target file types: TypeScript, Declaration.
Searching all ancestor node_modules directories for preferred extensions: TypeScript, Declaration.
Directory 'F:/ertyu/hotel/food_order_system/backend/node_modules/@types/node/node_modules' does not exist, skipping all lookups in it.
Directory 'F:/ertyu/hotel/food_order_system/backend/node_modules/@types/node_modules' does not exist, skipping all lookups in it.
Resolution for module 'worker_threads' was found in cache from location 'F:/ertyu/hotel/food_order_system/backend'.
======== Module name 'worker_threads' was not resolved. ========
======== Resolving module 'zlib' from 'F:/ertyu/hotel/food_order_system/backend/node_modules/@types/node/process.d.ts'. ========
Module resolution kind is not specified, using 'Node10'.
Loading module 'zlib' from 'node_modules' folder, target file types: TypeScript, Declaration.
Searching all ancestor node_modules directories for preferred extensions: TypeScript, Declaration.
Directory 'F:/ertyu/hotel/food_order_system/backend/node_modules/@types/node/node_modules' does not exist, skipping all lookups in it.
Directory 'F:/ertyu/hotel/food_order_system/backend/node_modules/@types/node_modules' does not exist, skipping all lookups in it.
File 'F:/ertyu/hotel/food_order_system/backend/node_modules/zlib.ts' does not exist.
File 'F:/ertyu/hotel/food_order_system/backend/node_modules/zlib.tsx' does not exist.
File 'F:/ertyu/hotel/food_order_system/backend/node_modules/zlib.d.ts' does not exist.
File 'F:/ertyu/hotel/food_order_system/backend/node_modules/@types/zlib.d.ts' does not exist.
Directory 'F:/ertyu/hotel/food_order_system/node_modules' does not exist, skipping all lookups in it.
Directory 'F:/ertyu/hotel/node_modules' does not exist, skipping all lookups in it.
Directory 'F:/ertyu/node_modules' does not exist, skipping all lookups in it.
Directory 'F:/node_modules' does not exist, skipping all lookups in it.
Loading module 'zlib' from 'node_modules' folder, target file types: JavaScript.
Searching all ancestor node_modules directories for fallback extensions: JavaScript.
Directory 'F:/ertyu/hotel/food_order_system/backend/node_modules/@types/node/node_modules' does not exist, skipping all lookups in it.
Directory 'F:/ertyu/hotel/food_order_system/backend/node_modules/@types/node_modules' does not exist, skipping all lookups in it.
File 'F:/ertyu/hotel/food_order_system/backend/node_modules/zlib.js' does not exist.
File 'F:/ertyu/hotel/food_order_system/backend/node_modules/zlib.jsx' does not exist.
Directory 'F:/ertyu/hotel/food_order_system/node_modules' does not exist, skipping all lookups in it.
Directory 'F:/ertyu/hotel/node_modules' does not exist, skipping all lookups in it.
Directory 'F:/ertyu/node_modules' does not exist, skipping all lookups in it.
Directory 'F:/node_modules' does not exist, skipping all lookups in it.
======== Module name 'zlib' was not resolved. ========
======== Resolving module 'node:zlib' from 'F:/ertyu/hotel/food_order_system/backend/node_modules/@types/node/process.d.ts'. ========
Module resolution kind is not specified, using 'Node10'.
Skipping module 'node:zlib' that looks like an absolute URI, target file types: TypeScript, Declaration.
Skipping module 'node:zlib' that looks like an absolute URI, target file types: JavaScript.
======== Module name 'node:zlib' was not resolved. ========
File 'F:/ertyu/hotel/food_order_system/backend/node_modules/@types/node/package.json' exists according to earlier cached lookups.
Module 'punycode' was resolved as locally declared ambient module in file 'F:/ertyu/hotel/food_order_system/backend/node_modules/@types/node/punycode.d.ts'.
File 'F:/ertyu/hotel/food_order_system/backend/node_modules/@types/node/package.json' exists according to earlier cached lookups.
Module 'querystring' was resolved as locally declared ambient module in file 'F:/ertyu/hotel/food_order_system/backend/node_modules/@types/node/querystring.d.ts'.
File 'F:/ertyu/hotel/food_order_system/backend/node_modules/@types/node/package.json' exists according to earlier cached lookups.
Module 'readline' was resolved as locally declared ambient module in file 'F:/ertyu/hotel/food_order_system/backend/node_modules/@types/node/readline.d.ts'.
======== Resolving module 'node:events' from 'F:/ertyu/hotel/food_order_system/backend/node_modules/@types/node/readline.d.ts'. ========
Resolution for module 'node:events' was found in cache from location 'F:/ertyu/hotel/food_order_system/backend/node_modules/@types/node'.
======== Module name 'node:events' was not resolved. ========
======== Resolving module 'node:readline/promises' from 'F:/ertyu/hotel/food_order_system/backend/node_modules/@types/node/readline.d.ts'. ========
Resolution for module 'node:readline/promises' was found in cache from location 'F:/ertyu/hotel/food_order_system/backend/node_modules/@types/node'.
======== Module name 'node:readline/promises' was not resolved. ========
File 'F:/ertyu/hotel/food_order_system/backend/node_modules/@types/node/readline/package.json' does not exist.
File 'F:/ertyu/hotel/food_order_system/backend/node_modules/@types/node/package.json' exists according to earlier cached lookups.
Module 'readline/promises' was resolved as locally declared ambient module in file 'F:/ertyu/hotel/food_order_system/backend/node_modules/@types/node/readline/promises.d.ts'.
======== Resolving module 'node:events' from 'F:/ertyu/hotel/food_order_system/backend/node_modules/@types/node/readline/promises.d.ts'. ========
Module resolution kind is not specified, using 'Node10'.
Skipping module 'node:events' that looks like an absolute URI, target file types: TypeScript, Declaration.
Skipping module 'node:events' that looks like an absolute URI, target file types: JavaScript.
======== Module name 'node:events' was not resolved. ========
======== Resolving module 'node:readline' from 'F:/ertyu/hotel/food_order_system/backend/node_modules/@types/node/readline/promises.d.ts'. ========
Module resolution kind is not specified, using 'Node10'.
Skipping module 'node:readline' that looks like an absolute URI, target file types: TypeScript, Declaration.
Skipping module 'node:readline' that looks like an absolute URI, target file types: JavaScript.
======== Module name 'node:readline' was not resolved. ========
File 'F:/ertyu/hotel/food_order_system/backend/node_modules/@types/node/package.json' exists according to earlier cached lookups.
Module 'repl' was resolved as locally declared ambient module in file 'F:/ertyu/hotel/food_order_system/backend/node_modules/@types/node/repl.d.ts'.
======== Resolving module 'node:readline' from 'F:/ertyu/hotel/food_order_system/backend/node_modules/@types/node/repl.d.ts'. ========
Resolution for module 'node:readline' was found in cache from location 'F:/ertyu/hotel/food_order_system/backend/node_modules/@types/node'.
======== Module name 'node:readline' was not resolved. ========
======== Resolving module 'node:vm' from 'F:/ertyu/hotel/food_order_system/backend/node_modules/@types/node/repl.d.ts'. ========
Resolution for module 'node:vm' was found in cache from location 'F:/ertyu/hotel/food_order_system/backend/node_modules/@types/node'.
======== Module name 'node:vm' was not resolved. ========
======== Resolving module 'node:util' from 'F:/ertyu/hotel/food_order_system/backend/node_modules/@types/node/repl.d.ts'. ========
Resolution for module 'node:util' was found in cache from location 'F:/ertyu/hotel/food_order_system/backend/node_modules/@types/node'.
======== Module name 'node:util' was not resolved. ========
File 'F:/ertyu/hotel/food_order_system/backend/node_modules/@types/node/package.json' exists according to earlier cached lookups.
File 'F:/ertyu/hotel/food_order_system/backend/node_modules/@types/node/package.json' exists according to earlier cached lookups.
Module 'stream' was resolved as locally declared ambient module in file 'F:/ertyu/hotel/food_order_system/backend/node_modules/@types/node/stream.d.ts'.
======== Resolving module 'node:events' from 'F:/ertyu/hotel/food_order_system/backend/node_modules/@types/node/stream.d.ts'. ========
Resolution for module 'node:events' was found in cache from location 'F:/ertyu/hotel/food_order_system/backend/node_modules/@types/node'.
======== Module name 'node:events' was not resolved. ========
======== Resolving module 'node:buffer' from 'F:/ertyu/hotel/food_order_system/backend/node_modules/@types/node/stream.d.ts'. ========
Resolution for module 'node:buffer' was found in cache from location 'F:/ertyu/hotel/food_order_system/backend/node_modules/@types/node'.
======== Module name 'node:buffer' was not resolved. ========
======== Resolving module 'node:stream/promises' from 'F:/ertyu/hotel/food_order_system/backend/node_modules/@types/node/stream.d.ts'. ========
Resolution for module 'node:stream/promises' was found in cache from location 'F:/ertyu/hotel/food_order_system/backend/node_modules/@types/node'.
======== Module name 'node:stream/promises' was not resolved. ========
======== Resolving module 'node:stream/web' from 'F:/ertyu/hotel/food_order_system/backend/node_modules/@types/node/stream.d.ts'. ========
Resolution for module 'node:stream/web' was found in cache from location 'F:/ertyu/hotel/food_order_system/backend/node_modules/@types/node'.
======== Module name 'node:stream/web' was not resolved. ========
File 'F:/ertyu/hotel/food_order_system/backend/node_modules/@types/node/stream/package.json' does not exist.
File 'F:/ertyu/hotel/food_order_system/backend/node_modules/@types/node/package.json' exists according to earlier cached lookups.
Module 'stream/promises' was resolved as locally declared ambient module in file 'F:/ertyu/hotel/food_order_system/backend/node_modules/@types/node/stream/promises.d.ts'.
======== Resolving module 'node:stream' from 'F:/ertyu/hotel/food_order_system/backend/node_modules/@types/node/stream/promises.d.ts'. ========
Module resolution kind is not specified, using 'Node10'.
Skipping module 'node:stream' that looks like an absolute URI, target file types: TypeScript, Declaration.
Skipping module 'node:stream' that looks like an absolute URI, target file types: JavaScript.
======== Module name 'node:stream' was not resolved. ========
File 'F:/ertyu/hotel/food_order_system/backend/node_modules/@types/node/stream/package.json' does not exist according to earlier cached lookups.
File 'F:/ertyu/hotel/food_order_system/backend/node_modules/@types/node/package.json' exists according to earlier cached lookups.
Module 'stream/consumers' was resolved as locally declared ambient module in file 'F:/ertyu/hotel/food_order_system/backend/node_modules/@types/node/stream/consumers.d.ts'.
======== Resolving module 'node:buffer' from 'F:/ertyu/hotel/food_order_system/backend/node_modules/@types/node/stream/consumers.d.ts'. ========
Module resolution kind is not specified, using 'Node10'.
Skipping module 'node:buffer' that looks like an absolute URI, target file types: TypeScript, Declaration.
Skipping module 'node:buffer' that looks like an absolute URI, target file types: JavaScript.
======== Module name 'node:buffer' was not resolved. ========
======== Resolving module 'node:stream/web' from 'F:/ertyu/hotel/food_order_system/backend/node_modules/@types/node/stream/consumers.d.ts'. ========
Module resolution kind is not specified, using 'Node10'.
Skipping module 'node:stream/web' that looks like an absolute URI, target file types: TypeScript, Declaration.
Skipping module 'node:stream/web' that looks like an absolute URI, target file types: JavaScript.
======== Module name 'node:stream/web' was not resolved. ========
File 'F:/ertyu/hotel/food_order_system/backend/node_modules/@types/node/stream/package.json' does not exist according to earlier cached lookups.
File 'F:/ertyu/hotel/food_order_system/backend/node_modules/@types/node/package.json' exists according to earlier cached lookups.
Module 'stream/web' was resolved as locally declared ambient module in file 'F:/ertyu/hotel/food_order_system/backend/node_modules/@types/node/stream/web.d.ts'.
Module 'stream/web' was resolved as locally declared ambient module in file 'F:/ertyu/hotel/food_order_system/backend/node_modules/@types/node/stream/web.d.ts'.
Module 'stream/web' was resolved as locally declared ambient module in file 'F:/ertyu/hotel/food_order_system/backend/node_modules/@types/node/stream/web.d.ts'.
Module 'stream/web' was resolved as locally declared ambient module in file 'F:/ertyu/hotel/food_order_system/backend/node_modules/@types/node/stream/web.d.ts'.
Module 'stream/web' was resolved as locally declared ambient module in file 'F:/ertyu/hotel/food_order_system/backend/node_modules/@types/node/stream/web.d.ts'.
Module 'stream/web' was resolved as locally declared ambient module in file 'F:/ertyu/hotel/food_order_system/backend/node_modules/@types/node/stream/web.d.ts'.
Module 'stream/web' was resolved as locally declared ambient module in file 'F:/ertyu/hotel/food_order_system/backend/node_modules/@types/node/stream/web.d.ts'.
Module 'stream/web' was resolved as locally declared ambient module in file 'F:/ertyu/hotel/food_order_system/backend/node_modules/@types/node/stream/web.d.ts'.
Module 'stream/web' was resolved as locally declared ambient module in file 'F:/ertyu/hotel/food_order_system/backend/node_modules/@types/node/stream/web.d.ts'.
Module 'stream/web' was resolved as locally declared ambient module in file 'F:/ertyu/hotel/food_order_system/backend/node_modules/@types/node/stream/web.d.ts'.
Module 'stream/web' was resolved as locally declared ambient module in file 'F:/ertyu/hotel/food_order_system/backend/node_modules/@types/node/stream/web.d.ts'.
Module 'stream/web' was resolved as locally declared ambient module in file 'F:/ertyu/hotel/food_order_system/backend/node_modules/@types/node/stream/web.d.ts'.
Module 'stream/web' was resolved as locally declared ambient module in file 'F:/ertyu/hotel/food_order_system/backend/node_modules/@types/node/stream/web.d.ts'.
Module 'stream/web' was resolved as locally declared ambient module in file 'F:/ertyu/hotel/food_order_system/backend/node_modules/@types/node/stream/web.d.ts'.
Module 'stream/web' was resolved as locally declared ambient module in file 'F:/ertyu/hotel/food_order_system/backend/node_modules/@types/node/stream/web.d.ts'.
Module 'stream/web' was resolved as locally declared ambient module in file 'F:/ertyu/hotel/food_order_system/backend/node_modules/@types/node/stream/web.d.ts'.
Module 'stream/web' was resolved as locally declared ambient module in file 'F:/ertyu/hotel/food_order_system/backend/node_modules/@types/node/stream/web.d.ts'.
Module 'stream/web' was resolved as locally declared ambient module in file 'F:/ertyu/hotel/food_order_system/backend/node_modules/@types/node/stream/web.d.ts'.
Module 'stream/web' was resolved as locally declared ambient module in file 'F:/ertyu/hotel/food_order_system/backend/node_modules/@types/node/stream/web.d.ts'.
Module 'stream/web' was resolved as locally declared ambient module in file 'F:/ertyu/hotel/food_order_system/backend/node_modules/@types/node/stream/web.d.ts'.
Module 'stream/web' was resolved as locally declared ambient module in file 'F:/ertyu/hotel/food_order_system/backend/node_modules/@types/node/stream/web.d.ts'.
Module 'stream/web' was resolved as locally declared ambient module in file 'F:/ertyu/hotel/food_order_system/backend/node_modules/@types/node/stream/web.d.ts'.
Module 'stream/web' was resolved as locally declared ambient module in file 'F:/ertyu/hotel/food_order_system/backend/node_modules/@types/node/stream/web.d.ts'.
Module 'stream/web' was resolved as locally declared ambient module in file 'F:/ertyu/hotel/food_order_system/backend/node_modules/@types/node/stream/web.d.ts'.
Module 'stream/web' was resolved as locally declared ambient module in file 'F:/ertyu/hotel/food_order_system/backend/node_modules/@types/node/stream/web.d.ts'.
Module 'stream/web' was resolved as locally declared ambient module in file 'F:/ertyu/hotel/food_order_system/backend/node_modules/@types/node/stream/web.d.ts'.
Module 'stream/web' was resolved as locally declared ambient module in file 'F:/ertyu/hotel/food_order_system/backend/node_modules/@types/node/stream/web.d.ts'.
Module 'stream/web' was resolved as locally declared ambient module in file 'F:/ertyu/hotel/food_order_system/backend/node_modules/@types/node/stream/web.d.ts'.
Module 'stream/web' was resolved as locally declared ambient module in file 'F:/ertyu/hotel/food_order_system/backend/node_modules/@types/node/stream/web.d.ts'.
Module 'stream/web' was resolved as locally declared ambient module in file 'F:/ertyu/hotel/food_order_system/backend/node_modules/@types/node/stream/web.d.ts'.
Module 'stream/web' was resolved as locally declared ambient module in file 'F:/ertyu/hotel/food_order_system/backend/node_modules/@types/node/stream/web.d.ts'.
Module 'stream/web' was resolved as locally declared ambient module in file 'F:/ertyu/hotel/food_order_system/backend/node_modules/@types/node/stream/web.d.ts'.
Module 'stream/web' was resolved as locally declared ambient module in file 'F:/ertyu/hotel/food_order_system/backend/node_modules/@types/node/stream/web.d.ts'.
Module 'stream/web' was resolved as locally declared ambient module in file 'F:/ertyu/hotel/food_order_system/backend/node_modules/@types/node/stream/web.d.ts'.
Module 'stream/web' was resolved as locally declared ambient module in file 'F:/ertyu/hotel/food_order_system/backend/node_modules/@types/node/stream/web.d.ts'.
Module 'stream/web' was resolved as locally declared ambient module in file 'F:/ertyu/hotel/food_order_system/backend/node_modules/@types/node/stream/web.d.ts'.
File 'F:/ertyu/hotel/food_order_system/backend/node_modules/@types/node/package.json' exists according to earlier cached lookups.
Module 'string_decoder' was resolved as locally declared ambient module in file 'F:/ertyu/hotel/food_order_system/backend/node_modules/@types/node/string_decoder.d.ts'.
File 'F:/ertyu/hotel/food_order_system/backend/node_modules/@types/node/package.json' exists according to earlier cached lookups.
Module 'node:test' was resolved as locally declared ambient module in file 'F:/ertyu/hotel/food_order_system/backend/node_modules/@types/node/test.d.ts'.
======== Resolving module 'node:assert' from 'F:/ertyu/hotel/food_order_system/backend/node_modules/@types/node/test.d.ts'. ========
Resolution for module 'node:assert' was found in cache from location 'F:/ertyu/hotel/food_order_system/backend/node_modules/@types/node'.
======== Module name 'node:assert' was not resolved. ========
======== Resolving module 'node:stream' from 'F:/ertyu/hotel/food_order_system/backend/node_modules/@types/node/test.d.ts'. ========
Resolution for module 'node:stream' was found in cache from location 'F:/ertyu/hotel/food_order_system/backend/node_modules/@types/node'.
======== Module name 'node:stream' was not resolved. ========
======== Resolving module 'assert' from 'F:/ertyu/hotel/food_order_system/backend/node_modules/@types/node/test.d.ts'. ========
Resolution for module 'assert' was found in cache from location 'F:/ertyu/hotel/food_order_system/backend/node_modules/@types/node'.
======== Module name 'assert' was not resolved. ========
File 'F:/ertyu/hotel/food_order_system/backend/node_modules/@types/node/package.json' exists according to earlier cached lookups.
Module 'timers' was resolved as locally declared ambient module in file 'F:/ertyu/hotel/food_order_system/backend/node_modules/@types/node/timers.d.ts'.
======== Resolving module 'node:events' from 'F:/ertyu/hotel/food_order_system/backend/node_modules/@types/node/timers.d.ts'. ========
Resolution for module 'node:events' was found in cache from location 'F:/ertyu/hotel/food_order_system/backend/node_modules/@types/node'.
======== Module name 'node:events' was not resolved. ========
======== Resolving module 'node:timers/promises' from 'F:/ertyu/hotel/food_order_system/backend/node_modules/@types/node/timers.d.ts'. ========
Resolution for module 'node:timers/promises' was found in cache from location 'F:/ertyu/hotel/food_order_system/backend/node_modules/@types/node'.
======== Module name 'node:timers/promises' was not resolved. ========
File 'F:/ertyu/hotel/food_order_system/backend/node_modules/@types/node/timers/package.json' does not exist.
File 'F:/ertyu/hotel/food_order_system/backend/node_modules/@types/node/package.json' exists according to earlier cached lookups.
Module 'timers/promises' was resolved as locally declared ambient module in file 'F:/ertyu/hotel/food_order_system/backend/node_modules/@types/node/timers/promises.d.ts'.
======== Resolving module 'node:timers' from 'F:/ertyu/hotel/food_order_system/backend/node_modules/@types/node/timers/promises.d.ts'. ========
Module resolution kind is not specified, using 'Node10'.
Skipping module 'node:timers' that looks like an absolute URI, target file types: TypeScript, Declaration.
Skipping module 'node:timers' that looks like an absolute URI, target file types: JavaScript.
======== Module name 'node:timers' was not resolved. ========
File 'F:/ertyu/hotel/food_order_system/backend/node_modules/@types/node/package.json' exists according to earlier cached lookups.
Module 'tls' was resolved as locally declared ambient module in file 'F:/ertyu/hotel/food_order_system/backend/node_modules/@types/node/tls.d.ts'.
======== Resolving module 'node:buffer' from 'F:/ertyu/hotel/food_order_system/backend/node_modules/@types/node/tls.d.ts'. ========
Resolution for module 'node:buffer' was found in cache from location 'F:/ertyu/hotel/food_order_system/backend/node_modules/@types/node'.
======== Module name 'node:buffer' was not resolved. ========
======== Resolving module 'node:crypto' from 'F:/ertyu/hotel/food_order_system/backend/node_modules/@types/node/tls.d.ts'. ========
Resolution for module 'node:crypto' was found in cache from location 'F:/ertyu/hotel/food_order_system/backend/node_modules/@types/node'.
======== Module name 'node:crypto' was not resolved. ========
======== Resolving module 'node:net' from 'F:/ertyu/hotel/food_order_system/backend/node_modules/@types/node/tls.d.ts'. ========
Resolution for module 'node:net' was found in cache from location 'F:/ertyu/hotel/food_order_system/backend/node_modules/@types/node'.
======== Module name 'node:net' was not resolved. ========
======== Resolving module 'stream' from 'F:/ertyu/hotel/food_order_system/backend/node_modules/@types/node/tls.d.ts'. ========
Resolution for module 'stream' was found in cache from location 'F:/ertyu/hotel/food_order_system/backend/node_modules/@types/node'.
======== Module name 'stream' was not resolved. ========
File 'F:/ertyu/hotel/food_order_system/backend/node_modules/@types/node/package.json' exists according to earlier cached lookups.
Module 'trace_events' was resolved as locally declared ambient module in file 'F:/ertyu/hotel/food_order_system/backend/node_modules/@types/node/trace_events.d.ts'.
File 'F:/ertyu/hotel/food_order_system/backend/node_modules/@types/node/package.json' exists according to earlier cached lookups.
Module 'tty' was resolved as locally declared ambient module in file 'F:/ertyu/hotel/food_order_system/backend/node_modules/@types/node/tty.d.ts'.
======== Resolving module 'node:net' from 'F:/ertyu/hotel/food_order_system/backend/node_modules/@types/node/tty.d.ts'. ========
Resolution for module 'node:net' was found in cache from location 'F:/ertyu/hotel/food_order_system/backend/node_modules/@types/node'.
======== Module name 'node:net' was not resolved. ========
File 'F:/ertyu/hotel/food_order_system/backend/node_modules/@types/node/package.json' exists according to earlier cached lookups.
Module 'url' was resolved as locally declared ambient module in file 'F:/ertyu/hotel/food_order_system/backend/node_modules/@types/node/url.d.ts'.
Module 'url' was resolved as locally declared ambient module in file 'F:/ertyu/hotel/food_order_system/backend/node_modules/@types/node/url.d.ts'.
======== Resolving module 'node:buffer' from 'F:/ertyu/hotel/food_order_system/backend/node_modules/@types/node/url.d.ts'. ========
Resolution for module 'node:buffer' was found in cache from location 'F:/ertyu/hotel/food_order_system/backend/node_modules/@types/node'.
======== Module name 'node:buffer' was not resolved. ========
======== Resolving module 'node:http' from 'F:/ertyu/hotel/food_order_system/backend/node_modules/@types/node/url.d.ts'. ========
Resolution for module 'node:http' was found in cache from location 'F:/ertyu/hotel/food_order_system/backend/node_modules/@types/node'.
======== Module name 'node:http' was not resolved. ========
======== Resolving module 'node:querystring' from 'F:/ertyu/hotel/food_order_system/backend/node_modules/@types/node/url.d.ts'. ========
Resolution for module 'node:querystring' was found in cache from location 'F:/ertyu/hotel/food_order_system/backend/node_modules/@types/node'.
======== Module name 'node:querystring' was not resolved. ========
File 'F:/ertyu/hotel/food_order_system/backend/node_modules/@types/node/package.json' exists according to earlier cached lookups.
Module 'node:util/types' was resolved as locally declared ambient module in file 'F:/ertyu/hotel/food_order_system/backend/node_modules/@types/node/util.d.ts'.
Module 'util' was resolved as locally declared ambient module in file 'F:/ertyu/hotel/food_order_system/backend/node_modules/@types/node/util.d.ts'.
Module 'util' was resolved as locally declared ambient module in file 'F:/ertyu/hotel/food_order_system/backend/node_modules/@types/node/util.d.ts'.
Module 'util/types' was resolved as locally declared ambient module in file 'F:/ertyu/hotel/food_order_system/backend/node_modules/@types/node/util.d.ts'.
======== Resolving module 'node:crypto' from 'F:/ertyu/hotel/food_order_system/backend/node_modules/@types/node/util.d.ts'. ========
Resolution for module 'node:crypto' was found in cache from location 'F:/ertyu/hotel/food_order_system/backend/node_modules/@types/node'.
======== Module name 'node:crypto' was not resolved. ========
File 'F:/ertyu/hotel/food_order_system/backend/node_modules/@types/node/package.json' exists according to earlier cached lookups.
Module 'v8' was resolved as locally declared ambient module in file 'F:/ertyu/hotel/food_order_system/backend/node_modules/@types/node/v8.d.ts'.
======== Resolving module 'node:buffer' from 'F:/ertyu/hotel/food_order_system/backend/node_modules/@types/node/v8.d.ts'. ========
Resolution for module 'node:buffer' was found in cache from location 'F:/ertyu/hotel/food_order_system/backend/node_modules/@types/node'.
======== Module name 'node:buffer' was not resolved. ========
======== Resolving module 'node:stream' from 'F:/ertyu/hotel/food_order_system/backend/node_modules/@types/node/v8.d.ts'. ========
Resolution for module 'node:stream' was found in cache from location 'F:/ertyu/hotel/food_order_system/backend/node_modules/@types/node'.
======== Module name 'node:stream' was not resolved. ========
File 'F:/ertyu/hotel/food_order_system/backend/node_modules/@types/node/package.json' exists according to earlier cached lookups.
Module 'vm' was resolved as locally declared ambient module in file 'F:/ertyu/hotel/food_order_system/backend/node_modules/@types/node/vm.d.ts'.
======== Resolving module 'node:buffer' from 'F:/ertyu/hotel/food_order_system/backend/node_modules/@types/node/vm.d.ts'. ========
Resolution for module 'node:buffer' was found in cache from location 'F:/ertyu/hotel/food_order_system/backend/node_modules/@types/node'.
======== Module name 'node:buffer' was not resolved. ========
======== Resolving module 'node:module' from 'F:/ertyu/hotel/food_order_system/backend/node_modules/@types/node/vm.d.ts'. ========
Resolution for module 'node:module' was found in cache from location 'F:/ertyu/hotel/food_order_system/backend/node_modules/@types/node'.
======== Module name 'node:module' was not resolved. ========
File 'F:/ertyu/hotel/food_order_system/backend/node_modules/@types/node/package.json' exists according to earlier cached lookups.
Module 'wasi' was resolved as locally declared ambient module in file 'F:/ertyu/hotel/food_order_system/backend/node_modules/@types/node/wasi.d.ts'.
File 'F:/ertyu/hotel/food_order_system/backend/node_modules/@types/node/package.json' exists according to earlier cached lookups.
Module 'worker_threads' was resolved as locally declared ambient module in file 'F:/ertyu/hotel/food_order_system/backend/node_modules/@types/node/worker_threads.d.ts'.
Module 'worker_threads' was resolved as locally declared ambient module in file 'F:/ertyu/hotel/food_order_system/backend/node_modules/@types/node/worker_threads.d.ts'.
======== Resolving module 'node:vm' from 'F:/ertyu/hotel/food_order_system/backend/node_modules/@types/node/worker_threads.d.ts'. ========
Resolution for module 'node:vm' was found in cache from location 'F:/ertyu/hotel/food_order_system/backend/node_modules/@types/node'.
======== Module name 'node:vm' was not resolved. ========
======== Resolving module 'node:events' from 'F:/ertyu/hotel/food_order_system/backend/node_modules/@types/node/worker_threads.d.ts'. ========
Resolution for module 'node:events' was found in cache from location 'F:/ertyu/hotel/food_order_system/backend/node_modules/@types/node'.
======== Module name 'node:events' was not resolved. ========
======== Resolving module 'node:perf_hooks' from 'F:/ertyu/hotel/food_order_system/backend/node_modules/@types/node/worker_threads.d.ts'. ========
Resolution for module 'node:perf_hooks' was found in cache from location 'F:/ertyu/hotel/food_order_system/backend/node_modules/@types/node'.
======== Module name 'node:perf_hooks' was not resolved. ========
======== Resolving module 'node:fs/promises' from 'F:/ertyu/hotel/food_order_system/backend/node_modules/@types/node/worker_threads.d.ts'. ========
Resolution for module 'node:fs/promises' was found in cache from location 'F:/ertyu/hotel/food_order_system/backend/node_modules/@types/node'.
======== Module name 'node:fs/promises' was not resolved. ========
======== Resolving module 'node:stream' from 'F:/ertyu/hotel/food_order_system/backend/node_modules/@types/node/worker_threads.d.ts'. ========
Resolution for module 'node:stream' was found in cache from location 'F:/ertyu/hotel/food_order_system/backend/node_modules/@types/node'.
======== Module name 'node:stream' was not resolved. ========
======== Resolving module 'node:stream/web' from 'F:/ertyu/hotel/food_order_system/backend/node_modules/@types/node/worker_threads.d.ts'. ========
Resolution for module 'node:stream/web' was found in cache from location 'F:/ertyu/hotel/food_order_system/backend/node_modules/@types/node'.
======== Module name 'node:stream/web' was not resolved. ========
======== Resolving module 'node:url' from 'F:/ertyu/hotel/food_order_system/backend/node_modules/@types/node/worker_threads.d.ts'. ========
Resolution for module 'node:url' was found in cache from location 'F:/ertyu/hotel/food_order_system/backend/node_modules/@types/node'.
======== Module name 'node:url' was not resolved. ========
======== Resolving module 'undici-types' from 'F:/ertyu/hotel/food_order_system/backend/node_modules/@types/node/worker_threads.d.ts'. ========
Module resolution kind is not specified, using 'Node10'.
Loading module 'undici-types' from 'node_modules' folder, target file types: TypeScript, Declaration.
Searching all ancestor node_modules directories for preferred extensions: TypeScript, Declaration.
Resolution for module 'undici-types' was found in cache from location 'F:/ertyu/hotel/food_order_system/backend/node_modules/@types/node'.
======== Module name 'undici-types' was successfully resolved to 'F:/ertyu/hotel/food_order_system/backend/node_modules/undici-types/index.d.ts' with Package ID 'undici-types/index.d.ts@6.21.0'. ========
File 'F:/ertyu/hotel/food_order_system/backend/node_modules/@types/node/package.json' exists according to earlier cached lookups.
Module 'zlib' was resolved as locally declared ambient module in file 'F:/ertyu/hotel/food_order_system/backend/node_modules/@types/node/zlib.d.ts'.
======== Resolving module 'node:buffer' from 'F:/ertyu/hotel/food_order_system/backend/node_modules/@types/node/zlib.d.ts'. ========
Resolution for module 'node:buffer' was found in cache from location 'F:/ertyu/hotel/food_order_system/backend/node_modules/@types/node'.
======== Module name 'node:buffer' was not resolved. ========
======== Resolving module 'node:stream' from 'F:/ertyu/hotel/food_order_system/backend/node_modules/@types/node/zlib.d.ts'. ========
Resolution for module 'node:stream' was found in cache from location 'F:/ertyu/hotel/food_order_system/backend/node_modules/@types/node'.
======== Module name 'node:stream' was not resolved. ========
======== Resolving module '@typescript/lib-es2020' from 'F:/ertyu/hotel/food_order_system/backend/__lib_node_modules_lookup_lib.es2020.d.ts__.ts'. ========
Explicitly specified module resolution kind: 'Node10'.
Loading module '@typescript/lib-es2020' from 'node_modules' folder, target file types: TypeScript, Declaration.
Searching all ancestor node_modules directories for preferred extensions: TypeScript, Declaration.
Scoped package detected, looking in 'typescript__lib-es2020'
File 'F:/ertyu/hotel/food_order_system/backend/node_modules/@types/typescript__lib-es2020.d.ts' does not exist.
Directory 'F:/ertyu/hotel/food_order_system/node_modules' does not exist, skipping all lookups in it.
Scoped package detected, looking in 'typescript__lib-es2020'
Directory 'F:/ertyu/hotel/node_modules' does not exist, skipping all lookups in it.
Scoped package detected, looking in 'typescript__lib-es2020'
Directory 'F:/ertyu/node_modules' does not exist, skipping all lookups in it.
Scoped package detected, looking in 'typescript__lib-es2020'
Directory 'F:/node_modules' does not exist, skipping all lookups in it.
Scoped package detected, looking in 'typescript__lib-es2020'
Loading module '@typescript/lib-es2020' from 'node_modules' folder, target file types: JavaScript.
Searching all ancestor node_modules directories for fallback extensions: JavaScript.
Directory 'F:/ertyu/hotel/food_order_system/node_modules' does not exist, skipping all lookups in it.
Directory 'F:/ertyu/hotel/node_modules' does not exist, skipping all lookups in it.
Directory 'F:/ertyu/node_modules' does not exist, skipping all lookups in it.
Directory 'F:/node_modules' does not exist, skipping all lookups in it.
======== Module name '@typescript/lib-es2020' was not resolved. ========
File 'F:/ertyu/hotel/food_order_system/backend/node_modules/typescript/lib/package.json' does not exist.
Found 'package.json' at 'F:/ertyu/hotel/food_order_system/backend/node_modules/typescript/package.json'.
======== Resolving module '@typescript/lib-es2019' from 'F:/ertyu/hotel/food_order_system/backend/__lib_node_modules_lookup_lib.es2019.d.ts__.ts'. ========
Explicitly specified module resolution kind: 'Node10'.
Loading module '@typescript/lib-es2019' from 'node_modules' folder, target file types: TypeScript, Declaration.
Searching all ancestor node_modules directories for preferred extensions: TypeScript, Declaration.
Scoped package detected, looking in 'typescript__lib-es2019'
File 'F:/ertyu/hotel/food_order_system/backend/node_modules/@types/typescript__lib-es2019.d.ts' does not exist.
Directory 'F:/ertyu/hotel/food_order_system/node_modules' does not exist, skipping all lookups in it.
Scoped package detected, looking in 'typescript__lib-es2019'
Directory 'F:/ertyu/hotel/node_modules' does not exist, skipping all lookups in it.
Scoped package detected, looking in 'typescript__lib-es2019'
Directory 'F:/ertyu/node_modules' does not exist, skipping all lookups in it.
Scoped package detected, looking in 'typescript__lib-es2019'
Directory 'F:/node_modules' does not exist, skipping all lookups in it.
Scoped package detected, looking in 'typescript__lib-es2019'
Loading module '@typescript/lib-es2019' from 'node_modules' folder, target file types: JavaScript.
Searching all ancestor node_modules directories for fallback extensions: JavaScript.
Directory 'F:/ertyu/hotel/food_order_system/node_modules' does not exist, skipping all lookups in it.
Directory 'F:/ertyu/hotel/node_modules' does not exist, skipping all lookups in it.
Directory 'F:/ertyu/node_modules' does not exist, skipping all lookups in it.
Directory 'F:/node_modules' does not exist, skipping all lookups in it.
======== Module name '@typescript/lib-es2019' was not resolved. ========
File 'F:/ertyu/hotel/food_order_system/backend/node_modules/typescript/lib/package.json' does not exist according to earlier cached lookups.
File 'F:/ertyu/hotel/food_order_system/backend/node_modules/typescript/package.json' exists according to earlier cached lookups.
======== Resolving module '@typescript/lib-es2018' from 'F:/ertyu/hotel/food_order_system/backend/__lib_node_modules_lookup_lib.es2018.d.ts__.ts'. ========
Explicitly specified module resolution kind: 'Node10'.
Loading module '@typescript/lib-es2018' from 'node_modules' folder, target file types: TypeScript, Declaration.
Searching all ancestor node_modules directories for preferred extensions: TypeScript, Declaration.
Scoped package detected, looking in 'typescript__lib-es2018'
File 'F:/ertyu/hotel/food_order_system/backend/node_modules/@types/typescript__lib-es2018.d.ts' does not exist.
Directory 'F:/ertyu/hotel/food_order_system/node_modules' does not exist, skipping all lookups in it.
Scoped package detected, looking in 'typescript__lib-es2018'
Directory 'F:/ertyu/hotel/node_modules' does not exist, skipping all lookups in it.
Scoped package detected, looking in 'typescript__lib-es2018'
Directory 'F:/ertyu/node_modules' does not exist, skipping all lookups in it.
Scoped package detected, looking in 'typescript__lib-es2018'
Directory 'F:/node_modules' does not exist, skipping all lookups in it.
Scoped package detected, looking in 'typescript__lib-es2018'
Loading module '@typescript/lib-es2018' from 'node_modules' folder, target file types: JavaScript.
Searching all ancestor node_modules directories for fallback extensions: JavaScript.
Directory 'F:/ertyu/hotel/food_order_system/node_modules' does not exist, skipping all lookups in it.
Directory 'F:/ertyu/hotel/node_modules' does not exist, skipping all lookups in it.
Directory 'F:/ertyu/node_modules' does not exist, skipping all lookups in it.
Directory 'F:/node_modules' does not exist, skipping all lookups in it.
======== Module name '@typescript/lib-es2018' was not resolved. ========
File 'F:/ertyu/hotel/food_order_system/backend/node_modules/typescript/lib/package.json' does not exist according to earlier cached lookups.
File 'F:/ertyu/hotel/food_order_system/backend/node_modules/typescript/package.json' exists according to earlier cached lookups.
======== Resolving module '@typescript/lib-es2017' from 'F:/ertyu/hotel/food_order_system/backend/__lib_node_modules_lookup_lib.es2017.d.ts__.ts'. ========
Explicitly specified module resolution kind: 'Node10'.
Loading module '@typescript/lib-es2017' from 'node_modules' folder, target file types: TypeScript, Declaration.
Searching all ancestor node_modules directories for preferred extensions: TypeScript, Declaration.
Scoped package detected, looking in 'typescript__lib-es2017'
File 'F:/ertyu/hotel/food_order_system/backend/node_modules/@types/typescript__lib-es2017.d.ts' does not exist.
Directory 'F:/ertyu/hotel/food_order_system/node_modules' does not exist, skipping all lookups in it.
Scoped package detected, looking in 'typescript__lib-es2017'
Directory 'F:/ertyu/hotel/node_modules' does not exist, skipping all lookups in it.
Scoped package detected, looking in 'typescript__lib-es2017'
Directory 'F:/ertyu/node_modules' does not exist, skipping all lookups in it.
Scoped package detected, looking in 'typescript__lib-es2017'
Directory 'F:/node_modules' does not exist, skipping all lookups in it.
Scoped package detected, looking in 'typescript__lib-es2017'
Loading module '@typescript/lib-es2017' from 'node_modules' folder, target file types: JavaScript.
Searching all ancestor node_modules directories for fallback extensions: JavaScript.
Directory 'F:/ertyu/hotel/food_order_system/node_modules' does not exist, skipping all lookups in it.
Directory 'F:/ertyu/hotel/node_modules' does not exist, skipping all lookups in it.
Directory 'F:/ertyu/node_modules' does not exist, skipping all lookups in it.
Directory 'F:/node_modules' does not exist, skipping all lookups in it.
======== Module name '@typescript/lib-es2017' was not resolved. ========
File 'F:/ertyu/hotel/food_order_system/backend/node_modules/typescript/lib/package.json' does not exist according to earlier cached lookups.
File 'F:/ertyu/hotel/food_order_system/backend/node_modules/typescript/package.json' exists according to earlier cached lookups.
======== Resolving module '@typescript/lib-es2016' from 'F:/ertyu/hotel/food_order_system/backend/__lib_node_modules_lookup_lib.es2016.d.ts__.ts'. ========
Explicitly specified module resolution kind: 'Node10'.
Loading module '@typescript/lib-es2016' from 'node_modules' folder, target file types: TypeScript, Declaration.
Searching all ancestor node_modules directories for preferred extensions: TypeScript, Declaration.
Scoped package detected, looking in 'typescript__lib-es2016'
File 'F:/ertyu/hotel/food_order_system/backend/node_modules/@types/typescript__lib-es2016.d.ts' does not exist.
Directory 'F:/ertyu/hotel/food_order_system/node_modules' does not exist, skipping all lookups in it.
Scoped package detected, looking in 'typescript__lib-es2016'
Directory 'F:/ertyu/hotel/node_modules' does not exist, skipping all lookups in it.
Scoped package detected, looking in 'typescript__lib-es2016'
Directory 'F:/ertyu/node_modules' does not exist, skipping all lookups in it.
Scoped package detected, looking in 'typescript__lib-es2016'
Directory 'F:/node_modules' does not exist, skipping all lookups in it.
Scoped package detected, looking in 'typescript__lib-es2016'
Loading module '@typescript/lib-es2016' from 'node_modules' folder, target file types: JavaScript.
Searching all ancestor node_modules directories for fallback extensions: JavaScript.
Directory 'F:/ertyu/hotel/food_order_system/node_modules' does not exist, skipping all lookups in it.
Directory 'F:/ertyu/hotel/node_modules' does not exist, skipping all lookups in it.
Directory 'F:/ertyu/node_modules' does not exist, skipping all lookups in it.
Directory 'F:/node_modules' does not exist, skipping all lookups in it.
======== Module name '@typescript/lib-es2016' was not resolved. ========
File 'F:/ertyu/hotel/food_order_system/backend/node_modules/typescript/lib/package.json' does not exist according to earlier cached lookups.
File 'F:/ertyu/hotel/food_order_system/backend/node_modules/typescript/package.json' exists according to earlier cached lookups.
======== Resolving module '@typescript/lib-es2015' from 'F:/ertyu/hotel/food_order_system/backend/__lib_node_modules_lookup_lib.es2015.d.ts__.ts'. ========
Explicitly specified module resolution kind: 'Node10'.
Loading module '@typescript/lib-es2015' from 'node_modules' folder, target file types: TypeScript, Declaration.
Searching all ancestor node_modules directories for preferred extensions: TypeScript, Declaration.
Scoped package detected, looking in 'typescript__lib-es2015'
File 'F:/ertyu/hotel/food_order_system/backend/node_modules/@types/typescript__lib-es2015.d.ts' does not exist.
Directory 'F:/ertyu/hotel/food_order_system/node_modules' does not exist, skipping all lookups in it.
Scoped package detected, looking in 'typescript__lib-es2015'
Directory 'F:/ertyu/hotel/node_modules' does not exist, skipping all lookups in it.
Scoped package detected, looking in 'typescript__lib-es2015'
Directory 'F:/ertyu/node_modules' does not exist, skipping all lookups in it.
Scoped package detected, looking in 'typescript__lib-es2015'
Directory 'F:/node_modules' does not exist, skipping all lookups in it.
Scoped package detected, looking in 'typescript__lib-es2015'
Loading module '@typescript/lib-es2015' from 'node_modules' folder, target file types: JavaScript.
Searching all ancestor node_modules directories for fallback extensions: JavaScript.
Directory 'F:/ertyu/hotel/food_order_system/node_modules' does not exist, skipping all lookups in it.
Directory 'F:/ertyu/hotel/node_modules' does not exist, skipping all lookups in it.
Directory 'F:/ertyu/node_modules' does not exist, skipping all lookups in it.
Directory 'F:/node_modules' does not exist, skipping all lookups in it.
======== Module name '@typescript/lib-es2015' was not resolved. ========
File 'F:/ertyu/hotel/food_order_system/backend/node_modules/typescript/lib/package.json' does not exist according to earlier cached lookups.
File 'F:/ertyu/hotel/food_order_system/backend/node_modules/typescript/package.json' exists according to earlier cached lookups.
======== Resolving module '@typescript/lib-es5' from 'F:/ertyu/hotel/food_order_system/backend/__lib_node_modules_lookup_lib.es5.d.ts__.ts'. ========
Explicitly specified module resolution kind: 'Node10'.
Loading module '@typescript/lib-es5' from 'node_modules' folder, target file types: TypeScript, Declaration.
Searching all ancestor node_modules directories for preferred extensions: TypeScript, Declaration.
Scoped package detected, looking in 'typescript__lib-es5'
File 'F:/ertyu/hotel/food_order_system/backend/node_modules/@types/typescript__lib-es5.d.ts' does not exist.
Directory 'F:/ertyu/hotel/food_order_system/node_modules' does not exist, skipping all lookups in it.
Scoped package detected, looking in 'typescript__lib-es5'
Directory 'F:/ertyu/hotel/node_modules' does not exist, skipping all lookups in it.
Scoped package detected, looking in 'typescript__lib-es5'
Directory 'F:/ertyu/node_modules' does not exist, skipping all lookups in it.
Scoped package detected, looking in 'typescript__lib-es5'
Directory 'F:/node_modules' does not exist, skipping all lookups in it.
Scoped package detected, looking in 'typescript__lib-es5'
Loading module '@typescript/lib-es5' from 'node_modules' folder, target file types: JavaScript.
Searching all ancestor node_modules directories for fallback extensions: JavaScript.
Directory 'F:/ertyu/hotel/food_order_system/node_modules' does not exist, skipping all lookups in it.
Directory 'F:/ertyu/hotel/node_modules' does not exist, skipping all lookups in it.
Directory 'F:/ertyu/node_modules' does not exist, skipping all lookups in it.
Directory 'F:/node_modules' does not exist, skipping all lookups in it.
======== Module name '@typescript/lib-es5' was not resolved. ========
File 'F:/ertyu/hotel/food_order_system/backend/node_modules/typescript/lib/package.json' does not exist according to earlier cached lookups.
File 'F:/ertyu/hotel/food_order_system/backend/node_modules/typescript/package.json' exists according to earlier cached lookups.
======== Resolving module '@typescript/lib-decorators' from 'F:/ertyu/hotel/food_order_system/backend/__lib_node_modules_lookup_lib.decorators.d.ts__.ts'. ========
Explicitly specified module resolution kind: 'Node10'.
Loading module '@typescript/lib-decorators' from 'node_modules' folder, target file types: TypeScript, Declaration.
Searching all ancestor node_modules directories for preferred extensions: TypeScript, Declaration.
Scoped package detected, looking in 'typescript__lib-decorators'
File 'F:/ertyu/hotel/food_order_system/backend/node_modules/@types/typescript__lib-decorators.d.ts' does not exist.
Directory 'F:/ertyu/hotel/food_order_system/node_modules' does not exist, skipping all lookups in it.
Scoped package detected, looking in 'typescript__lib-decorators'
Directory 'F:/ertyu/hotel/node_modules' does not exist, skipping all lookups in it.
Scoped package detected, looking in 'typescript__lib-decorators'
Directory 'F:/ertyu/node_modules' does not exist, skipping all lookups in it.
Scoped package detected, looking in 'typescript__lib-decorators'
Directory 'F:/node_modules' does not exist, skipping all lookups in it.
Scoped package detected, looking in 'typescript__lib-decorators'
Loading module '@typescript/lib-decorators' from 'node_modules' folder, target file types: JavaScript.
Searching all ancestor node_modules directories for fallback extensions: JavaScript.
Directory 'F:/ertyu/hotel/food_order_system/node_modules' does not exist, skipping all lookups in it.
Directory 'F:/ertyu/hotel/node_modules' does not exist, skipping all lookups in it.
Directory 'F:/ertyu/node_modules' does not exist, skipping all lookups in it.
Directory 'F:/node_modules' does not exist, skipping all lookups in it.
======== Module name '@typescript/lib-decorators' was not resolved. ========
File 'F:/ertyu/hotel/food_order_system/backend/node_modules/typescript/lib/package.json' does not exist according to earlier cached lookups.
File 'F:/ertyu/hotel/food_order_system/backend/node_modules/typescript/package.json' exists according to earlier cached lookups.
======== Resolving module '@typescript/lib-decorators/legacy' from 'F:/ertyu/hotel/food_order_system/backend/__lib_node_modules_lookup_lib.decorators.legacy.d.ts__.ts'. ========
Explicitly specified module resolution kind: 'Node10'.
Loading module '@typescript/lib-decorators/legacy' from 'node_modules' folder, target file types: TypeScript, Declaration.
Searching all ancestor node_modules directories for preferred extensions: TypeScript, Declaration.
Scoped package detected, looking in 'typescript__lib-decorators/legacy'
Directory 'F:/ertyu/hotel/food_order_system/node_modules' does not exist, skipping all lookups in it.
Scoped package detected, looking in 'typescript__lib-decorators/legacy'
Directory 'F:/ertyu/hotel/node_modules' does not exist, skipping all lookups in it.
Scoped package detected, looking in 'typescript__lib-decorators/legacy'
Directory 'F:/ertyu/node_modules' does not exist, skipping all lookups in it.
Scoped package detected, looking in 'typescript__lib-decorators/legacy'
Directory 'F:/node_modules' does not exist, skipping all lookups in it.
Scoped package detected, looking in 'typescript__lib-decorators/legacy'
Loading module '@typescript/lib-decorators/legacy' from 'node_modules' folder, target file types: JavaScript.
Searching all ancestor node_modules directories for fallback extensions: JavaScript.
Directory 'F:/ertyu/hotel/food_order_system/node_modules' does not exist, skipping all lookups in it.
Directory 'F:/ertyu/hotel/node_modules' does not exist, skipping all lookups in it.
Directory 'F:/ertyu/node_modules' does not exist, skipping all lookups in it.
Directory 'F:/node_modules' does not exist, skipping all lookups in it.
======== Module name '@typescript/lib-decorators/legacy' was not resolved. ========
File 'F:/ertyu/hotel/food_order_system/backend/node_modules/typescript/lib/package.json' does not exist according to earlier cached lookups.
File 'F:/ertyu/hotel/food_order_system/backend/node_modules/typescript/package.json' exists according to earlier cached lookups.
======== Resolving module '@typescript/lib-es2015/core' from 'F:/ertyu/hotel/food_order_system/backend/__lib_node_modules_lookup_lib.es2015.core.d.ts__.ts'. ========
Explicitly specified module resolution kind: 'Node10'.
Loading module '@typescript/lib-es2015/core' from 'node_modules' folder, target file types: TypeScript, Declaration.
Searching all ancestor node_modules directories for preferred extensions: TypeScript, Declaration.
Scoped package detected, looking in 'typescript__lib-es2015/core'
Directory 'F:/ertyu/hotel/food_order_system/node_modules' does not exist, skipping all lookups in it.
Scoped package detected, looking in 'typescript__lib-es2015/core'
Directory 'F:/ertyu/hotel/node_modules' does not exist, skipping all lookups in it.
Scoped package detected, looking in 'typescript__lib-es2015/core'
Directory 'F:/ertyu/node_modules' does not exist, skipping all lookups in it.
Scoped package detected, looking in 'typescript__lib-es2015/core'
Directory 'F:/node_modules' does not exist, skipping all lookups in it.
Scoped package detected, looking in 'typescript__lib-es2015/core'
Loading module '@typescript/lib-es2015/core' from 'node_modules' folder, target file types: JavaScript.
Searching all ancestor node_modules directories for fallback extensions: JavaScript.
Directory 'F:/ertyu/hotel/food_order_system/node_modules' does not exist, skipping all lookups in it.
Directory 'F:/ertyu/hotel/node_modules' does not exist, skipping all lookups in it.
Directory 'F:/ertyu/node_modules' does not exist, skipping all lookups in it.
Directory 'F:/node_modules' does not exist, skipping all lookups in it.
======== Module name '@typescript/lib-es2015/core' was not resolved. ========
File 'F:/ertyu/hotel/food_order_system/backend/node_modules/typescript/lib/package.json' does not exist according to earlier cached lookups.
File 'F:/ertyu/hotel/food_order_system/backend/node_modules/typescript/package.json' exists according to earlier cached lookups.
======== Resolving module '@typescript/lib-es2015/collection' from 'F:/ertyu/hotel/food_order_system/backend/__lib_node_modules_lookup_lib.es2015.collection.d.ts__.ts'. ========
Explicitly specified module resolution kind: 'Node10'.
Loading module '@typescript/lib-es2015/collection' from 'node_modules' folder, target file types: TypeScript, Declaration.
Searching all ancestor node_modules directories for preferred extensions: TypeScript, Declaration.
Scoped package detected, looking in 'typescript__lib-es2015/collection'
Directory 'F:/ertyu/hotel/food_order_system/node_modules' does not exist, skipping all lookups in it.
Scoped package detected, looking in 'typescript__lib-es2015/collection'
Directory 'F:/ertyu/hotel/node_modules' does not exist, skipping all lookups in it.
Scoped package detected, looking in 'typescript__lib-es2015/collection'
Directory 'F:/ertyu/node_modules' does not exist, skipping all lookups in it.
Scoped package detected, looking in 'typescript__lib-es2015/collection'
Directory 'F:/node_modules' does not exist, skipping all lookups in it.
Scoped package detected, looking in 'typescript__lib-es2015/collection'
Loading module '@typescript/lib-es2015/collection' from 'node_modules' folder, target file types: JavaScript.
Searching all ancestor node_modules directories for fallback extensions: JavaScript.
Directory 'F:/ertyu/hotel/food_order_system/node_modules' does not exist, skipping all lookups in it.
Directory 'F:/ertyu/hotel/node_modules' does not exist, skipping all lookups in it.
Directory 'F:/ertyu/node_modules' does not exist, skipping all lookups in it.
Directory 'F:/node_modules' does not exist, skipping all lookups in it.
======== Module name '@typescript/lib-es2015/collection' was not resolved. ========
File 'F:/ertyu/hotel/food_order_system/backend/node_modules/typescript/lib/package.json' does not exist according to earlier cached lookups.
File 'F:/ertyu/hotel/food_order_system/backend/node_modules/typescript/package.json' exists according to earlier cached lookups.
======== Resolving module '@typescript/lib-es2015/iterable' from 'F:/ertyu/hotel/food_order_system/backend/__lib_node_modules_lookup_lib.es2015.iterable.d.ts__.ts'. ========
Explicitly specified module resolution kind: 'Node10'.
Loading module '@typescript/lib-es2015/iterable' from 'node_modules' folder, target file types: TypeScript, Declaration.
Searching all ancestor node_modules directories for preferred extensions: TypeScript, Declaration.
Scoped package detected, looking in 'typescript__lib-es2015/iterable'
Directory 'F:/ertyu/hotel/food_order_system/node_modules' does not exist, skipping all lookups in it.
Scoped package detected, looking in 'typescript__lib-es2015/iterable'
Directory 'F:/ertyu/hotel/node_modules' does not exist, skipping all lookups in it.
Scoped package detected, looking in 'typescript__lib-es2015/iterable'
Directory 'F:/ertyu/node_modules' does not exist, skipping all lookups in it.
Scoped package detected, looking in 'typescript__lib-es2015/iterable'
Directory 'F:/node_modules' does not exist, skipping all lookups in it.
Scoped package detected, looking in 'typescript__lib-es2015/iterable'
Loading module '@typescript/lib-es2015/iterable' from 'node_modules' folder, target file types: JavaScript.
Searching all ancestor node_modules directories for fallback extensions: JavaScript.
Directory 'F:/ertyu/hotel/food_order_system/node_modules' does not exist, skipping all lookups in it.
Directory 'F:/ertyu/hotel/node_modules' does not exist, skipping all lookups in it.
Directory 'F:/ertyu/node_modules' does not exist, skipping all lookups in it.
Directory 'F:/node_modules' does not exist, skipping all lookups in it.
======== Module name '@typescript/lib-es2015/iterable' was not resolved. ========
File 'F:/ertyu/hotel/food_order_system/backend/node_modules/typescript/lib/package.json' does not exist according to earlier cached lookups.
File 'F:/ertyu/hotel/food_order_system/backend/node_modules/typescript/package.json' exists according to earlier cached lookups.
======== Resolving module '@typescript/lib-es2015/symbol' from 'F:/ertyu/hotel/food_order_system/backend/__lib_node_modules_lookup_lib.es2015.symbol.d.ts__.ts'. ========
Explicitly specified module resolution kind: 'Node10'.
Loading module '@typescript/lib-es2015/symbol' from 'node_modules' folder, target file types: TypeScript, Declaration.
Searching all ancestor node_modules directories for preferred extensions: TypeScript, Declaration.
Scoped package detected, looking in 'typescript__lib-es2015/symbol'
Directory 'F:/ertyu/hotel/food_order_system/node_modules' does not exist, skipping all lookups in it.
Scoped package detected, looking in 'typescript__lib-es2015/symbol'
Directory 'F:/ertyu/hotel/node_modules' does not exist, skipping all lookups in it.
Scoped package detected, looking in 'typescript__lib-es2015/symbol'
Directory 'F:/ertyu/node_modules' does not exist, skipping all lookups in it.
Scoped package detected, looking in 'typescript__lib-es2015/symbol'
Directory 'F:/node_modules' does not exist, skipping all lookups in it.
Scoped package detected, looking in 'typescript__lib-es2015/symbol'
Loading module '@typescript/lib-es2015/symbol' from 'node_modules' folder, target file types: JavaScript.
Searching all ancestor node_modules directories for fallback extensions: JavaScript.
Directory 'F:/ertyu/hotel/food_order_system/node_modules' does not exist, skipping all lookups in it.
Directory 'F:/ertyu/hotel/node_modules' does not exist, skipping all lookups in it.
Directory 'F:/ertyu/node_modules' does not exist, skipping all lookups in it.
Directory 'F:/node_modules' does not exist, skipping all lookups in it.
======== Module name '@typescript/lib-es2015/symbol' was not resolved. ========
File 'F:/ertyu/hotel/food_order_system/backend/node_modules/typescript/lib/package.json' does not exist according to earlier cached lookups.
File 'F:/ertyu/hotel/food_order_system/backend/node_modules/typescript/package.json' exists according to earlier cached lookups.
======== Resolving module '@typescript/lib-es2015/generator' from 'F:/ertyu/hotel/food_order_system/backend/__lib_node_modules_lookup_lib.es2015.generator.d.ts__.ts'. ========
Explicitly specified module resolution kind: 'Node10'.
Loading module '@typescript/lib-es2015/generator' from 'node_modules' folder, target file types: TypeScript, Declaration.
Searching all ancestor node_modules directories for preferred extensions: TypeScript, Declaration.
Scoped package detected, looking in 'typescript__lib-es2015/generator'
Directory 'F:/ertyu/hotel/food_order_system/node_modules' does not exist, skipping all lookups in it.
Scoped package detected, looking in 'typescript__lib-es2015/generator'
Directory 'F:/ertyu/hotel/node_modules' does not exist, skipping all lookups in it.
Scoped package detected, looking in 'typescript__lib-es2015/generator'
Directory 'F:/ertyu/node_modules' does not exist, skipping all lookups in it.
Scoped package detected, looking in 'typescript__lib-es2015/generator'
Directory 'F:/node_modules' does not exist, skipping all lookups in it.
Scoped package detected, looking in 'typescript__lib-es2015/generator'
Loading module '@typescript/lib-es2015/generator' from 'node_modules' folder, target file types: JavaScript.
Searching all ancestor node_modules directories for fallback extensions: JavaScript.
Directory 'F:/ertyu/hotel/food_order_system/node_modules' does not exist, skipping all lookups in it.
Directory 'F:/ertyu/hotel/node_modules' does not exist, skipping all lookups in it.
Directory 'F:/ertyu/node_modules' does not exist, skipping all lookups in it.
Directory 'F:/node_modules' does not exist, skipping all lookups in it.
======== Module name '@typescript/lib-es2015/generator' was not resolved. ========
File 'F:/ertyu/hotel/food_order_system/backend/node_modules/typescript/lib/package.json' does not exist according to earlier cached lookups.
File 'F:/ertyu/hotel/food_order_system/backend/node_modules/typescript/package.json' exists according to earlier cached lookups.
======== Resolving module '@typescript/lib-es2015/promise' from 'F:/ertyu/hotel/food_order_system/backend/__lib_node_modules_lookup_lib.es2015.promise.d.ts__.ts'. ========
Explicitly specified module resolution kind: 'Node10'.
Loading module '@typescript/lib-es2015/promise' from 'node_modules' folder, target file types: TypeScript, Declaration.
Searching all ancestor node_modules directories for preferred extensions: TypeScript, Declaration.
Scoped package detected, looking in 'typescript__lib-es2015/promise'
Directory 'F:/ertyu/hotel/food_order_system/node_modules' does not exist, skipping all lookups in it.
Scoped package detected, looking in 'typescript__lib-es2015/promise'
Directory 'F:/ertyu/hotel/node_modules' does not exist, skipping all lookups in it.
Scoped package detected, looking in 'typescript__lib-es2015/promise'
Directory 'F:/ertyu/node_modules' does not exist, skipping all lookups in it.
Scoped package detected, looking in 'typescript__lib-es2015/promise'
Directory 'F:/node_modules' does not exist, skipping all lookups in it.
Scoped package detected, looking in 'typescript__lib-es2015/promise'
Loading module '@typescript/lib-es2015/promise' from 'node_modules' folder, target file types: JavaScript.
Searching all ancestor node_modules directories for fallback extensions: JavaScript.
Directory 'F:/ertyu/hotel/food_order_system/node_modules' does not exist, skipping all lookups in it.
Directory 'F:/ertyu/hotel/node_modules' does not exist, skipping all lookups in it.
Directory 'F:/ertyu/node_modules' does not exist, skipping all lookups in it.
Directory 'F:/node_modules' does not exist, skipping all lookups in it.
======== Module name '@typescript/lib-es2015/promise' was not resolved. ========
File 'F:/ertyu/hotel/food_order_system/backend/node_modules/typescript/lib/package.json' does not exist according to earlier cached lookups.
File 'F:/ertyu/hotel/food_order_system/backend/node_modules/typescript/package.json' exists according to earlier cached lookups.
======== Resolving module '@typescript/lib-es2015/proxy' from 'F:/ertyu/hotel/food_order_system/backend/__lib_node_modules_lookup_lib.es2015.proxy.d.ts__.ts'. ========
Explicitly specified module resolution kind: 'Node10'.
Loading module '@typescript/lib-es2015/proxy' from 'node_modules' folder, target file types: TypeScript, Declaration.
Searching all ancestor node_modules directories for preferred extensions: TypeScript, Declaration.
Scoped package detected, looking in 'typescript__lib-es2015/proxy'
Directory 'F:/ertyu/hotel/food_order_system/node_modules' does not exist, skipping all lookups in it.
Scoped package detected, looking in 'typescript__lib-es2015/proxy'
Directory 'F:/ertyu/hotel/node_modules' does not exist, skipping all lookups in it.
Scoped package detected, looking in 'typescript__lib-es2015/proxy'
Directory 'F:/ertyu/node_modules' does not exist, skipping all lookups in it.
Scoped package detected, looking in 'typescript__lib-es2015/proxy'
Directory 'F:/node_modules' does not exist, skipping all lookups in it.
Scoped package detected, looking in 'typescript__lib-es2015/proxy'
Loading module '@typescript/lib-es2015/proxy' from 'node_modules' folder, target file types: JavaScript.
Searching all ancestor node_modules directories for fallback extensions: JavaScript.
Directory 'F:/ertyu/hotel/food_order_system/node_modules' does not exist, skipping all lookups in it.
Directory 'F:/ertyu/hotel/node_modules' does not exist, skipping all lookups in it.
Directory 'F:/ertyu/node_modules' does not exist, skipping all lookups in it.
Directory 'F:/node_modules' does not exist, skipping all lookups in it.
======== Module name '@typescript/lib-es2015/proxy' was not resolved. ========
File 'F:/ertyu/hotel/food_order_system/backend/node_modules/typescript/lib/package.json' does not exist according to earlier cached lookups.
File 'F:/ertyu/hotel/food_order_system/backend/node_modules/typescript/package.json' exists according to earlier cached lookups.
======== Resolving module '@typescript/lib-es2015/reflect' from 'F:/ertyu/hotel/food_order_system/backend/__lib_node_modules_lookup_lib.es2015.reflect.d.ts__.ts'. ========
Explicitly specified module resolution kind: 'Node10'.
Loading module '@typescript/lib-es2015/reflect' from 'node_modules' folder, target file types: TypeScript, Declaration.
Searching all ancestor node_modules directories for preferred extensions: TypeScript, Declaration.
Scoped package detected, looking in 'typescript__lib-es2015/reflect'
Directory 'F:/ertyu/hotel/food_order_system/node_modules' does not exist, skipping all lookups in it.
Scoped package detected, looking in 'typescript__lib-es2015/reflect'
Directory 'F:/ertyu/hotel/node_modules' does not exist, skipping all lookups in it.
Scoped package detected, looking in 'typescript__lib-es2015/reflect'
Directory 'F:/ertyu/node_modules' does not exist, skipping all lookups in it.
Scoped package detected, looking in 'typescript__lib-es2015/reflect'
Directory 'F:/node_modules' does not exist, skipping all lookups in it.
Scoped package detected, looking in 'typescript__lib-es2015/reflect'
Loading module '@typescript/lib-es2015/reflect' from 'node_modules' folder, target file types: JavaScript.
Searching all ancestor node_modules directories for fallback extensions: JavaScript.
Directory 'F:/ertyu/hotel/food_order_system/node_modules' does not exist, skipping all lookups in it.
Directory 'F:/ertyu/hotel/node_modules' does not exist, skipping all lookups in it.
Directory 'F:/ertyu/node_modules' does not exist, skipping all lookups in it.
Directory 'F:/node_modules' does not exist, skipping all lookups in it.
======== Module name '@typescript/lib-es2015/reflect' was not resolved. ========
File 'F:/ertyu/hotel/food_order_system/backend/node_modules/typescript/lib/package.json' does not exist according to earlier cached lookups.
File 'F:/ertyu/hotel/food_order_system/backend/node_modules/typescript/package.json' exists according to earlier cached lookups.
======== Resolving module '@typescript/lib-es2015/symbol-wellknown' from 'F:/ertyu/hotel/food_order_system/backend/__lib_node_modules_lookup_lib.es2015.symbol.wellknown.d.ts__.ts'. ========
Explicitly specified module resolution kind: 'Node10'.
Loading module '@typescript/lib-es2015/symbol-wellknown' from 'node_modules' folder, target file types: TypeScript, Declaration.
Searching all ancestor node_modules directories for preferred extensions: TypeScript, Declaration.
Scoped package detected, looking in 'typescript__lib-es2015/symbol-wellknown'
Directory 'F:/ertyu/hotel/food_order_system/node_modules' does not exist, skipping all lookups in it.
Scoped package detected, looking in 'typescript__lib-es2015/symbol-wellknown'
Directory 'F:/ertyu/hotel/node_modules' does not exist, skipping all lookups in it.
Scoped package detected, looking in 'typescript__lib-es2015/symbol-wellknown'
Directory 'F:/ertyu/node_modules' does not exist, skipping all lookups in it.
Scoped package detected, looking in 'typescript__lib-es2015/symbol-wellknown'
Directory 'F:/node_modules' does not exist, skipping all lookups in it.
Scoped package detected, looking in 'typescript__lib-es2015/symbol-wellknown'
Loading module '@typescript/lib-es2015/symbol-wellknown' from 'node_modules' folder, target file types: JavaScript.
Searching all ancestor node_modules directories for fallback extensions: JavaScript.
Directory 'F:/ertyu/hotel/food_order_system/node_modules' does not exist, skipping all lookups in it.
Directory 'F:/ertyu/hotel/node_modules' does not exist, skipping all lookups in it.
Directory 'F:/ertyu/node_modules' does not exist, skipping all lookups in it.
Directory 'F:/node_modules' does not exist, skipping all lookups in it.
======== Module name '@typescript/lib-es2015/symbol-wellknown' was not resolved. ========
File 'F:/ertyu/hotel/food_order_system/backend/node_modules/typescript/lib/package.json' does not exist according to earlier cached lookups.
File 'F:/ertyu/hotel/food_order_system/backend/node_modules/typescript/package.json' exists according to earlier cached lookups.
======== Resolving module '@typescript/lib-es2016/array-include' from 'F:/ertyu/hotel/food_order_system/backend/__lib_node_modules_lookup_lib.es2016.array.include.d.ts__.ts'. ========
Explicitly specified module resolution kind: 'Node10'.
Loading module '@typescript/lib-es2016/array-include' from 'node_modules' folder, target file types: TypeScript, Declaration.
Searching all ancestor node_modules directories for preferred extensions: TypeScript, Declaration.
Scoped package detected, looking in 'typescript__lib-es2016/array-include'
Directory 'F:/ertyu/hotel/food_order_system/node_modules' does not exist, skipping all lookups in it.
Scoped package detected, looking in 'typescript__lib-es2016/array-include'
Directory 'F:/ertyu/hotel/node_modules' does not exist, skipping all lookups in it.
Scoped package detected, looking in 'typescript__lib-es2016/array-include'
Directory 'F:/ertyu/node_modules' does not exist, skipping all lookups in it.
Scoped package detected, looking in 'typescript__lib-es2016/array-include'
Directory 'F:/node_modules' does not exist, skipping all lookups in it.
Scoped package detected, looking in 'typescript__lib-es2016/array-include'
Loading module '@typescript/lib-es2016/array-include' from 'node_modules' folder, target file types: JavaScript.
Searching all ancestor node_modules directories for fallback extensions: JavaScript.
Directory 'F:/ertyu/hotel/food_order_system/node_modules' does not exist, skipping all lookups in it.
Directory 'F:/ertyu/hotel/node_modules' does not exist, skipping all lookups in it.
Directory 'F:/ertyu/node_modules' does not exist, skipping all lookups in it.
Directory 'F:/node_modules' does not exist, skipping all lookups in it.
======== Module name '@typescript/lib-es2016/array-include' was not resolved. ========
File 'F:/ertyu/hotel/food_order_system/backend/node_modules/typescript/lib/package.json' does not exist according to earlier cached lookups.
File 'F:/ertyu/hotel/food_order_system/backend/node_modules/typescript/package.json' exists according to earlier cached lookups.
======== Resolving module '@typescript/lib-es2016/intl' from 'F:/ertyu/hotel/food_order_system/backend/__lib_node_modules_lookup_lib.es2016.intl.d.ts__.ts'. ========
Explicitly specified module resolution kind: 'Node10'.
Loading module '@typescript/lib-es2016/intl' from 'node_modules' folder, target file types: TypeScript, Declaration.
Searching all ancestor node_modules directories for preferred extensions: TypeScript, Declaration.
Scoped package detected, looking in 'typescript__lib-es2016/intl'
Directory 'F:/ertyu/hotel/food_order_system/node_modules' does not exist, skipping all lookups in it.
Scoped package detected, looking in 'typescript__lib-es2016/intl'
Directory 'F:/ertyu/hotel/node_modules' does not exist, skipping all lookups in it.
Scoped package detected, looking in 'typescript__lib-es2016/intl'
Directory 'F:/ertyu/node_modules' does not exist, skipping all lookups in it.
Scoped package detected, looking in 'typescript__lib-es2016/intl'
Directory 'F:/node_modules' does not exist, skipping all lookups in it.
Scoped package detected, looking in 'typescript__lib-es2016/intl'
Loading module '@typescript/lib-es2016/intl' from 'node_modules' folder, target file types: JavaScript.
Searching all ancestor node_modules directories for fallback extensions: JavaScript.
Directory 'F:/ertyu/hotel/food_order_system/node_modules' does not exist, skipping all lookups in it.
Directory 'F:/ertyu/hotel/node_modules' does not exist, skipping all lookups in it.
Directory 'F:/ertyu/node_modules' does not exist, skipping all lookups in it.
Directory 'F:/node_modules' does not exist, skipping all lookups in it.
======== Module name '@typescript/lib-es2016/intl' was not resolved. ========
File 'F:/ertyu/hotel/food_order_system/backend/node_modules/typescript/lib/package.json' does not exist according to earlier cached lookups.
File 'F:/ertyu/hotel/food_order_system/backend/node_modules/typescript/package.json' exists according to earlier cached lookups.
======== Resolving module '@typescript/lib-es2017/arraybuffer' from 'F:/ertyu/hotel/food_order_system/backend/__lib_node_modules_lookup_lib.es2017.arraybuffer.d.ts__.ts'. ========
Explicitly specified module resolution kind: 'Node10'.
Loading module '@typescript/lib-es2017/arraybuffer' from 'node_modules' folder, target file types: TypeScript, Declaration.
Searching all ancestor node_modules directories for preferred extensions: TypeScript, Declaration.
Scoped package detected, looking in 'typescript__lib-es2017/arraybuffer'
Directory 'F:/ertyu/hotel/food_order_system/node_modules' does not exist, skipping all lookups in it.
Scoped package detected, looking in 'typescript__lib-es2017/arraybuffer'
Directory 'F:/ertyu/hotel/node_modules' does not exist, skipping all lookups in it.
Scoped package detected, looking in 'typescript__lib-es2017/arraybuffer'
Directory 'F:/ertyu/node_modules' does not exist, skipping all lookups in it.
Scoped package detected, looking in 'typescript__lib-es2017/arraybuffer'
Directory 'F:/node_modules' does not exist, skipping all lookups in it.
Scoped package detected, looking in 'typescript__lib-es2017/arraybuffer'
Loading module '@typescript/lib-es2017/arraybuffer' from 'node_modules' folder, target file types: JavaScript.
Searching all ancestor node_modules directories for fallback extensions: JavaScript.
Directory 'F:/ertyu/hotel/food_order_system/node_modules' does not exist, skipping all lookups in it.
Directory 'F:/ertyu/hotel/node_modules' does not exist, skipping all lookups in it.
Directory 'F:/ertyu/node_modules' does not exist, skipping all lookups in it.
Directory 'F:/node_modules' does not exist, skipping all lookups in it.
======== Module name '@typescript/lib-es2017/arraybuffer' was not resolved. ========
File 'F:/ertyu/hotel/food_order_system/backend/node_modules/typescript/lib/package.json' does not exist according to earlier cached lookups.
File 'F:/ertyu/hotel/food_order_system/backend/node_modules/typescript/package.json' exists according to earlier cached lookups.
======== Resolving module '@typescript/lib-es2017/date' from 'F:/ertyu/hotel/food_order_system/backend/__lib_node_modules_lookup_lib.es2017.date.d.ts__.ts'. ========
Explicitly specified module resolution kind: 'Node10'.
Loading module '@typescript/lib-es2017/date' from 'node_modules' folder, target file types: TypeScript, Declaration.
Searching all ancestor node_modules directories for preferred extensions: TypeScript, Declaration.
Scoped package detected, looking in 'typescript__lib-es2017/date'
Directory 'F:/ertyu/hotel/food_order_system/node_modules' does not exist, skipping all lookups in it.
Scoped package detected, looking in 'typescript__lib-es2017/date'
Directory 'F:/ertyu/hotel/node_modules' does not exist, skipping all lookups in it.
Scoped package detected, looking in 'typescript__lib-es2017/date'
Directory 'F:/ertyu/node_modules' does not exist, skipping all lookups in it.
Scoped package detected, looking in 'typescript__lib-es2017/date'
Directory 'F:/node_modules' does not exist, skipping all lookups in it.
Scoped package detected, looking in 'typescript__lib-es2017/date'
Loading module '@typescript/lib-es2017/date' from 'node_modules' folder, target file types: JavaScript.
Searching all ancestor node_modules directories for fallback extensions: JavaScript.
Directory 'F:/ertyu/hotel/food_order_system/node_modules' does not exist, skipping all lookups in it.
Directory 'F:/ertyu/hotel/node_modules' does not exist, skipping all lookups in it.
Directory 'F:/ertyu/node_modules' does not exist, skipping all lookups in it.
Directory 'F:/node_modules' does not exist, skipping all lookups in it.
======== Module name '@typescript/lib-es2017/date' was not resolved. ========
File 'F:/ertyu/hotel/food_order_system/backend/node_modules/typescript/lib/package.json' does not exist according to earlier cached lookups.
File 'F:/ertyu/hotel/food_order_system/backend/node_modules/typescript/package.json' exists according to earlier cached lookups.
======== Resolving module '@typescript/lib-es2017/intl' from 'F:/ertyu/hotel/food_order_system/backend/__lib_node_modules_lookup_lib.es2017.intl.d.ts__.ts'. ========
Explicitly specified module resolution kind: 'Node10'.
Loading module '@typescript/lib-es2017/intl' from 'node_modules' folder, target file types: TypeScript, Declaration.
Searching all ancestor node_modules directories for preferred extensions: TypeScript, Declaration.
Scoped package detected, looking in 'typescript__lib-es2017/intl'
Directory 'F:/ertyu/hotel/food_order_system/node_modules' does not exist, skipping all lookups in it.
Scoped package detected, looking in 'typescript__lib-es2017/intl'
Directory 'F:/ertyu/hotel/node_modules' does not exist, skipping all lookups in it.
Scoped package detected, looking in 'typescript__lib-es2017/intl'
Directory 'F:/ertyu/node_modules' does not exist, skipping all lookups in it.
Scoped package detected, looking in 'typescript__lib-es2017/intl'
Directory 'F:/node_modules' does not exist, skipping all lookups in it.
Scoped package detected, looking in 'typescript__lib-es2017/intl'
Loading module '@typescript/lib-es2017/intl' from 'node_modules' folder, target file types: JavaScript.
Searching all ancestor node_modules directories for fallback extensions: JavaScript.
Directory 'F:/ertyu/hotel/food_order_system/node_modules' does not exist, skipping all lookups in it.
Directory 'F:/ertyu/hotel/node_modules' does not exist, skipping all lookups in it.
Directory 'F:/ertyu/node_modules' does not exist, skipping all lookups in it.
Directory 'F:/node_modules' does not exist, skipping all lookups in it.
======== Module name '@typescript/lib-es2017/intl' was not resolved. ========
File 'F:/ertyu/hotel/food_order_system/backend/node_modules/typescript/lib/package.json' does not exist according to earlier cached lookups.
File 'F:/ertyu/hotel/food_order_system/backend/node_modules/typescript/package.json' exists according to earlier cached lookups.
======== Resolving module '@typescript/lib-es2017/object' from 'F:/ertyu/hotel/food_order_system/backend/__lib_node_modules_lookup_lib.es2017.object.d.ts__.ts'. ========
Explicitly specified module resolution kind: 'Node10'.
Loading module '@typescript/lib-es2017/object' from 'node_modules' folder, target file types: TypeScript, Declaration.
Searching all ancestor node_modules directories for preferred extensions: TypeScript, Declaration.
Scoped package detected, looking in 'typescript__lib-es2017/object'
Directory 'F:/ertyu/hotel/food_order_system/node_modules' does not exist, skipping all lookups in it.
Scoped package detected, looking in 'typescript__lib-es2017/object'
Directory 'F:/ertyu/hotel/node_modules' does not exist, skipping all lookups in it.
Scoped package detected, looking in 'typescript__lib-es2017/object'
Directory 'F:/ertyu/node_modules' does not exist, skipping all lookups in it.
Scoped package detected, looking in 'typescript__lib-es2017/object'
Directory 'F:/node_modules' does not exist, skipping all lookups in it.
Scoped package detected, looking in 'typescript__lib-es2017/object'
Loading module '@typescript/lib-es2017/object' from 'node_modules' folder, target file types: JavaScript.
Searching all ancestor node_modules directories for fallback extensions: JavaScript.
Directory 'F:/ertyu/hotel/food_order_system/node_modules' does not exist, skipping all lookups in it.
Directory 'F:/ertyu/hotel/node_modules' does not exist, skipping all lookups in it.
Directory 'F:/ertyu/node_modules' does not exist, skipping all lookups in it.
Directory 'F:/node_modules' does not exist, skipping all lookups in it.
======== Module name '@typescript/lib-es2017/object' was not resolved. ========
File 'F:/ertyu/hotel/food_order_system/backend/node_modules/typescript/lib/package.json' does not exist according to earlier cached lookups.
File 'F:/ertyu/hotel/food_order_system/backend/node_modules/typescript/package.json' exists according to earlier cached lookups.
======== Resolving module '@typescript/lib-es2017/sharedmemory' from 'F:/ertyu/hotel/food_order_system/backend/__lib_node_modules_lookup_lib.es2017.sharedmemory.d.ts__.ts'. ========
Explicitly specified module resolution kind: 'Node10'.
Loading module '@typescript/lib-es2017/sharedmemory' from 'node_modules' folder, target file types: TypeScript, Declaration.
Searching all ancestor node_modules directories for preferred extensions: TypeScript, Declaration.
Scoped package detected, looking in 'typescript__lib-es2017/sharedmemory'
Directory 'F:/ertyu/hotel/food_order_system/node_modules' does not exist, skipping all lookups in it.
Scoped package detected, looking in 'typescript__lib-es2017/sharedmemory'
Directory 'F:/ertyu/hotel/node_modules' does not exist, skipping all lookups in it.
Scoped package detected, looking in 'typescript__lib-es2017/sharedmemory'
Directory 'F:/ertyu/node_modules' does not exist, skipping all lookups in it.
Scoped package detected, looking in 'typescript__lib-es2017/sharedmemory'
Directory 'F:/node_modules' does not exist, skipping all lookups in it.
Scoped package detected, looking in 'typescript__lib-es2017/sharedmemory'
Loading module '@typescript/lib-es2017/sharedmemory' from 'node_modules' folder, target file types: JavaScript.
Searching all ancestor node_modules directories for fallback extensions: JavaScript.
Directory 'F:/ertyu/hotel/food_order_system/node_modules' does not exist, skipping all lookups in it.
Directory 'F:/ertyu/hotel/node_modules' does not exist, skipping all lookups in it.
Directory 'F:/ertyu/node_modules' does not exist, skipping all lookups in it.
Directory 'F:/node_modules' does not exist, skipping all lookups in it.
======== Module name '@typescript/lib-es2017/sharedmemory' was not resolved. ========
File 'F:/ertyu/hotel/food_order_system/backend/node_modules/typescript/lib/package.json' does not exist according to earlier cached lookups.
File 'F:/ertyu/hotel/food_order_system/backend/node_modules/typescript/package.json' exists according to earlier cached lookups.
======== Resolving module '@typescript/lib-es2017/string' from 'F:/ertyu/hotel/food_order_system/backend/__lib_node_modules_lookup_lib.es2017.string.d.ts__.ts'. ========
Explicitly specified module resolution kind: 'Node10'.
Loading module '@typescript/lib-es2017/string' from 'node_modules' folder, target file types: TypeScript, Declaration.
Searching all ancestor node_modules directories for preferred extensions: TypeScript, Declaration.
Scoped package detected, looking in 'typescript__lib-es2017/string'
Directory 'F:/ertyu/hotel/food_order_system/node_modules' does not exist, skipping all lookups in it.
Scoped package detected, looking in 'typescript__lib-es2017/string'
Directory 'F:/ertyu/hotel/node_modules' does not exist, skipping all lookups in it.
Scoped package detected, looking in 'typescript__lib-es2017/string'
Directory 'F:/ertyu/node_modules' does not exist, skipping all lookups in it.
Scoped package detected, looking in 'typescript__lib-es2017/string'
Directory 'F:/node_modules' does not exist, skipping all lookups in it.
Scoped package detected, looking in 'typescript__lib-es2017/string'
Loading module '@typescript/lib-es2017/string' from 'node_modules' folder, target file types: JavaScript.
Searching all ancestor node_modules directories for fallback extensions: JavaScript.
Directory 'F:/ertyu/hotel/food_order_system/node_modules' does not exist, skipping all lookups in it.
Directory 'F:/ertyu/hotel/node_modules' does not exist, skipping all lookups in it.
Directory 'F:/ertyu/node_modules' does not exist, skipping all lookups in it.
Directory 'F:/node_modules' does not exist, skipping all lookups in it.
======== Module name '@typescript/lib-es2017/string' was not resolved. ========
File 'F:/ertyu/hotel/food_order_system/backend/node_modules/typescript/lib/package.json' does not exist according to earlier cached lookups.
File 'F:/ertyu/hotel/food_order_system/backend/node_modules/typescript/package.json' exists according to earlier cached lookups.
======== Resolving module '@typescript/lib-es2017/typedarrays' from 'F:/ertyu/hotel/food_order_system/backend/__lib_node_modules_lookup_lib.es2017.typedarrays.d.ts__.ts'. ========
Explicitly specified module resolution kind: 'Node10'.
Loading module '@typescript/lib-es2017/typedarrays' from 'node_modules' folder, target file types: TypeScript, Declaration.
Searching all ancestor node_modules directories for preferred extensions: TypeScript, Declaration.
Scoped package detected, looking in 'typescript__lib-es2017/typedarrays'
Directory 'F:/ertyu/hotel/food_order_system/node_modules' does not exist, skipping all lookups in it.
Scoped package detected, looking in 'typescript__lib-es2017/typedarrays'
Directory 'F:/ertyu/hotel/node_modules' does not exist, skipping all lookups in it.
Scoped package detected, looking in 'typescript__lib-es2017/typedarrays'
Directory 'F:/ertyu/node_modules' does not exist, skipping all lookups in it.
Scoped package detected, looking in 'typescript__lib-es2017/typedarrays'
Directory 'F:/node_modules' does not exist, skipping all lookups in it.
Scoped package detected, looking in 'typescript__lib-es2017/typedarrays'
Loading module '@typescript/lib-es2017/typedarrays' from 'node_modules' folder, target file types: JavaScript.
Searching all ancestor node_modules directories for fallback extensions: JavaScript.
Directory 'F:/ertyu/hotel/food_order_system/node_modules' does not exist, skipping all lookups in it.
Directory 'F:/ertyu/hotel/node_modules' does not exist, skipping all lookups in it.
Directory 'F:/ertyu/node_modules' does not exist, skipping all lookups in it.
Directory 'F:/node_modules' does not exist, skipping all lookups in it.
======== Module name '@typescript/lib-es2017/typedarrays' was not resolved. ========
File 'F:/ertyu/hotel/food_order_system/backend/node_modules/typescript/lib/package.json' does not exist according to earlier cached lookups.
File 'F:/ertyu/hotel/food_order_system/backend/node_modules/typescript/package.json' exists according to earlier cached lookups.
======== Resolving module '@typescript/lib-es2018/asynciterable' from 'F:/ertyu/hotel/food_order_system/backend/__lib_node_modules_lookup_lib.es2018.asynciterable.d.ts__.ts'. ========
Explicitly specified module resolution kind: 'Node10'.
Loading module '@typescript/lib-es2018/asynciterable' from 'node_modules' folder, target file types: TypeScript, Declaration.
Searching all ancestor node_modules directories for preferred extensions: TypeScript, Declaration.
Scoped package detected, looking in 'typescript__lib-es2018/asynciterable'
Directory 'F:/ertyu/hotel/food_order_system/node_modules' does not exist, skipping all lookups in it.
Scoped package detected, looking in 'typescript__lib-es2018/asynciterable'
Directory 'F:/ertyu/hotel/node_modules' does not exist, skipping all lookups in it.
Scoped package detected, looking in 'typescript__lib-es2018/asynciterable'
Directory 'F:/ertyu/node_modules' does not exist, skipping all lookups in it.
Scoped package detected, looking in 'typescript__lib-es2018/asynciterable'
Directory 'F:/node_modules' does not exist, skipping all lookups in it.
Scoped package detected, looking in 'typescript__lib-es2018/asynciterable'
Loading module '@typescript/lib-es2018/asynciterable' from 'node_modules' folder, target file types: JavaScript.
Searching all ancestor node_modules directories for fallback extensions: JavaScript.
Directory 'F:/ertyu/hotel/food_order_system/node_modules' does not exist, skipping all lookups in it.
Directory 'F:/ertyu/hotel/node_modules' does not exist, skipping all lookups in it.
Directory 'F:/ertyu/node_modules' does not exist, skipping all lookups in it.
Directory 'F:/node_modules' does not exist, skipping all lookups in it.
======== Module name '@typescript/lib-es2018/asynciterable' was not resolved. ========
File 'F:/ertyu/hotel/food_order_system/backend/node_modules/typescript/lib/package.json' does not exist according to earlier cached lookups.
File 'F:/ertyu/hotel/food_order_system/backend/node_modules/typescript/package.json' exists according to earlier cached lookups.
======== Resolving module '@typescript/lib-es2018/asyncgenerator' from 'F:/ertyu/hotel/food_order_system/backend/__lib_node_modules_lookup_lib.es2018.asyncgenerator.d.ts__.ts'. ========
Explicitly specified module resolution kind: 'Node10'.
Loading module '@typescript/lib-es2018/asyncgenerator' from 'node_modules' folder, target file types: TypeScript, Declaration.
Searching all ancestor node_modules directories for preferred extensions: TypeScript, Declaration.
Scoped package detected, looking in 'typescript__lib-es2018/asyncgenerator'
Directory 'F:/ertyu/hotel/food_order_system/node_modules' does not exist, skipping all lookups in it.
Scoped package detected, looking in 'typescript__lib-es2018/asyncgenerator'
Directory 'F:/ertyu/hotel/node_modules' does not exist, skipping all lookups in it.
Scoped package detected, looking in 'typescript__lib-es2018/asyncgenerator'
Directory 'F:/ertyu/node_modules' does not exist, skipping all lookups in it.
Scoped package detected, looking in 'typescript__lib-es2018/asyncgenerator'
Directory 'F:/node_modules' does not exist, skipping all lookups in it.
Scoped package detected, looking in 'typescript__lib-es2018/asyncgenerator'
Loading module '@typescript/lib-es2018/asyncgenerator' from 'node_modules' folder, target file types: JavaScript.
Searching all ancestor node_modules directories for fallback extensions: JavaScript.
Directory 'F:/ertyu/hotel/food_order_system/node_modules' does not exist, skipping all lookups in it.
Directory 'F:/ertyu/hotel/node_modules' does not exist, skipping all lookups in it.
Directory 'F:/ertyu/node_modules' does not exist, skipping all lookups in it.
Directory 'F:/node_modules' does not exist, skipping all lookups in it.
======== Module name '@typescript/lib-es2018/asyncgenerator' was not resolved. ========
File 'F:/ertyu/hotel/food_order_system/backend/node_modules/typescript/lib/package.json' does not exist according to earlier cached lookups.
File 'F:/ertyu/hotel/food_order_system/backend/node_modules/typescript/package.json' exists according to earlier cached lookups.
======== Resolving module '@typescript/lib-es2018/promise' from 'F:/ertyu/hotel/food_order_system/backend/__lib_node_modules_lookup_lib.es2018.promise.d.ts__.ts'. ========
Explicitly specified module resolution kind: 'Node10'.
Loading module '@typescript/lib-es2018/promise' from 'node_modules' folder, target file types: TypeScript, Declaration.
Searching all ancestor node_modules directories for preferred extensions: TypeScript, Declaration.
Scoped package detected, looking in 'typescript__lib-es2018/promise'
Directory 'F:/ertyu/hotel/food_order_system/node_modules' does not exist, skipping all lookups in it.
Scoped package detected, looking in 'typescript__lib-es2018/promise'
Directory 'F:/ertyu/hotel/node_modules' does not exist, skipping all lookups in it.
Scoped package detected, looking in 'typescript__lib-es2018/promise'
Directory 'F:/ertyu/node_modules' does not exist, skipping all lookups in it.
Scoped package detected, looking in 'typescript__lib-es2018/promise'
Directory 'F:/node_modules' does not exist, skipping all lookups in it.
Scoped package detected, looking in 'typescript__lib-es2018/promise'
Loading module '@typescript/lib-es2018/promise' from 'node_modules' folder, target file types: JavaScript.
Searching all ancestor node_modules directories for fallback extensions: JavaScript.
Directory 'F:/ertyu/hotel/food_order_system/node_modules' does not exist, skipping all lookups in it.
Directory 'F:/ertyu/hotel/node_modules' does not exist, skipping all lookups in it.
Directory 'F:/ertyu/node_modules' does not exist, skipping all lookups in it.
Directory 'F:/node_modules' does not exist, skipping all lookups in it.
======== Module name '@typescript/lib-es2018/promise' was not resolved. ========
File 'F:/ertyu/hotel/food_order_system/backend/node_modules/typescript/lib/package.json' does not exist according to earlier cached lookups.
File 'F:/ertyu/hotel/food_order_system/backend/node_modules/typescript/package.json' exists according to earlier cached lookups.
======== Resolving module '@typescript/lib-es2018/regexp' from 'F:/ertyu/hotel/food_order_system/backend/__lib_node_modules_lookup_lib.es2018.regexp.d.ts__.ts'. ========
Explicitly specified module resolution kind: 'Node10'.
Loading module '@typescript/lib-es2018/regexp' from 'node_modules' folder, target file types: TypeScript, Declaration.
Searching all ancestor node_modules directories for preferred extensions: TypeScript, Declaration.
Scoped package detected, looking in 'typescript__lib-es2018/regexp'
Directory 'F:/ertyu/hotel/food_order_system/node_modules' does not exist, skipping all lookups in it.
Scoped package detected, looking in 'typescript__lib-es2018/regexp'
Directory 'F:/ertyu/hotel/node_modules' does not exist, skipping all lookups in it.
Scoped package detected, looking in 'typescript__lib-es2018/regexp'
Directory 'F:/ertyu/node_modules' does not exist, skipping all lookups in it.
Scoped package detected, looking in 'typescript__lib-es2018/regexp'
Directory 'F:/node_modules' does not exist, skipping all lookups in it.
Scoped package detected, looking in 'typescript__lib-es2018/regexp'
Loading module '@typescript/lib-es2018/regexp' from 'node_modules' folder, target file types: JavaScript.
Searching all ancestor node_modules directories for fallback extensions: JavaScript.
Directory 'F:/ertyu/hotel/food_order_system/node_modules' does not exist, skipping all lookups in it.
Directory 'F:/ertyu/hotel/node_modules' does not exist, skipping all lookups in it.
Directory 'F:/ertyu/node_modules' does not exist, skipping all lookups in it.
Directory 'F:/node_modules' does not exist, skipping all lookups in it.
======== Module name '@typescript/lib-es2018/regexp' was not resolved. ========
File 'F:/ertyu/hotel/food_order_system/backend/node_modules/typescript/lib/package.json' does not exist according to earlier cached lookups.
File 'F:/ertyu/hotel/food_order_system/backend/node_modules/typescript/package.json' exists according to earlier cached lookups.
======== Resolving module '@typescript/lib-es2018/intl' from 'F:/ertyu/hotel/food_order_system/backend/__lib_node_modules_lookup_lib.es2018.intl.d.ts__.ts'. ========
Explicitly specified module resolution kind: 'Node10'.
Loading module '@typescript/lib-es2018/intl' from 'node_modules' folder, target file types: TypeScript, Declaration.
Searching all ancestor node_modules directories for preferred extensions: TypeScript, Declaration.
Scoped package detected, looking in 'typescript__lib-es2018/intl'
Directory 'F:/ertyu/hotel/food_order_system/node_modules' does not exist, skipping all lookups in it.
Scoped package detected, looking in 'typescript__lib-es2018/intl'
Directory 'F:/ertyu/hotel/node_modules' does not exist, skipping all lookups in it.
Scoped package detected, looking in 'typescript__lib-es2018/intl'
Directory 'F:/ertyu/node_modules' does not exist, skipping all lookups in it.
Scoped package detected, looking in 'typescript__lib-es2018/intl'
Directory 'F:/node_modules' does not exist, skipping all lookups in it.
Scoped package detected, looking in 'typescript__lib-es2018/intl'
Loading module '@typescript/lib-es2018/intl' from 'node_modules' folder, target file types: JavaScript.
Searching all ancestor node_modules directories for fallback extensions: JavaScript.
Directory 'F:/ertyu/hotel/food_order_system/node_modules' does not exist, skipping all lookups in it.
Directory 'F:/ertyu/hotel/node_modules' does not exist, skipping all lookups in it.
Directory 'F:/ertyu/node_modules' does not exist, skipping all lookups in it.
Directory 'F:/node_modules' does not exist, skipping all lookups in it.
======== Module name '@typescript/lib-es2018/intl' was not resolved. ========
File 'F:/ertyu/hotel/food_order_system/backend/node_modules/typescript/lib/package.json' does not exist according to earlier cached lookups.
File 'F:/ertyu/hotel/food_order_system/backend/node_modules/typescript/package.json' exists according to earlier cached lookups.
======== Resolving module '@typescript/lib-es2019/array' from 'F:/ertyu/hotel/food_order_system/backend/__lib_node_modules_lookup_lib.es2019.array.d.ts__.ts'. ========
Explicitly specified module resolution kind: 'Node10'.
Loading module '@typescript/lib-es2019/array' from 'node_modules' folder, target file types: TypeScript, Declaration.
Searching all ancestor node_modules directories for preferred extensions: TypeScript, Declaration.
Scoped package detected, looking in 'typescript__lib-es2019/array'
Directory 'F:/ertyu/hotel/food_order_system/node_modules' does not exist, skipping all lookups in it.
Scoped package detected, looking in 'typescript__lib-es2019/array'
Directory 'F:/ertyu/hotel/node_modules' does not exist, skipping all lookups in it.
Scoped package detected, looking in 'typescript__lib-es2019/array'
Directory 'F:/ertyu/node_modules' does not exist, skipping all lookups in it.
Scoped package detected, looking in 'typescript__lib-es2019/array'
Directory 'F:/node_modules' does not exist, skipping all lookups in it.
Scoped package detected, looking in 'typescript__lib-es2019/array'
Loading module '@typescript/lib-es2019/array' from 'node_modules' folder, target file types: JavaScript.
Searching all ancestor node_modules directories for fallback extensions: JavaScript.
Directory 'F:/ertyu/hotel/food_order_system/node_modules' does not exist, skipping all lookups in it.
Directory 'F:/ertyu/hotel/node_modules' does not exist, skipping all lookups in it.
Directory 'F:/ertyu/node_modules' does not exist, skipping all lookups in it.
Directory 'F:/node_modules' does not exist, skipping all lookups in it.
======== Module name '@typescript/lib-es2019/array' was not resolved. ========
File 'F:/ertyu/hotel/food_order_system/backend/node_modules/typescript/lib/package.json' does not exist according to earlier cached lookups.
File 'F:/ertyu/hotel/food_order_system/backend/node_modules/typescript/package.json' exists according to earlier cached lookups.
======== Resolving module '@typescript/lib-es2019/object' from 'F:/ertyu/hotel/food_order_system/backend/__lib_node_modules_lookup_lib.es2019.object.d.ts__.ts'. ========
Explicitly specified module resolution kind: 'Node10'.
Loading module '@typescript/lib-es2019/object' from 'node_modules' folder, target file types: TypeScript, Declaration.
Searching all ancestor node_modules directories for preferred extensions: TypeScript, Declaration.
Scoped package detected, looking in 'typescript__lib-es2019/object'
Directory 'F:/ertyu/hotel/food_order_system/node_modules' does not exist, skipping all lookups in it.
Scoped package detected, looking in 'typescript__lib-es2019/object'
Directory 'F:/ertyu/hotel/node_modules' does not exist, skipping all lookups in it.
Scoped package detected, looking in 'typescript__lib-es2019/object'
Directory 'F:/ertyu/node_modules' does not exist, skipping all lookups in it.
Scoped package detected, looking in 'typescript__lib-es2019/object'
Directory 'F:/node_modules' does not exist, skipping all lookups in it.
Scoped package detected, looking in 'typescript__lib-es2019/object'
Loading module '@typescript/lib-es2019/object' from 'node_modules' folder, target file types: JavaScript.
Searching all ancestor node_modules directories for fallback extensions: JavaScript.
Directory 'F:/ertyu/hotel/food_order_system/node_modules' does not exist, skipping all lookups in it.
Directory 'F:/ertyu/hotel/node_modules' does not exist, skipping all lookups in it.
Directory 'F:/ertyu/node_modules' does not exist, skipping all lookups in it.
Directory 'F:/node_modules' does not exist, skipping all lookups in it.
======== Module name '@typescript/lib-es2019/object' was not resolved. ========
File 'F:/ertyu/hotel/food_order_system/backend/node_modules/typescript/lib/package.json' does not exist according to earlier cached lookups.
File 'F:/ertyu/hotel/food_order_system/backend/node_modules/typescript/package.json' exists according to earlier cached lookups.
======== Resolving module '@typescript/lib-es2019/string' from 'F:/ertyu/hotel/food_order_system/backend/__lib_node_modules_lookup_lib.es2019.string.d.ts__.ts'. ========
Explicitly specified module resolution kind: 'Node10'.
Loading module '@typescript/lib-es2019/string' from 'node_modules' folder, target file types: TypeScript, Declaration.
Searching all ancestor node_modules directories for preferred extensions: TypeScript, Declaration.
Scoped package detected, looking in 'typescript__lib-es2019/string'
Directory 'F:/ertyu/hotel/food_order_system/node_modules' does not exist, skipping all lookups in it.
Scoped package detected, looking in 'typescript__lib-es2019/string'
Directory 'F:/ertyu/hotel/node_modules' does not exist, skipping all lookups in it.
Scoped package detected, looking in 'typescript__lib-es2019/string'
Directory 'F:/ertyu/node_modules' does not exist, skipping all lookups in it.
Scoped package detected, looking in 'typescript__lib-es2019/string'
Directory 'F:/node_modules' does not exist, skipping all lookups in it.
Scoped package detected, looking in 'typescript__lib-es2019/string'
Loading module '@typescript/lib-es2019/string' from 'node_modules' folder, target file types: JavaScript.
Searching all ancestor node_modules directories for fallback extensions: JavaScript.
Directory 'F:/ertyu/hotel/food_order_system/node_modules' does not exist, skipping all lookups in it.
Directory 'F:/ertyu/hotel/node_modules' does not exist, skipping all lookups in it.
Directory 'F:/ertyu/node_modules' does not exist, skipping all lookups in it.
Directory 'F:/node_modules' does not exist, skipping all lookups in it.
======== Module name '@typescript/lib-es2019/string' was not resolved. ========
File 'F:/ertyu/hotel/food_order_system/backend/node_modules/typescript/lib/package.json' does not exist according to earlier cached lookups.
File 'F:/ertyu/hotel/food_order_system/backend/node_modules/typescript/package.json' exists according to earlier cached lookups.
======== Resolving module '@typescript/lib-es2019/symbol' from 'F:/ertyu/hotel/food_order_system/backend/__lib_node_modules_lookup_lib.es2019.symbol.d.ts__.ts'. ========
Explicitly specified module resolution kind: 'Node10'.
Loading module '@typescript/lib-es2019/symbol' from 'node_modules' folder, target file types: TypeScript, Declaration.
Searching all ancestor node_modules directories for preferred extensions: TypeScript, Declaration.
Scoped package detected, looking in 'typescript__lib-es2019/symbol'
Directory 'F:/ertyu/hotel/food_order_system/node_modules' does not exist, skipping all lookups in it.
Scoped package detected, looking in 'typescript__lib-es2019/symbol'
Directory 'F:/ertyu/hotel/node_modules' does not exist, skipping all lookups in it.
Scoped package detected, looking in 'typescript__lib-es2019/symbol'
Directory 'F:/ertyu/node_modules' does not exist, skipping all lookups in it.
Scoped package detected, looking in 'typescript__lib-es2019/symbol'
Directory 'F:/node_modules' does not exist, skipping all lookups in it.
Scoped package detected, looking in 'typescript__lib-es2019/symbol'
Loading module '@typescript/lib-es2019/symbol' from 'node_modules' folder, target file types: JavaScript.
Searching all ancestor node_modules directories for fallback extensions: JavaScript.
Directory 'F:/ertyu/hotel/food_order_system/node_modules' does not exist, skipping all lookups in it.
Directory 'F:/ertyu/hotel/node_modules' does not exist, skipping all lookups in it.
Directory 'F:/ertyu/node_modules' does not exist, skipping all lookups in it.
Directory 'F:/node_modules' does not exist, skipping all lookups in it.
======== Module name '@typescript/lib-es2019/symbol' was not resolved. ========
File 'F:/ertyu/hotel/food_order_system/backend/node_modules/typescript/lib/package.json' does not exist according to earlier cached lookups.
File 'F:/ertyu/hotel/food_order_system/backend/node_modules/typescript/package.json' exists according to earlier cached lookups.
======== Resolving module '@typescript/lib-es2019/intl' from 'F:/ertyu/hotel/food_order_system/backend/__lib_node_modules_lookup_lib.es2019.intl.d.ts__.ts'. ========
Explicitly specified module resolution kind: 'Node10'.
Loading module '@typescript/lib-es2019/intl' from 'node_modules' folder, target file types: TypeScript, Declaration.
Searching all ancestor node_modules directories for preferred extensions: TypeScript, Declaration.
Scoped package detected, looking in 'typescript__lib-es2019/intl'
Directory 'F:/ertyu/hotel/food_order_system/node_modules' does not exist, skipping all lookups in it.
Scoped package detected, looking in 'typescript__lib-es2019/intl'
Directory 'F:/ertyu/hotel/node_modules' does not exist, skipping all lookups in it.
Scoped package detected, looking in 'typescript__lib-es2019/intl'
Directory 'F:/ertyu/node_modules' does not exist, skipping all lookups in it.
Scoped package detected, looking in 'typescript__lib-es2019/intl'
Directory 'F:/node_modules' does not exist, skipping all lookups in it.
Scoped package detected, looking in 'typescript__lib-es2019/intl'
Loading module '@typescript/lib-es2019/intl' from 'node_modules' folder, target file types: JavaScript.
Searching all ancestor node_modules directories for fallback extensions: JavaScript.
Directory 'F:/ertyu/hotel/food_order_system/node_modules' does not exist, skipping all lookups in it.
Directory 'F:/ertyu/hotel/node_modules' does not exist, skipping all lookups in it.
Directory 'F:/ertyu/node_modules' does not exist, skipping all lookups in it.
Directory 'F:/node_modules' does not exist, skipping all lookups in it.
======== Module name '@typescript/lib-es2019/intl' was not resolved. ========
File 'F:/ertyu/hotel/food_order_system/backend/node_modules/typescript/lib/package.json' does not exist according to earlier cached lookups.
File 'F:/ertyu/hotel/food_order_system/backend/node_modules/typescript/package.json' exists according to earlier cached lookups.
======== Resolving module '@typescript/lib-es2020/bigint' from 'F:/ertyu/hotel/food_order_system/backend/__lib_node_modules_lookup_lib.es2020.bigint.d.ts__.ts'. ========
Explicitly specified module resolution kind: 'Node10'.
Loading module '@typescript/lib-es2020/bigint' from 'node_modules' folder, target file types: TypeScript, Declaration.
Searching all ancestor node_modules directories for preferred extensions: TypeScript, Declaration.
Scoped package detected, looking in 'typescript__lib-es2020/bigint'
Directory 'F:/ertyu/hotel/food_order_system/node_modules' does not exist, skipping all lookups in it.
Scoped package detected, looking in 'typescript__lib-es2020/bigint'
Directory 'F:/ertyu/hotel/node_modules' does not exist, skipping all lookups in it.
Scoped package detected, looking in 'typescript__lib-es2020/bigint'
Directory 'F:/ertyu/node_modules' does not exist, skipping all lookups in it.
Scoped package detected, looking in 'typescript__lib-es2020/bigint'
Directory 'F:/node_modules' does not exist, skipping all lookups in it.
Scoped package detected, looking in 'typescript__lib-es2020/bigint'
Loading module '@typescript/lib-es2020/bigint' from 'node_modules' folder, target file types: JavaScript.
Searching all ancestor node_modules directories for fallback extensions: JavaScript.
Directory 'F:/ertyu/hotel/food_order_system/node_modules' does not exist, skipping all lookups in it.
Directory 'F:/ertyu/hotel/node_modules' does not exist, skipping all lookups in it.
Directory 'F:/ertyu/node_modules' does not exist, skipping all lookups in it.
Directory 'F:/node_modules' does not exist, skipping all lookups in it.
======== Module name '@typescript/lib-es2020/bigint' was not resolved. ========
File 'F:/ertyu/hotel/food_order_system/backend/node_modules/typescript/lib/package.json' does not exist according to earlier cached lookups.
File 'F:/ertyu/hotel/food_order_system/backend/node_modules/typescript/package.json' exists according to earlier cached lookups.
======== Resolving module '@typescript/lib-es2020/intl' from 'F:/ertyu/hotel/food_order_system/backend/__lib_node_modules_lookup_lib.es2020.intl.d.ts__.ts'. ========
Explicitly specified module resolution kind: 'Node10'.
Loading module '@typescript/lib-es2020/intl' from 'node_modules' folder, target file types: TypeScript, Declaration.
Searching all ancestor node_modules directories for preferred extensions: TypeScript, Declaration.
Scoped package detected, looking in 'typescript__lib-es2020/intl'
Directory 'F:/ertyu/hotel/food_order_system/node_modules' does not exist, skipping all lookups in it.
Scoped package detected, looking in 'typescript__lib-es2020/intl'
Directory 'F:/ertyu/hotel/node_modules' does not exist, skipping all lookups in it.
Scoped package detected, looking in 'typescript__lib-es2020/intl'
Directory 'F:/ertyu/node_modules' does not exist, skipping all lookups in it.
Scoped package detected, looking in 'typescript__lib-es2020/intl'
Directory 'F:/node_modules' does not exist, skipping all lookups in it.
Scoped package detected, looking in 'typescript__lib-es2020/intl'
Loading module '@typescript/lib-es2020/intl' from 'node_modules' folder, target file types: JavaScript.
Searching all ancestor node_modules directories for fallback extensions: JavaScript.
Directory 'F:/ertyu/hotel/food_order_system/node_modules' does not exist, skipping all lookups in it.
Directory 'F:/ertyu/hotel/node_modules' does not exist, skipping all lookups in it.
Directory 'F:/ertyu/node_modules' does not exist, skipping all lookups in it.
Directory 'F:/node_modules' does not exist, skipping all lookups in it.
======== Module name '@typescript/lib-es2020/intl' was not resolved. ========
File 'F:/ertyu/hotel/food_order_system/backend/node_modules/typescript/lib/package.json' does not exist according to earlier cached lookups.
File 'F:/ertyu/hotel/food_order_system/backend/node_modules/typescript/package.json' exists according to earlier cached lookups.
======== Resolving module '@typescript/lib-es2020/date' from 'F:/ertyu/hotel/food_order_system/backend/__lib_node_modules_lookup_lib.es2020.date.d.ts__.ts'. ========
Explicitly specified module resolution kind: 'Node10'.
Loading module '@typescript/lib-es2020/date' from 'node_modules' folder, target file types: TypeScript, Declaration.
Searching all ancestor node_modules directories for preferred extensions: TypeScript, Declaration.
Scoped package detected, looking in 'typescript__lib-es2020/date'
Directory 'F:/ertyu/hotel/food_order_system/node_modules' does not exist, skipping all lookups in it.
Scoped package detected, looking in 'typescript__lib-es2020/date'
Directory 'F:/ertyu/hotel/node_modules' does not exist, skipping all lookups in it.
Scoped package detected, looking in 'typescript__lib-es2020/date'
Directory 'F:/ertyu/node_modules' does not exist, skipping all lookups in it.
Scoped package detected, looking in 'typescript__lib-es2020/date'
Directory 'F:/node_modules' does not exist, skipping all lookups in it.
Scoped package detected, looking in 'typescript__lib-es2020/date'
Loading module '@typescript/lib-es2020/date' from 'node_modules' folder, target file types: JavaScript.
Searching all ancestor node_modules directories for fallback extensions: JavaScript.
Directory 'F:/ertyu/hotel/food_order_system/node_modules' does not exist, skipping all lookups in it.
Directory 'F:/ertyu/hotel/node_modules' does not exist, skipping all lookups in it.
Directory 'F:/ertyu/node_modules' does not exist, skipping all lookups in it.
Directory 'F:/node_modules' does not exist, skipping all lookups in it.
======== Module name '@typescript/lib-es2020/date' was not resolved. ========
File 'F:/ertyu/hotel/food_order_system/backend/node_modules/typescript/lib/package.json' does not exist according to earlier cached lookups.
File 'F:/ertyu/hotel/food_order_system/backend/node_modules/typescript/package.json' exists according to earlier cached lookups.
======== Resolving module '@typescript/lib-es2020/number' from 'F:/ertyu/hotel/food_order_system/backend/__lib_node_modules_lookup_lib.es2020.number.d.ts__.ts'. ========
Explicitly specified module resolution kind: 'Node10'.
Loading module '@typescript/lib-es2020/number' from 'node_modules' folder, target file types: TypeScript, Declaration.
Searching all ancestor node_modules directories for preferred extensions: TypeScript, Declaration.
Scoped package detected, looking in 'typescript__lib-es2020/number'
Directory 'F:/ertyu/hotel/food_order_system/node_modules' does not exist, skipping all lookups in it.
Scoped package detected, looking in 'typescript__lib-es2020/number'
Directory 'F:/ertyu/hotel/node_modules' does not exist, skipping all lookups in it.
Scoped package detected, looking in 'typescript__lib-es2020/number'
Directory 'F:/ertyu/node_modules' does not exist, skipping all lookups in it.
Scoped package detected, looking in 'typescript__lib-es2020/number'
Directory 'F:/node_modules' does not exist, skipping all lookups in it.
Scoped package detected, looking in 'typescript__lib-es2020/number'
Loading module '@typescript/lib-es2020/number' from 'node_modules' folder, target file types: JavaScript.
Searching all ancestor node_modules directories for fallback extensions: JavaScript.
Directory 'F:/ertyu/hotel/food_order_system/node_modules' does not exist, skipping all lookups in it.
Directory 'F:/ertyu/hotel/node_modules' does not exist, skipping all lookups in it.
Directory 'F:/ertyu/node_modules' does not exist, skipping all lookups in it.
Directory 'F:/node_modules' does not exist, skipping all lookups in it.
======== Module name '@typescript/lib-es2020/number' was not resolved. ========
File 'F:/ertyu/hotel/food_order_system/backend/node_modules/typescript/lib/package.json' does not exist according to earlier cached lookups.
File 'F:/ertyu/hotel/food_order_system/backend/node_modules/typescript/package.json' exists according to earlier cached lookups.
======== Resolving module '@typescript/lib-es2020/promise' from 'F:/ertyu/hotel/food_order_system/backend/__lib_node_modules_lookup_lib.es2020.promise.d.ts__.ts'. ========
Explicitly specified module resolution kind: 'Node10'.
Loading module '@typescript/lib-es2020/promise' from 'node_modules' folder, target file types: TypeScript, Declaration.
Searching all ancestor node_modules directories for preferred extensions: TypeScript, Declaration.
Scoped package detected, looking in 'typescript__lib-es2020/promise'
Directory 'F:/ertyu/hotel/food_order_system/node_modules' does not exist, skipping all lookups in it.
Scoped package detected, looking in 'typescript__lib-es2020/promise'
Directory 'F:/ertyu/hotel/node_modules' does not exist, skipping all lookups in it.
Scoped package detected, looking in 'typescript__lib-es2020/promise'
Directory 'F:/ertyu/node_modules' does not exist, skipping all lookups in it.
Scoped package detected, looking in 'typescript__lib-es2020/promise'
Directory 'F:/node_modules' does not exist, skipping all lookups in it.
Scoped package detected, looking in 'typescript__lib-es2020/promise'
Loading module '@typescript/lib-es2020/promise' from 'node_modules' folder, target file types: JavaScript.
Searching all ancestor node_modules directories for fallback extensions: JavaScript.
Directory 'F:/ertyu/hotel/food_order_system/node_modules' does not exist, skipping all lookups in it.
Directory 'F:/ertyu/hotel/node_modules' does not exist, skipping all lookups in it.
Directory 'F:/ertyu/node_modules' does not exist, skipping all lookups in it.
Directory 'F:/node_modules' does not exist, skipping all lookups in it.
======== Module name '@typescript/lib-es2020/promise' was not resolved. ========
File 'F:/ertyu/hotel/food_order_system/backend/node_modules/typescript/lib/package.json' does not exist according to earlier cached lookups.
File 'F:/ertyu/hotel/food_order_system/backend/node_modules/typescript/package.json' exists according to earlier cached lookups.
======== Resolving module '@typescript/lib-es2020/sharedmemory' from 'F:/ertyu/hotel/food_order_system/backend/__lib_node_modules_lookup_lib.es2020.sharedmemory.d.ts__.ts'. ========
Explicitly specified module resolution kind: 'Node10'.
Loading module '@typescript/lib-es2020/sharedmemory' from 'node_modules' folder, target file types: TypeScript, Declaration.
Searching all ancestor node_modules directories for preferred extensions: TypeScript, Declaration.
Scoped package detected, looking in 'typescript__lib-es2020/sharedmemory'
Directory 'F:/ertyu/hotel/food_order_system/node_modules' does not exist, skipping all lookups in it.
Scoped package detected, looking in 'typescript__lib-es2020/sharedmemory'
Directory 'F:/ertyu/hotel/node_modules' does not exist, skipping all lookups in it.
Scoped package detected, looking in 'typescript__lib-es2020/sharedmemory'
Directory 'F:/ertyu/node_modules' does not exist, skipping all lookups in it.
Scoped package detected, looking in 'typescript__lib-es2020/sharedmemory'
Directory 'F:/node_modules' does not exist, skipping all lookups in it.
Scoped package detected, looking in 'typescript__lib-es2020/sharedmemory'
Loading module '@typescript/lib-es2020/sharedmemory' from 'node_modules' folder, target file types: JavaScript.
Searching all ancestor node_modules directories for fallback extensions: JavaScript.
Directory 'F:/ertyu/hotel/food_order_system/node_modules' does not exist, skipping all lookups in it.
Directory 'F:/ertyu/hotel/node_modules' does not exist, skipping all lookups in it.
Directory 'F:/ertyu/node_modules' does not exist, skipping all lookups in it.
Directory 'F:/node_modules' does not exist, skipping all lookups in it.
======== Module name '@typescript/lib-es2020/sharedmemory' was not resolved. ========
File 'F:/ertyu/hotel/food_order_system/backend/node_modules/typescript/lib/package.json' does not exist according to earlier cached lookups.
File 'F:/ertyu/hotel/food_order_system/backend/node_modules/typescript/package.json' exists according to earlier cached lookups.
======== Resolving module '@typescript/lib-es2020/string' from 'F:/ertyu/hotel/food_order_system/backend/__lib_node_modules_lookup_lib.es2020.string.d.ts__.ts'. ========
Explicitly specified module resolution kind: 'Node10'.
Loading module '@typescript/lib-es2020/string' from 'node_modules' folder, target file types: TypeScript, Declaration.
Searching all ancestor node_modules directories for preferred extensions: TypeScript, Declaration.
Scoped package detected, looking in 'typescript__lib-es2020/string'
Directory 'F:/ertyu/hotel/food_order_system/node_modules' does not exist, skipping all lookups in it.
Scoped package detected, looking in 'typescript__lib-es2020/string'
Directory 'F:/ertyu/hotel/node_modules' does not exist, skipping all lookups in it.
Scoped package detected, looking in 'typescript__lib-es2020/string'
Directory 'F:/ertyu/node_modules' does not exist, skipping all lookups in it.
Scoped package detected, looking in 'typescript__lib-es2020/string'
Directory 'F:/node_modules' does not exist, skipping all lookups in it.
Scoped package detected, looking in 'typescript__lib-es2020/string'
Loading module '@typescript/lib-es2020/string' from 'node_modules' folder, target file types: JavaScript.
Searching all ancestor node_modules directories for fallback extensions: JavaScript.
Directory 'F:/ertyu/hotel/food_order_system/node_modules' does not exist, skipping all lookups in it.
Directory 'F:/ertyu/hotel/node_modules' does not exist, skipping all lookups in it.
Directory 'F:/ertyu/node_modules' does not exist, skipping all lookups in it.
Directory 'F:/node_modules' does not exist, skipping all lookups in it.
======== Module name '@typescript/lib-es2020/string' was not resolved. ========
File 'F:/ertyu/hotel/food_order_system/backend/node_modules/typescript/lib/package.json' does not exist according to earlier cached lookups.
File 'F:/ertyu/hotel/food_order_system/backend/node_modules/typescript/package.json' exists according to earlier cached lookups.
======== Resolving module '@typescript/lib-es2020/symbol-wellknown' from 'F:/ertyu/hotel/food_order_system/backend/__lib_node_modules_lookup_lib.es2020.symbol.wellknown.d.ts__.ts'. ========
Explicitly specified module resolution kind: 'Node10'.
Loading module '@typescript/lib-es2020/symbol-wellknown' from 'node_modules' folder, target file types: TypeScript, Declaration.
Searching all ancestor node_modules directories for preferred extensions: TypeScript, Declaration.
Scoped package detected, looking in 'typescript__lib-es2020/symbol-wellknown'
Directory 'F:/ertyu/hotel/food_order_system/node_modules' does not exist, skipping all lookups in it.
Scoped package detected, looking in 'typescript__lib-es2020/symbol-wellknown'
Directory 'F:/ertyu/hotel/node_modules' does not exist, skipping all lookups in it.
Scoped package detected, looking in 'typescript__lib-es2020/symbol-wellknown'
Directory 'F:/ertyu/node_modules' does not exist, skipping all lookups in it.
Scoped package detected, looking in 'typescript__lib-es2020/symbol-wellknown'
Directory 'F:/node_modules' does not exist, skipping all lookups in it.
Scoped package detected, looking in 'typescript__lib-es2020/symbol-wellknown'
Loading module '@typescript/lib-es2020/symbol-wellknown' from 'node_modules' folder, target file types: JavaScript.
Searching all ancestor node_modules directories for fallback extensions: JavaScript.
Directory 'F:/ertyu/hotel/food_order_system/node_modules' does not exist, skipping all lookups in it.
Directory 'F:/ertyu/hotel/node_modules' does not exist, skipping all lookups in it.
Directory 'F:/ertyu/node_modules' does not exist, skipping all lookups in it.
Directory 'F:/node_modules' does not exist, skipping all lookups in it.
======== Module name '@typescript/lib-es2020/symbol-wellknown' was not resolved. ========
File 'F:/ertyu/hotel/food_order_system/backend/node_modules/typescript/lib/package.json' does not exist according to earlier cached lookups.
File 'F:/ertyu/hotel/food_order_system/backend/node_modules/typescript/package.json' exists according to earlier cached lookups.
======== Resolving module 'connect' from 'F:/ertyu/hotel/food_order_system/backend/node_modules/@types/body-parser/index.d.ts'. ========
Module resolution kind is not specified, using 'Node10'.
Loading module 'connect' from 'node_modules' folder, target file types: TypeScript, Declaration.
Searching all ancestor node_modules directories for preferred extensions: TypeScript, Declaration.
Directory 'F:/ertyu/hotel/food_order_system/backend/node_modules/@types/body-parser/node_modules' does not exist, skipping all lookups in it.
Directory 'F:/ertyu/hotel/food_order_system/backend/node_modules/@types/node_modules' does not exist, skipping all lookups in it.
File 'F:/ertyu/hotel/food_order_system/backend/node_modules/connect.ts' does not exist.
File 'F:/ertyu/hotel/food_order_system/backend/node_modules/connect.tsx' does not exist.
File 'F:/ertyu/hotel/food_order_system/backend/node_modules/connect.d.ts' does not exist.
File 'F:/ertyu/hotel/food_order_system/backend/node_modules/@types/connect/package.json' exists according to earlier cached lookups.
File 'F:/ertyu/hotel/food_order_system/backend/node_modules/@types/connect.d.ts' does not exist.
'package.json' does not have a 'typings' field.
'package.json' has 'types' field 'index.d.ts' that references 'F:/ertyu/hotel/food_order_system/backend/node_modules/@types/connect/index.d.ts'.
File 'F:/ertyu/hotel/food_order_system/backend/node_modules/@types/connect/index.d.ts' exists - use it as a name resolution result.
Resolving real path for 'F:/ertyu/hotel/food_order_system/backend/node_modules/@types/connect/index.d.ts', result 'F:/ertyu/hotel/food_order_system/backend/node_modules/@types/connect/index.d.ts'.
======== Module name 'connect' was successfully resolved to 'F:/ertyu/hotel/food_order_system/backend/node_modules/@types/connect/index.d.ts' with Package ID '@types/connect/index.d.ts@3.4.38'. ========
======== Resolving module 'http' from 'F:/ertyu/hotel/food_order_system/backend/node_modules/@types/body-parser/index.d.ts'. ========
Module resolution kind is not specified, using 'Node10'.
Loading module 'http' from 'node_modules' folder, target file types: TypeScript, Declaration.
Searching all ancestor node_modules directories for preferred extensions: TypeScript, Declaration.
Directory 'F:/ertyu/hotel/food_order_system/backend/node_modules/@types/body-parser/node_modules' does not exist, skipping all lookups in it.
Resolution for module 'http' was found in cache from location 'F:/ertyu/hotel/food_order_system/backend/node_modules/@types'.
======== Module name 'http' was not resolved. ========
File 'F:/ertyu/hotel/food_order_system/backend/node_modules/@types/connect/package.json' exists according to earlier cached lookups.
======== Resolving type reference directive 'node', containing file 'F:/ertyu/hotel/food_order_system/backend/node_modules/@types/connect/index.d.ts', root directory 'F:/ertyu/hotel/food_order_system/backend/node_modules/@types,F:/ertyu/hotel/food_order_system/node_modules/@types,F:/ertyu/hotel/node_modules/@types,F:/ertyu/node_modules/@types,F:/node_modules/@types'. ========
Resolving with primary search path 'F:/ertyu/hotel/food_order_system/backend/node_modules/@types, F:/ertyu/hotel/food_order_system/node_modules/@types, F:/ertyu/hotel/node_modules/@types, F:/ertyu/node_modules/@types, F:/node_modules/@types'.
File 'F:/ertyu/hotel/food_order_system/backend/node_modules/@types/node/package.json' exists according to earlier cached lookups.
'package.json' does not have a 'typings' field.
'package.json' has 'types' field 'index.d.ts' that references 'F:/ertyu/hotel/food_order_system/backend/node_modules/@types/node/index.d.ts'.
File 'F:/ertyu/hotel/food_order_system/backend/node_modules/@types/node/index.d.ts' exists - use it as a name resolution result.
Resolving real path for 'F:/ertyu/hotel/food_order_system/backend/node_modules/@types/node/index.d.ts', result 'F:/ertyu/hotel/food_order_system/backend/node_modules/@types/node/index.d.ts'.
======== Type reference directive 'node' was successfully resolved to 'F:/ertyu/hotel/food_order_system/backend/node_modules/@types/node/index.d.ts' with Package ID '@types/node/index.d.ts@20.19.41', primary: true. ========
======== Resolving module 'http' from 'F:/ertyu/hotel/food_order_system/backend/node_modules/@types/connect/index.d.ts'. ========
Module resolution kind is not specified, using 'Node10'.
Loading module 'http' from 'node_modules' folder, target file types: TypeScript, Declaration.
Searching all ancestor node_modules directories for preferred extensions: TypeScript, Declaration.
Directory 'F:/ertyu/hotel/food_order_system/backend/node_modules/@types/connect/node_modules' does not exist, skipping all lookups in it.
Resolution for module 'http' was found in cache from location 'F:/ertyu/hotel/food_order_system/backend/node_modules/@types'.
======== Module name 'http' was not resolved. ========
File 'F:/ertyu/hotel/food_order_system/backend/node_modules/@types/cookie-parser/package.json' exists according to earlier cached lookups.
======== Resolving module 'express' from 'F:/ertyu/hotel/food_order_system/backend/node_modules/@types/cookie-parser/index.d.ts'. ========
Module resolution kind is not specified, using 'Node10'.
Loading module 'express' from 'node_modules' folder, target file types: TypeScript, Declaration.
Searching all ancestor node_modules directories for preferred extensions: TypeScript, Declaration.
Directory 'F:/ertyu/hotel/food_order_system/backend/node_modules/@types/cookie-parser/node_modules' does not exist, skipping all lookups in it.
Directory 'F:/ertyu/hotel/food_order_system/backend/node_modules/@types/node_modules' does not exist, skipping all lookups in it.
Found 'package.json' at 'F:/ertyu/hotel/food_order_system/backend/node_modules/express/package.json'.
File 'F:/ertyu/hotel/food_order_system/backend/node_modules/express.ts' does not exist.
File 'F:/ertyu/hotel/food_order_system/backend/node_modules/express.tsx' does not exist.
File 'F:/ertyu/hotel/food_order_system/backend/node_modules/express.d.ts' does not exist.
'package.json' does not have a 'typesVersions' field.
'package.json' does not have a 'typings' field.
'package.json' does not have a 'types' field.
'package.json' does not have a 'main' field.
File 'F:/ertyu/hotel/food_order_system/backend/node_modules/express/index.ts' does not exist.
File 'F:/ertyu/hotel/food_order_system/backend/node_modules/express/index.tsx' does not exist.
File 'F:/ertyu/hotel/food_order_system/backend/node_modules/express/index.d.ts' does not exist.
File 'F:/ertyu/hotel/food_order_system/backend/node_modules/@types/express/package.json' exists according to earlier cached lookups.
File 'F:/ertyu/hotel/food_order_system/backend/node_modules/@types/express.d.ts' does not exist.
'package.json' does not have a 'typings' field.
'package.json' has 'types' field 'index.d.ts' that references 'F:/ertyu/hotel/food_order_system/backend/node_modules/@types/express/index.d.ts'.
File 'F:/ertyu/hotel/food_order_system/backend/node_modules/@types/express/index.d.ts' exists - use it as a name resolution result.
Resolving real path for 'F:/ertyu/hotel/food_order_system/backend/node_modules/@types/express/index.d.ts', result 'F:/ertyu/hotel/food_order_system/backend/node_modules/@types/express/index.d.ts'.
======== Module name 'express' was successfully resolved to 'F:/ertyu/hotel/food_order_system/backend/node_modules/@types/express/index.d.ts' with Package ID '@types/express/index.d.ts@4.17.25'. ========
File 'F:/ertyu/hotel/food_order_system/backend/node_modules/@types/express/package.json' exists according to earlier cached lookups.
======== Resolving type reference directive 'express-serve-static-core', containing file 'F:/ertyu/hotel/food_order_system/backend/node_modules/@types/express/index.d.ts', root directory 'F:/ertyu/hotel/food_order_system/backend/node_modules/@types,F:/ertyu/hotel/food_order_system/node_modules/@types,F:/ertyu/hotel/node_modules/@types,F:/ertyu/node_modules/@types,F:/node_modules/@types'. ========
Resolving with primary search path 'F:/ertyu/hotel/food_order_system/backend/node_modules/@types, F:/ertyu/hotel/food_order_system/node_modules/@types, F:/ertyu/hotel/node_modules/@types, F:/ertyu/node_modules/@types, F:/node_modules/@types'.
File 'F:/ertyu/hotel/food_order_system/backend/node_modules/@types/express-serve-static-core/package.json' exists according to earlier cached lookups.
'package.json' does not have a 'typings' field.
'package.json' has 'types' field 'index.d.ts' that references 'F:/ertyu/hotel/food_order_system/backend/node_modules/@types/express-serve-static-core/index.d.ts'.
File 'F:/ertyu/hotel/food_order_system/backend/node_modules/@types/express-serve-static-core/index.d.ts' exists - use it as a name resolution result.
Resolving real path for 'F:/ertyu/hotel/food_order_system/backend/node_modules/@types/express-serve-static-core/index.d.ts', result 'F:/ertyu/hotel/food_order_system/backend/node_modules/@types/express-serve-static-core/index.d.ts'.
======== Type reference directive 'express-serve-static-core' was successfully resolved to 'F:/ertyu/hotel/food_order_system/backend/node_modules/@types/express-serve-static-core/index.d.ts' with Package ID '@types/express-serve-static-core/index.d.ts@4.19.8', primary: true. ========
======== Resolving type reference directive 'serve-static', containing file 'F:/ertyu/hotel/food_order_system/backend/node_modules/@types/express/index.d.ts', root directory 'F:/ertyu/hotel/food_order_system/backend/node_modules/@types,F:/ertyu/hotel/food_order_system/node_modules/@types,F:/ertyu/hotel/node_modules/@types,F:/ertyu/node_modules/@types,F:/node_modules/@types'. ========
Resolving with primary search path 'F:/ertyu/hotel/food_order_system/backend/node_modules/@types, F:/ertyu/hotel/food_order_system/node_modules/@types, F:/ertyu/hotel/node_modules/@types, F:/ertyu/node_modules/@types, F:/node_modules/@types'.
File 'F:/ertyu/hotel/food_order_system/backend/node_modules/@types/serve-static/package.json' exists according to earlier cached lookups.
'package.json' does not have a 'typings' field.
'package.json' has 'types' field 'index.d.ts' that references 'F:/ertyu/hotel/food_order_system/backend/node_modules/@types/serve-static/index.d.ts'.
File 'F:/ertyu/hotel/food_order_system/backend/node_modules/@types/serve-static/index.d.ts' exists - use it as a name resolution result.
Resolving real path for 'F:/ertyu/hotel/food_order_system/backend/node_modules/@types/serve-static/index.d.ts', result 'F:/ertyu/hotel/food_order_system/backend/node_modules/@types/serve-static/index.d.ts'.
======== Type reference directive 'serve-static' was successfully resolved to 'F:/ertyu/hotel/food_order_system/backend/node_modules/@types/serve-static/index.d.ts' with Package ID '@types/serve-static/index.d.ts@1.15.10', primary: true. ========
File 'F:/ertyu/hotel/food_order_system/backend/node_modules/@types/express-serve-static-core/package.json' exists according to earlier cached lookups.
======== Resolving type reference directive 'node', containing file 'F:/ertyu/hotel/food_order_system/backend/node_modules/@types/express-serve-static-core/index.d.ts', root directory 'F:/ertyu/hotel/food_order_system/backend/node_modules/@types,F:/ertyu/hotel/food_order_system/node_modules/@types,F:/ertyu/hotel/node_modules/@types,F:/ertyu/node_modules/@types,F:/node_modules/@types'. ========
Resolving with primary search path 'F:/ertyu/hotel/food_order_system/backend/node_modules/@types, F:/ertyu/hotel/food_order_system/node_modules/@types, F:/ertyu/hotel/node_modules/@types, F:/ertyu/node_modules/@types, F:/node_modules/@types'.
File 'F:/ertyu/hotel/food_order_system/backend/node_modules/@types/node/package.json' exists according to earlier cached lookups.
'package.json' does not have a 'typings' field.
'package.json' has 'types' field 'index.d.ts' that references 'F:/ertyu/hotel/food_order_system/backend/node_modules/@types/node/index.d.ts'.
File 'F:/ertyu/hotel/food_order_system/backend/node_modules/@types/node/index.d.ts' exists - use it as a name resolution result.
Resolving real path for 'F:/ertyu/hotel/food_order_system/backend/node_modules/@types/node/index.d.ts', result 'F:/ertyu/hotel/food_order_system/backend/node_modules/@types/node/index.d.ts'.
======== Type reference directive 'node' was successfully resolved to 'F:/ertyu/hotel/food_order_system/backend/node_modules/@types/node/index.d.ts' with Package ID '@types/node/index.d.ts@20.19.41', primary: true. ========
======== Resolving module 'send' from 'F:/ertyu/hotel/food_order_system/backend/node_modules/@types/express-serve-static-core/index.d.ts'. ========
Module resolution kind is not specified, using 'Node10'.
Loading module 'send' from 'node_modules' folder, target file types: TypeScript, Declaration.
Searching all ancestor node_modules directories for preferred extensions: TypeScript, Declaration.
Directory 'F:/ertyu/hotel/food_order_system/backend/node_modules/@types/express-serve-static-core/node_modules' does not exist, skipping all lookups in it.
Directory 'F:/ertyu/hotel/food_order_system/backend/node_modules/@types/node_modules' does not exist, skipping all lookups in it.
Found 'package.json' at 'F:/ertyu/hotel/food_order_system/backend/node_modules/send/package.json'.
File 'F:/ertyu/hotel/food_order_system/backend/node_modules/send.ts' does not exist.
File 'F:/ertyu/hotel/food_order_system/backend/node_modules/send.tsx' does not exist.
File 'F:/ertyu/hotel/food_order_system/backend/node_modules/send.d.ts' does not exist.
'package.json' does not have a 'typesVersions' field.
'package.json' does not have a 'typings' field.
'package.json' does not have a 'types' field.
'package.json' does not have a 'main' field.
File 'F:/ertyu/hotel/food_order_system/backend/node_modules/send/index.ts' does not exist.
File 'F:/ertyu/hotel/food_order_system/backend/node_modules/send/index.tsx' does not exist.
File 'F:/ertyu/hotel/food_order_system/backend/node_modules/send/index.d.ts' does not exist.
File 'F:/ertyu/hotel/food_order_system/backend/node_modules/@types/send/package.json' exists according to earlier cached lookups.
File 'F:/ertyu/hotel/food_order_system/backend/node_modules/@types/send.d.ts' does not exist.
'package.json' does not have a 'typings' field.
'package.json' has 'types' field 'index.d.ts' that references 'F:/ertyu/hotel/food_order_system/backend/node_modules/@types/send/index.d.ts'.
File 'F:/ertyu/hotel/food_order_system/backend/node_modules/@types/send/index.d.ts' exists - use it as a name resolution result.
Resolving real path for 'F:/ertyu/hotel/food_order_system/backend/node_modules/@types/send/index.d.ts', result 'F:/ertyu/hotel/food_order_system/backend/node_modules/@types/send/index.d.ts'.
======== Module name 'send' was successfully resolved to 'F:/ertyu/hotel/food_order_system/backend/node_modules/@types/send/index.d.ts' with Package ID '@types/send/index.d.ts@1.2.1'. ========
======== Resolving module 'events' from 'F:/ertyu/hotel/food_order_system/backend/node_modules/@types/express-serve-static-core/index.d.ts'. ========
Module resolution kind is not specified, using 'Node10'.
Loading module 'events' from 'node_modules' folder, target file types: TypeScript, Declaration.
Searching all ancestor node_modules directories for preferred extensions: TypeScript, Declaration.
Directory 'F:/ertyu/hotel/food_order_system/backend/node_modules/@types/express-serve-static-core/node_modules' does not exist, skipping all lookups in it.
Resolution for module 'events' was found in cache from location 'F:/ertyu/hotel/food_order_system/backend/node_modules/@types'.
======== Module name 'events' was not resolved. ========
======== Resolving module 'http' from 'F:/ertyu/hotel/food_order_system/backend/node_modules/@types/express-serve-static-core/index.d.ts'. ========
Module resolution kind is not specified, using 'Node10'.
Loading module 'http' from 'node_modules' folder, target file types: TypeScript, Declaration.
Searching all ancestor node_modules directories for preferred extensions: TypeScript, Declaration.
Directory 'F:/ertyu/hotel/food_order_system/backend/node_modules/@types/express-serve-static-core/node_modules' does not exist, skipping all lookups in it.
Resolution for module 'http' was found in cache from location 'F:/ertyu/hotel/food_order_system/backend/node_modules/@types'.
======== Module name 'http' was not resolved. ========
======== Resolving module 'qs' from 'F:/ertyu/hotel/food_order_system/backend/node_modules/@types/express-serve-static-core/index.d.ts'. ========
Module resolution kind is not specified, using 'Node10'.
Loading module 'qs' from 'node_modules' folder, target file types: TypeScript, Declaration.
Searching all ancestor node_modules directories for preferred extensions: TypeScript, Declaration.
Directory 'F:/ertyu/hotel/food_order_system/backend/node_modules/@types/express-serve-static-core/node_modules' does not exist, skipping all lookups in it.
Directory 'F:/ertyu/hotel/food_order_system/backend/node_modules/@types/node_modules' does not exist, skipping all lookups in it.
Found 'package.json' at 'F:/ertyu/hotel/food_order_system/backend/node_modules/qs/package.json'.
File 'F:/ertyu/hotel/food_order_system/backend/node_modules/qs.ts' does not exist.
File 'F:/ertyu/hotel/food_order_system/backend/node_modules/qs.tsx' does not exist.
File 'F:/ertyu/hotel/food_order_system/backend/node_modules/qs.d.ts' does not exist.
'package.json' does not have a 'typesVersions' field.
'package.json' does not have a 'typings' field.
'package.json' does not have a 'types' field.
'package.json' has 'main' field 'lib/index.js' that references 'F:/ertyu/hotel/food_order_system/backend/node_modules/qs/lib/index.js'.
File name 'F:/ertyu/hotel/food_order_system/backend/node_modules/qs/lib/index.js' has a '.js' extension - stripping it.
File 'F:/ertyu/hotel/food_order_system/backend/node_modules/qs/lib/index.ts' does not exist.
File 'F:/ertyu/hotel/food_order_system/backend/node_modules/qs/lib/index.tsx' does not exist.
File 'F:/ertyu/hotel/food_order_system/backend/node_modules/qs/lib/index.d.ts' does not exist.
Loading module as file / folder, candidate module location 'F:/ertyu/hotel/food_order_system/backend/node_modules/qs/lib/index.js', target file types: TypeScript, Declaration.
File name 'F:/ertyu/hotel/food_order_system/backend/node_modules/qs/lib/index.js' has a '.js' extension - stripping it.
File 'F:/ertyu/hotel/food_order_system/backend/node_modules/qs/lib/index.ts' does not exist.
File 'F:/ertyu/hotel/food_order_system/backend/node_modules/qs/lib/index.tsx' does not exist.
File 'F:/ertyu/hotel/food_order_system/backend/node_modules/qs/lib/index.d.ts' does not exist.
File 'F:/ertyu/hotel/food_order_system/backend/node_modules/qs/lib/index.js.ts' does not exist.
File 'F:/ertyu/hotel/food_order_system/backend/node_modules/qs/lib/index.js.tsx' does not exist.
File 'F:/ertyu/hotel/food_order_system/backend/node_modules/qs/lib/index.js.d.ts' does not exist.
Directory 'F:/ertyu/hotel/food_order_system/backend/node_modules/qs/lib/index.js' does not exist, skipping all lookups in it.
File 'F:/ertyu/hotel/food_order_system/backend/node_modules/qs/index.ts' does not exist.
File 'F:/ertyu/hotel/food_order_system/backend/node_modules/qs/index.tsx' does not exist.
File 'F:/ertyu/hotel/food_order_system/backend/node_modules/qs/index.d.ts' does not exist.
File 'F:/ertyu/hotel/food_order_system/backend/node_modules/@types/qs/package.json' exists according to earlier cached lookups.
File 'F:/ertyu/hotel/food_order_system/backend/node_modules/@types/qs.d.ts' does not exist.
'package.json' does not have a 'typings' field.
'package.json' has 'types' field 'index.d.ts' that references 'F:/ertyu/hotel/food_order_system/backend/node_modules/@types/qs/index.d.ts'.
File 'F:/ertyu/hotel/food_order_system/backend/node_modules/@types/qs/index.d.ts' exists - use it as a name resolution result.
Resolving real path for 'F:/ertyu/hotel/food_order_system/backend/node_modules/@types/qs/index.d.ts', result 'F:/ertyu/hotel/food_order_system/backend/node_modules/@types/qs/index.d.ts'.
======== Module name 'qs' was successfully resolved to 'F:/ertyu/hotel/food_order_system/backend/node_modules/@types/qs/index.d.ts' with Package ID '@types/qs/index.d.ts@6.15.1'. ========
======== Resolving module 'range-parser' from 'F:/ertyu/hotel/food_order_system/backend/node_modules/@types/express-serve-static-core/index.d.ts'. ========
Module resolution kind is not specified, using 'Node10'.
Loading module 'range-parser' from 'node_modules' folder, target file types: TypeScript, Declaration.
Searching all ancestor node_modules directories for preferred extensions: TypeScript, Declaration.
Directory 'F:/ertyu/hotel/food_order_system/backend/node_modules/@types/express-serve-static-core/node_modules' does not exist, skipping all lookups in it.
Directory 'F:/ertyu/hotel/food_order_system/backend/node_modules/@types/node_modules' does not exist, skipping all lookups in it.
Found 'package.json' at 'F:/ertyu/hotel/food_order_system/backend/node_modules/range-parser/package.json'.
File 'F:/ertyu/hotel/food_order_system/backend/node_modules/range-parser.ts' does not exist.
File 'F:/ertyu/hotel/food_order_system/backend/node_modules/range-parser.tsx' does not exist.
File 'F:/ertyu/hotel/food_order_system/backend/node_modules/range-parser.d.ts' does not exist.
'package.json' does not have a 'typesVersions' field.
'package.json' does not have a 'typings' field.
'package.json' does not have a 'types' field.
'package.json' does not have a 'main' field.
File 'F:/ertyu/hotel/food_order_system/backend/node_modules/range-parser/index.ts' does not exist.
File 'F:/ertyu/hotel/food_order_system/backend/node_modules/range-parser/index.tsx' does not exist.
File 'F:/ertyu/hotel/food_order_system/backend/node_modules/range-parser/index.d.ts' does not exist.
File 'F:/ertyu/hotel/food_order_system/backend/node_modules/@types/range-parser/package.json' exists according to earlier cached lookups.
File 'F:/ertyu/hotel/food_order_system/backend/node_modules/@types/range-parser.d.ts' does not exist.
'package.json' does not have a 'typings' field.
'package.json' has 'types' field 'index.d.ts' that references 'F:/ertyu/hotel/food_order_system/backend/node_modules/@types/range-parser/index.d.ts'.
File 'F:/ertyu/hotel/food_order_system/backend/node_modules/@types/range-parser/index.d.ts' exists - use it as a name resolution result.
Resolving real path for 'F:/ertyu/hotel/food_order_system/backend/node_modules/@types/range-parser/index.d.ts', result 'F:/ertyu/hotel/food_order_system/backend/node_modules/@types/range-parser/index.d.ts'.
======== Module name 'range-parser' was successfully resolved to 'F:/ertyu/hotel/food_order_system/backend/node_modules/@types/range-parser/index.d.ts' with Package ID '@types/range-parser/index.d.ts@1.2.7'. ========
File 'F:/ertyu/hotel/food_order_system/backend/node_modules/@types/send/package.json' exists according to earlier cached lookups.
======== Resolving type reference directive 'node', containing file 'F:/ertyu/hotel/food_order_system/backend/node_modules/@types/send/index.d.ts', root directory 'F:/ertyu/hotel/food_order_system/backend/node_modules/@types,F:/ertyu/hotel/food_order_system/node_modules/@types,F:/ertyu/hotel/node_modules/@types,F:/ertyu/node_modules/@types,F:/node_modules/@types'. ========
Resolving with primary search path 'F:/ertyu/hotel/food_order_system/backend/node_modules/@types, F:/ertyu/hotel/food_order_system/node_modules/@types, F:/ertyu/hotel/node_modules/@types, F:/ertyu/node_modules/@types, F:/node_modules/@types'.
File 'F:/ertyu/hotel/food_order_system/backend/node_modules/@types/node/package.json' exists according to earlier cached lookups.
'package.json' does not have a 'typings' field.
'package.json' has 'types' field 'index.d.ts' that references 'F:/ertyu/hotel/food_order_system/backend/node_modules/@types/node/index.d.ts'.
File 'F:/ertyu/hotel/food_order_system/backend/node_modules/@types/node/index.d.ts' exists - use it as a name resolution result.
Resolving real path for 'F:/ertyu/hotel/food_order_system/backend/node_modules/@types/node/index.d.ts', result 'F:/ertyu/hotel/food_order_system/backend/node_modules/@types/node/index.d.ts'.
======== Type reference directive 'node' was successfully resolved to 'F:/ertyu/hotel/food_order_system/backend/node_modules/@types/node/index.d.ts' with Package ID '@types/node/index.d.ts@20.19.41', primary: true. ========
======== Resolving module 'fs' from 'F:/ertyu/hotel/food_order_system/backend/node_modules/@types/send/index.d.ts'. ========
Module resolution kind is not specified, using 'Node10'.
Loading module 'fs' from 'node_modules' folder, target file types: TypeScript, Declaration.
Searching all ancestor node_modules directories for preferred extensions: TypeScript, Declaration.
Directory 'F:/ertyu/hotel/food_order_system/backend/node_modules/@types/send/node_modules' does not exist, skipping all lookups in it.
Resolution for module 'fs' was found in cache from location 'F:/ertyu/hotel/food_order_system/backend/node_modules/@types'.
======== Module name 'fs' was not resolved. ========
======== Resolving module 'stream' from 'F:/ertyu/hotel/food_order_system/backend/node_modules/@types/send/index.d.ts'. ========
Module resolution kind is not specified, using 'Node10'.
Loading module 'stream' from 'node_modules' folder, target file types: TypeScript, Declaration.
Searching all ancestor node_modules directories for preferred extensions: TypeScript, Declaration.
Directory 'F:/ertyu/hotel/food_order_system/backend/node_modules/@types/send/node_modules' does not exist, skipping all lookups in it.
Resolution for module 'stream' was found in cache from location 'F:/ertyu/hotel/food_order_system/backend/node_modules/@types'.
======== Module name 'stream' was not resolved. ========
File 'F:/ertyu/hotel/food_order_system/backend/node_modules/@types/qs/package.json' exists according to earlier cached lookups.
File 'F:/ertyu/hotel/food_order_system/backend/node_modules/@types/range-parser/package.json' exists according to earlier cached lookups.
File 'F:/ertyu/hotel/food_order_system/backend/node_modules/@types/serve-static/package.json' exists according to earlier cached lookups.
======== Resolving type reference directive 'node', containing file 'F:/ertyu/hotel/food_order_system/backend/node_modules/@types/serve-static/index.d.ts', root directory 'F:/ertyu/hotel/food_order_system/backend/node_modules/@types,F:/ertyu/hotel/food_order_system/node_modules/@types,F:/ertyu/hotel/node_modules/@types,F:/ertyu/node_modules/@types,F:/node_modules/@types'. ========
Resolving with primary search path 'F:/ertyu/hotel/food_order_system/backend/node_modules/@types, F:/ertyu/hotel/food_order_system/node_modules/@types, F:/ertyu/hotel/node_modules/@types, F:/ertyu/node_modules/@types, F:/node_modules/@types'.
File 'F:/ertyu/hotel/food_order_system/backend/node_modules/@types/node/package.json' exists according to earlier cached lookups.
'package.json' does not have a 'typings' field.
'package.json' has 'types' field 'index.d.ts' that references 'F:/ertyu/hotel/food_order_system/backend/node_modules/@types/node/index.d.ts'.
File 'F:/ertyu/hotel/food_order_system/backend/node_modules/@types/node/index.d.ts' exists - use it as a name resolution result.
Resolving real path for 'F:/ertyu/hotel/food_order_system/backend/node_modules/@types/node/index.d.ts', result 'F:/ertyu/hotel/food_order_system/backend/node_modules/@types/node/index.d.ts'.
======== Type reference directive 'node' was successfully resolved to 'F:/ertyu/hotel/food_order_system/backend/node_modules/@types/node/index.d.ts' with Package ID '@types/node/index.d.ts@20.19.41', primary: true. ========
======== Resolving module 'http' from 'F:/ertyu/hotel/food_order_system/backend/node_modules/@types/serve-static/index.d.ts'. ========
Module resolution kind is not specified, using 'Node10'.
Loading module 'http' from 'node_modules' folder, target file types: TypeScript, Declaration.
Searching all ancestor node_modules directories for preferred extensions: TypeScript, Declaration.
File 'F:/ertyu/hotel/food_order_system/backend/node_modules/@types/serve-static/node_modules/http.ts' does not exist.
File 'F:/ertyu/hotel/food_order_system/backend/node_modules/@types/serve-static/node_modules/http.tsx' does not exist.
File 'F:/ertyu/hotel/food_order_system/backend/node_modules/@types/serve-static/node_modules/http.d.ts' does not exist.
File 'F:/ertyu/hotel/food_order_system/backend/node_modules/@types/serve-static/node_modules/@types/http.d.ts' does not exist.
Resolution for module 'http' was found in cache from location 'F:/ertyu/hotel/food_order_system/backend/node_modules/@types'.
======== Module name 'http' was not resolved. ========
======== Resolving module 'http-errors' from 'F:/ertyu/hotel/food_order_system/backend/node_modules/@types/serve-static/index.d.ts'. ========
Module resolution kind is not specified, using 'Node10'.
Loading module 'http-errors' from 'node_modules' folder, target file types: TypeScript, Declaration.
Searching all ancestor node_modules directories for preferred extensions: TypeScript, Declaration.
File 'F:/ertyu/hotel/food_order_system/backend/node_modules/@types/serve-static/node_modules/http-errors.ts' does not exist.
File 'F:/ertyu/hotel/food_order_system/backend/node_modules/@types/serve-static/node_modules/http-errors.tsx' does not exist.
File 'F:/ertyu/hotel/food_order_system/backend/node_modules/@types/serve-static/node_modules/http-errors.d.ts' does not exist.
File 'F:/ertyu/hotel/food_order_system/backend/node_modules/@types/serve-static/node_modules/@types/http-errors.d.ts' does not exist.
Directory 'F:/ertyu/hotel/food_order_system/backend/node_modules/@types/node_modules' does not exist, skipping all lookups in it.
Found 'package.json' at 'F:/ertyu/hotel/food_order_system/backend/node_modules/http-errors/package.json'.
File 'F:/ertyu/hotel/food_order_system/backend/node_modules/http-errors.ts' does not exist.
File 'F:/ertyu/hotel/food_order_system/backend/node_modules/http-errors.tsx' does not exist.
File 'F:/ertyu/hotel/food_order_system/backend/node_modules/http-errors.d.ts' does not exist.
'package.json' does not have a 'typesVersions' field.
'package.json' does not have a 'typings' field.
'package.json' does not have a 'types' field.
'package.json' does not have a 'main' field.
File 'F:/ertyu/hotel/food_order_system/backend/node_modules/http-errors/index.ts' does not exist.
File 'F:/ertyu/hotel/food_order_system/backend/node_modules/http-errors/index.tsx' does not exist.
File 'F:/ertyu/hotel/food_order_system/backend/node_modules/http-errors/index.d.ts' does not exist.
File 'F:/ertyu/hotel/food_order_system/backend/node_modules/@types/http-errors/package.json' exists according to earlier cached lookups.
File 'F:/ertyu/hotel/food_order_system/backend/node_modules/@types/http-errors.d.ts' does not exist.
'package.json' does not have a 'typings' field.
'package.json' has 'types' field 'index.d.ts' that references 'F:/ertyu/hotel/food_order_system/backend/node_modules/@types/http-errors/index.d.ts'.
File 'F:/ertyu/hotel/food_order_system/backend/node_modules/@types/http-errors/index.d.ts' exists - use it as a name resolution result.
Resolving real path for 'F:/ertyu/hotel/food_order_system/backend/node_modules/@types/http-errors/index.d.ts', result 'F:/ertyu/hotel/food_order_system/backend/node_modules/@types/http-errors/index.d.ts'.
======== Module name 'http-errors' was successfully resolved to 'F:/ertyu/hotel/food_order_system/backend/node_modules/@types/http-errors/index.d.ts' with Package ID '@types/http-errors/index.d.ts@2.0.5'. ========
======== Resolving module 'send' from 'F:/ertyu/hotel/food_order_system/backend/node_modules/@types/serve-static/index.d.ts'. ========
Module resolution kind is not specified, using 'Node10'.
Loading module 'send' from 'node_modules' folder, target file types: TypeScript, Declaration.
Searching all ancestor node_modules directories for preferred extensions: TypeScript, Declaration.
File 'F:/ertyu/hotel/food_order_system/backend/node_modules/@types/serve-static/node_modules/send.ts' does not exist.
File 'F:/ertyu/hotel/food_order_system/backend/node_modules/@types/serve-static/node_modules/send.tsx' does not exist.
File 'F:/ertyu/hotel/food_order_system/backend/node_modules/@types/serve-static/node_modules/send.d.ts' does not exist.
Found 'package.json' at 'F:/ertyu/hotel/food_order_system/backend/node_modules/@types/serve-static/node_modules/@types/send/package.json'.
File 'F:/ertyu/hotel/food_order_system/backend/node_modules/@types/serve-static/node_modules/@types/send.d.ts' does not exist.
'package.json' does not have a 'typesVersions' field.
'package.json' does not have a 'typings' field.
'package.json' has 'types' field 'index.d.ts' that references 'F:/ertyu/hotel/food_order_system/backend/node_modules/@types/serve-static/node_modules/@types/send/index.d.ts'.
File 'F:/ertyu/hotel/food_order_system/backend/node_modules/@types/serve-static/node_modules/@types/send/index.d.ts' exists - use it as a name resolution result.
'package.json' has a 'peerDependencies' field.
Resolving real path for 'F:/ertyu/hotel/food_order_system/backend/node_modules/@types/serve-static/node_modules/@types/send', result 'F:/ertyu/hotel/food_order_system/backend/node_modules/@types/serve-static/node_modules/@types/send'.
Resolving real path for 'F:/ertyu/hotel/food_order_system/backend/node_modules/@types/serve-static/node_modules/@types/send/index.d.ts', result 'F:/ertyu/hotel/food_order_system/backend/node_modules/@types/serve-static/node_modules/@types/send/index.d.ts'.
======== Module name 'send' was successfully resolved to 'F:/ertyu/hotel/food_order_system/backend/node_modules/@types/serve-static/node_modules/@types/send/index.d.ts' with Package ID '@types/send/index.d.ts@0.17.6'. ========
File 'F:/ertyu/hotel/food_order_system/backend/node_modules/@types/http-errors/package.json' exists according to earlier cached lookups.
File 'F:/ertyu/hotel/food_order_system/backend/node_modules/@types/serve-static/node_modules/@types/send/package.json' exists according to earlier cached lookups.
======== Resolving type reference directive 'node', containing file 'F:/ertyu/hotel/food_order_system/backend/node_modules/@types/serve-static/node_modules/@types/send/index.d.ts', root directory 'F:/ertyu/hotel/food_order_system/backend/node_modules/@types,F:/ertyu/hotel/food_order_system/node_modules/@types,F:/ertyu/hotel/node_modules/@types,F:/ertyu/node_modules/@types,F:/node_modules/@types'. ========
Resolving with primary search path 'F:/ertyu/hotel/food_order_system/backend/node_modules/@types, F:/ertyu/hotel/food_order_system/node_modules/@types, F:/ertyu/hotel/node_modules/@types, F:/ertyu/node_modules/@types, F:/node_modules/@types'.
File 'F:/ertyu/hotel/food_order_system/backend/node_modules/@types/node/package.json' exists according to earlier cached lookups.
'package.json' does not have a 'typings' field.
'package.json' has 'types' field 'index.d.ts' that references 'F:/ertyu/hotel/food_order_system/backend/node_modules/@types/node/index.d.ts'.
File 'F:/ertyu/hotel/food_order_system/backend/node_modules/@types/node/index.d.ts' exists - use it as a name resolution result.
Resolving real path for 'F:/ertyu/hotel/food_order_system/backend/node_modules/@types/node/index.d.ts', result 'F:/ertyu/hotel/food_order_system/backend/node_modules/@types/node/index.d.ts'.
======== Type reference directive 'node' was successfully resolved to 'F:/ertyu/hotel/food_order_system/backend/node_modules/@types/node/index.d.ts' with Package ID '@types/node/index.d.ts@20.19.41', primary: true. ========
======== Resolving module 'fs' from 'F:/ertyu/hotel/food_order_system/backend/node_modules/@types/serve-static/node_modules/@types/send/index.d.ts'. ========
Module resolution kind is not specified, using 'Node10'.
Loading module 'fs' from 'node_modules' folder, target file types: TypeScript, Declaration.
Searching all ancestor node_modules directories for preferred extensions: TypeScript, Declaration.
Directory 'F:/ertyu/hotel/food_order_system/backend/node_modules/@types/serve-static/node_modules/@types/send/node_modules' does not exist, skipping all lookups in it.
Directory 'F:/ertyu/hotel/food_order_system/backend/node_modules/@types/serve-static/node_modules/@types/node_modules' does not exist, skipping all lookups in it.
File 'F:/ertyu/hotel/food_order_system/backend/node_modules/@types/serve-static/node_modules/fs.ts' does not exist.
File 'F:/ertyu/hotel/food_order_system/backend/node_modules/@types/serve-static/node_modules/fs.tsx' does not exist.
File 'F:/ertyu/hotel/food_order_system/backend/node_modules/@types/serve-static/node_modules/fs.d.ts' does not exist.
File 'F:/ertyu/hotel/food_order_system/backend/node_modules/@types/serve-static/node_modules/@types/fs.d.ts' does not exist.
Resolution for module 'fs' was found in cache from location 'F:/ertyu/hotel/food_order_system/backend/node_modules/@types'.
======== Module name 'fs' was not resolved. ========
======== Resolving module 'mime' from 'F:/ertyu/hotel/food_order_system/backend/node_modules/@types/serve-static/node_modules/@types/send/index.d.ts'. ========
Module resolution kind is not specified, using 'Node10'.
Loading module 'mime' from 'node_modules' folder, target file types: TypeScript, Declaration.
Searching all ancestor node_modules directories for preferred extensions: TypeScript, Declaration.
Directory 'F:/ertyu/hotel/food_order_system/backend/node_modules/@types/serve-static/node_modules/@types/send/node_modules' does not exist, skipping all lookups in it.
Directory 'F:/ertyu/hotel/food_order_system/backend/node_modules/@types/serve-static/node_modules/@types/node_modules' does not exist, skipping all lookups in it.
File 'F:/ertyu/hotel/food_order_system/backend/node_modules/@types/serve-static/node_modules/mime.ts' does not exist.
File 'F:/ertyu/hotel/food_order_system/backend/node_modules/@types/serve-static/node_modules/mime.tsx' does not exist.
File 'F:/ertyu/hotel/food_order_system/backend/node_modules/@types/serve-static/node_modules/mime.d.ts' does not exist.
File 'F:/ertyu/hotel/food_order_system/backend/node_modules/@types/serve-static/node_modules/@types/mime.d.ts' does not exist.
Directory 'F:/ertyu/hotel/food_order_system/backend/node_modules/@types/node_modules' does not exist, skipping all lookups in it.
Found 'package.json' at 'F:/ertyu/hotel/food_order_system/backend/node_modules/mime/package.json'.
File 'F:/ertyu/hotel/food_order_system/backend/node_modules/mime.ts' does not exist.
File 'F:/ertyu/hotel/food_order_system/backend/node_modules/mime.tsx' does not exist.
File 'F:/ertyu/hotel/food_order_system/backend/node_modules/mime.d.ts' does not exist.
'package.json' does not have a 'typesVersions' field.
'package.json' does not have a 'typings' field.
'package.json' does not have a 'types' field.
'package.json' has 'main' field 'mime.js' that references 'F:/ertyu/hotel/food_order_system/backend/node_modules/mime/mime.js'.
File name 'F:/ertyu/hotel/food_order_system/backend/node_modules/mime/mime.js' has a '.js' extension - stripping it.
File 'F:/ertyu/hotel/food_order_system/backend/node_modules/mime/mime.ts' does not exist.
File 'F:/ertyu/hotel/food_order_system/backend/node_modules/mime/mime.tsx' does not exist.
File 'F:/ertyu/hotel/food_order_system/backend/node_modules/mime/mime.d.ts' does not exist.
Loading module as file / folder, candidate module location 'F:/ertyu/hotel/food_order_system/backend/node_modules/mime/mime.js', target file types: TypeScript, Declaration.
File name 'F:/ertyu/hotel/food_order_system/backend/node_modules/mime/mime.js' has a '.js' extension - stripping it.
File 'F:/ertyu/hotel/food_order_system/backend/node_modules/mime/mime.ts' does not exist.
File 'F:/ertyu/hotel/food_order_system/backend/node_modules/mime/mime.tsx' does not exist.
File 'F:/ertyu/hotel/food_order_system/backend/node_modules/mime/mime.d.ts' does not exist.
File 'F:/ertyu/hotel/food_order_system/backend/node_modules/mime/mime.js.ts' does not exist.
File 'F:/ertyu/hotel/food_order_system/backend/node_modules/mime/mime.js.tsx' does not exist.
File 'F:/ertyu/hotel/food_order_system/backend/node_modules/mime/mime.js.d.ts' does not exist.
Directory 'F:/ertyu/hotel/food_order_system/backend/node_modules/mime/mime.js' does not exist, skipping all lookups in it.
File 'F:/ertyu/hotel/food_order_system/backend/node_modules/mime/index.ts' does not exist.
File 'F:/ertyu/hotel/food_order_system/backend/node_modules/mime/index.tsx' does not exist.
File 'F:/ertyu/hotel/food_order_system/backend/node_modules/mime/index.d.ts' does not exist.
File 'F:/ertyu/hotel/food_order_system/backend/node_modules/@types/mime/package.json' exists according to earlier cached lookups.
File 'F:/ertyu/hotel/food_order_system/backend/node_modules/@types/mime.d.ts' does not exist.
'package.json' does not have a 'typings' field.
'package.json' has 'types' field 'index.d.ts' that references 'F:/ertyu/hotel/food_order_system/backend/node_modules/@types/mime/index.d.ts'.
File 'F:/ertyu/hotel/food_order_system/backend/node_modules/@types/mime/index.d.ts' exists - use it as a name resolution result.
Resolving real path for 'F:/ertyu/hotel/food_order_system/backend/node_modules/@types/mime/index.d.ts', result 'F:/ertyu/hotel/food_order_system/backend/node_modules/@types/mime/index.d.ts'.
======== Module name 'mime' was successfully resolved to 'F:/ertyu/hotel/food_order_system/backend/node_modules/@types/mime/index.d.ts' with Package ID '@types/mime/index.d.ts@1.3.5'. ========
======== Resolving module 'stream' from 'F:/ertyu/hotel/food_order_system/backend/node_modules/@types/serve-static/node_modules/@types/send/index.d.ts'. ========
Module resolution kind is not specified, using 'Node10'.
Loading module 'stream' from 'node_modules' folder, target file types: TypeScript, Declaration.
Searching all ancestor node_modules directories for preferred extensions: TypeScript, Declaration.
Directory 'F:/ertyu/hotel/food_order_system/backend/node_modules/@types/serve-static/node_modules/@types/send/node_modules' does not exist, skipping all lookups in it.
Directory 'F:/ertyu/hotel/food_order_system/backend/node_modules/@types/serve-static/node_modules/@types/node_modules' does not exist, skipping all lookups in it.
File 'F:/ertyu/hotel/food_order_system/backend/node_modules/@types/serve-static/node_modules/stream.ts' does not exist.
File 'F:/ertyu/hotel/food_order_system/backend/node_modules/@types/serve-static/node_modules/stream.tsx' does not exist.
File 'F:/ertyu/hotel/food_order_system/backend/node_modules/@types/serve-static/node_modules/stream.d.ts' does not exist.
File 'F:/ertyu/hotel/food_order_system/backend/node_modules/@types/serve-static/node_modules/@types/stream.d.ts' does not exist.
Resolution for module 'stream' was found in cache from location 'F:/ertyu/hotel/food_order_system/backend/node_modules/@types'.
======== Module name 'stream' was not resolved. ========
File 'F:/ertyu/hotel/food_order_system/backend/node_modules/@types/mime/package.json' exists according to earlier cached lookups.
======== Resolving module 'body-parser' from 'F:/ertyu/hotel/food_order_system/backend/node_modules/@types/express/index.d.ts'. ========
Module resolution kind is not specified, using 'Node10'.
Loading module 'body-parser' from 'node_modules' folder, target file types: TypeScript, Declaration.
Searching all ancestor node_modules directories for preferred extensions: TypeScript, Declaration.
Directory 'F:/ertyu/hotel/food_order_system/backend/node_modules/@types/express/node_modules' does not exist, skipping all lookups in it.
Directory 'F:/ertyu/hotel/food_order_system/backend/node_modules/@types/node_modules' does not exist, skipping all lookups in it.
Found 'package.json' at 'F:/ertyu/hotel/food_order_system/backend/node_modules/body-parser/package.json'.
File 'F:/ertyu/hotel/food_order_system/backend/node_modules/body-parser.ts' does not exist.
File 'F:/ertyu/hotel/food_order_system/backend/node_modules/body-parser.tsx' does not exist.
File 'F:/ertyu/hotel/food_order_system/backend/node_modules/body-parser.d.ts' does not exist.
'package.json' does not have a 'typesVersions' field.
'package.json' does not have a 'typings' field.
'package.json' does not have a 'types' field.
'package.json' does not have a 'main' field.
File 'F:/ertyu/hotel/food_order_system/backend/node_modules/body-parser/index.ts' does not exist.
File 'F:/ertyu/hotel/food_order_system/backend/node_modules/body-parser/index.tsx' does not exist.
File 'F:/ertyu/hotel/food_order_system/backend/node_modules/body-parser/index.d.ts' does not exist.
File 'F:/ertyu/hotel/food_order_system/backend/node_modules/@types/body-parser/package.json' exists according to earlier cached lookups.
File 'F:/ertyu/hotel/food_order_system/backend/node_modules/@types/body-parser.d.ts' does not exist.
'package.json' does not have a 'typings' field.
'package.json' has 'types' field 'index.d.ts' that references 'F:/ertyu/hotel/food_order_system/backend/node_modules/@types/body-parser/index.d.ts'.
File 'F:/ertyu/hotel/food_order_system/backend/node_modules/@types/body-parser/index.d.ts' exists - use it as a name resolution result.
Resolving real path for 'F:/ertyu/hotel/food_order_system/backend/node_modules/@types/body-parser/index.d.ts', result 'F:/ertyu/hotel/food_order_system/backend/node_modules/@types/body-parser/index.d.ts'.
======== Module name 'body-parser' was successfully resolved to 'F:/ertyu/hotel/food_order_system/backend/node_modules/@types/body-parser/index.d.ts' with Package ID '@types/body-parser/index.d.ts@1.19.6'. ========
======== Resolving module 'express-serve-static-core' from 'F:/ertyu/hotel/food_order_system/backend/node_modules/@types/express/index.d.ts'. ========
Module resolution kind is not specified, using 'Node10'.
Loading module 'express-serve-static-core' from 'node_modules' folder, target file types: TypeScript, Declaration.
Searching all ancestor node_modules directories for preferred extensions: TypeScript, Declaration.
Directory 'F:/ertyu/hotel/food_order_system/backend/node_modules/@types/express/node_modules' does not exist, skipping all lookups in it.
Directory 'F:/ertyu/hotel/food_order_system/backend/node_modules/@types/node_modules' does not exist, skipping all lookups in it.
File 'F:/ertyu/hotel/food_order_system/backend/node_modules/express-serve-static-core.ts' does not exist.
File 'F:/ertyu/hotel/food_order_system/backend/node_modules/express-serve-static-core.tsx' does not exist.
File 'F:/ertyu/hotel/food_order_system/backend/node_modules/express-serve-static-core.d.ts' does not exist.
File 'F:/ertyu/hotel/food_order_system/backend/node_modules/@types/express-serve-static-core/package.json' exists according to earlier cached lookups.
File 'F:/ertyu/hotel/food_order_system/backend/node_modules/@types/express-serve-static-core.d.ts' does not exist.
'package.json' does not have a 'typings' field.
'package.json' has 'types' field 'index.d.ts' that references 'F:/ertyu/hotel/food_order_system/backend/node_modules/@types/express-serve-static-core/index.d.ts'.
File 'F:/ertyu/hotel/food_order_system/backend/node_modules/@types/express-serve-static-core/index.d.ts' exists - use it as a name resolution result.
Resolving real path for 'F:/ertyu/hotel/food_order_system/backend/node_modules/@types/express-serve-static-core/index.d.ts', result 'F:/ertyu/hotel/food_order_system/backend/node_modules/@types/express-serve-static-core/index.d.ts'.
======== Module name 'express-serve-static-core' was successfully resolved to 'F:/ertyu/hotel/food_order_system/backend/node_modules/@types/express-serve-static-core/index.d.ts' with Package ID '@types/express-serve-static-core/index.d.ts@4.19.8'. ========
======== Resolving module 'qs' from 'F:/ertyu/hotel/food_order_system/backend/node_modules/@types/express/index.d.ts'. ========
Module resolution kind is not specified, using 'Node10'.
Loading module 'qs' from 'node_modules' folder, target file types: TypeScript, Declaration.
Searching all ancestor node_modules directories for preferred extensions: TypeScript, Declaration.
Directory 'F:/ertyu/hotel/food_order_system/backend/node_modules/@types/express/node_modules' does not exist, skipping all lookups in it.
Resolution for module 'qs' was found in cache from location 'F:/ertyu/hotel/food_order_system/backend/node_modules/@types'.
======== Module name 'qs' was successfully resolved to 'F:/ertyu/hotel/food_order_system/backend/node_modules/@types/qs/index.d.ts' with Package ID '@types/qs/index.d.ts@6.15.1'. ========
======== Resolving module 'serve-static' from 'F:/ertyu/hotel/food_order_system/backend/node_modules/@types/express/index.d.ts'. ========
Module resolution kind is not specified, using 'Node10'.
Loading module 'serve-static' from 'node_modules' folder, target file types: TypeScript, Declaration.
Searching all ancestor node_modules directories for preferred extensions: TypeScript, Declaration.
Directory 'F:/ertyu/hotel/food_order_system/backend/node_modules/@types/express/node_modules' does not exist, skipping all lookups in it.
Directory 'F:/ertyu/hotel/food_order_system/backend/node_modules/@types/node_modules' does not exist, skipping all lookups in it.
Found 'package.json' at 'F:/ertyu/hotel/food_order_system/backend/node_modules/serve-static/package.json'.
File 'F:/ertyu/hotel/food_order_system/backend/node_modules/serve-static.ts' does not exist.
File 'F:/ertyu/hotel/food_order_system/backend/node_modules/serve-static.tsx' does not exist.
File 'F:/ertyu/hotel/food_order_system/backend/node_modules/serve-static.d.ts' does not exist.
'package.json' does not have a 'typesVersions' field.
'package.json' does not have a 'typings' field.
'package.json' does not have a 'types' field.
'package.json' does not have a 'main' field.
File 'F:/ertyu/hotel/food_order_system/backend/node_modules/serve-static/index.ts' does not exist.
File 'F:/ertyu/hotel/food_order_system/backend/node_modules/serve-static/index.tsx' does not exist.
File 'F:/ertyu/hotel/food_order_system/backend/node_modules/serve-static/index.d.ts' does not exist.
File 'F:/ertyu/hotel/food_order_system/backend/node_modules/@types/serve-static/package.json' exists according to earlier cached lookups.
File 'F:/ertyu/hotel/food_order_system/backend/node_modules/@types/serve-static.d.ts' does not exist.
'package.json' does not have a 'typings' field.
'package.json' has 'types' field 'index.d.ts' that references 'F:/ertyu/hotel/food_order_system/backend/node_modules/@types/serve-static/index.d.ts'.
File 'F:/ertyu/hotel/food_order_system/backend/node_modules/@types/serve-static/index.d.ts' exists - use it as a name resolution result.
Resolving real path for 'F:/ertyu/hotel/food_order_system/backend/node_modules/@types/serve-static/index.d.ts', result 'F:/ertyu/hotel/food_order_system/backend/node_modules/@types/serve-static/index.d.ts'.
======== Module name 'serve-static' was successfully resolved to 'F:/ertyu/hotel/food_order_system/backend/node_modules/@types/serve-static/index.d.ts' with Package ID '@types/serve-static/index.d.ts@1.15.10'. ========
File 'F:/ertyu/hotel/food_order_system/backend/node_modules/@types/cors/package.json' exists according to earlier cached lookups.
======== Resolving type reference directive 'node', containing file 'F:/ertyu/hotel/food_order_system/backend/node_modules/@types/cors/index.d.ts', root directory 'F:/ertyu/hotel/food_order_system/backend/node_modules/@types,F:/ertyu/hotel/food_order_system/node_modules/@types,F:/ertyu/hotel/node_modules/@types,F:/ertyu/node_modules/@types,F:/node_modules/@types'. ========
Resolving with primary search path 'F:/ertyu/hotel/food_order_system/backend/node_modules/@types, F:/ertyu/hotel/food_order_system/node_modules/@types, F:/ertyu/hotel/node_modules/@types, F:/ertyu/node_modules/@types, F:/node_modules/@types'.
File 'F:/ertyu/hotel/food_order_system/backend/node_modules/@types/node/package.json' exists according to earlier cached lookups.
'package.json' does not have a 'typings' field.
'package.json' has 'types' field 'index.d.ts' that references 'F:/ertyu/hotel/food_order_system/backend/node_modules/@types/node/index.d.ts'.
File 'F:/ertyu/hotel/food_order_system/backend/node_modules/@types/node/index.d.ts' exists - use it as a name resolution result.
Resolving real path for 'F:/ertyu/hotel/food_order_system/backend/node_modules/@types/node/index.d.ts', result 'F:/ertyu/hotel/food_order_system/backend/node_modules/@types/node/index.d.ts'.
======== Type reference directive 'node' was successfully resolved to 'F:/ertyu/hotel/food_order_system/backend/node_modules/@types/node/index.d.ts' with Package ID '@types/node/index.d.ts@20.19.41', primary: true. ========
======== Resolving module 'http' from 'F:/ertyu/hotel/food_order_system/backend/node_modules/@types/cors/index.d.ts'. ========
Module resolution kind is not specified, using 'Node10'.
Loading module 'http' from 'node_modules' folder, target file types: TypeScript, Declaration.
Searching all ancestor node_modules directories for preferred extensions: TypeScript, Declaration.
Directory 'F:/ertyu/hotel/food_order_system/backend/node_modules/@types/cors/node_modules' does not exist, skipping all lookups in it.
Resolution for module 'http' was found in cache from location 'F:/ertyu/hotel/food_order_system/backend/node_modules/@types'.
======== Module name 'http' was not resolved. ========
File 'F:/ertyu/hotel/food_order_system/backend/node_modules/@types/pg/package.json' exists according to earlier cached lookups.
======== Resolving type reference directive 'node', containing file 'F:/ertyu/hotel/food_order_system/backend/node_modules/@types/pg/index.d.ts', root directory 'F:/ertyu/hotel/food_order_system/backend/node_modules/@types,F:/ertyu/hotel/food_order_system/node_modules/@types,F:/ertyu/hotel/node_modules/@types,F:/ertyu/node_modules/@types,F:/node_modules/@types'. ========
Resolving with primary search path 'F:/ertyu/hotel/food_order_system/backend/node_modules/@types, F:/ertyu/hotel/food_order_system/node_modules/@types, F:/ertyu/hotel/node_modules/@types, F:/ertyu/node_modules/@types, F:/node_modules/@types'.
File 'F:/ertyu/hotel/food_order_system/backend/node_modules/@types/node/package.json' exists according to earlier cached lookups.
'package.json' does not have a 'typings' field.
'package.json' has 'types' field 'index.d.ts' that references 'F:/ertyu/hotel/food_order_system/backend/node_modules/@types/node/index.d.ts'.
File 'F:/ertyu/hotel/food_order_system/backend/node_modules/@types/node/index.d.ts' exists - use it as a name resolution result.
Resolving real path for 'F:/ertyu/hotel/food_order_system/backend/node_modules/@types/node/index.d.ts', result 'F:/ertyu/hotel/food_order_system/backend/node_modules/@types/node/index.d.ts'.
======== Type reference directive 'node' was successfully resolved to 'F:/ertyu/hotel/food_order_system/backend/node_modules/@types/node/index.d.ts' with Package ID '@types/node/index.d.ts@20.19.41', primary: true. ========
======== Resolving module 'events' from 'F:/ertyu/hotel/food_order_system/backend/node_modules/@types/pg/index.d.ts'. ========
Module resolution kind is not specified, using 'Node10'.
Loading module 'events' from 'node_modules' folder, target file types: TypeScript, Declaration.
Searching all ancestor node_modules directories for preferred extensions: TypeScript, Declaration.
Directory 'F:/ertyu/hotel/food_order_system/backend/node_modules/@types/pg/node_modules' does not exist, skipping all lookups in it.
Resolution for module 'events' was found in cache from location 'F:/ertyu/hotel/food_order_system/backend/node_modules/@types'.
======== Module name 'events' was not resolved. ========
======== Resolving module 'stream' from 'F:/ertyu/hotel/food_order_system/backend/node_modules/@types/pg/index.d.ts'. ========
Module resolution kind is not specified, using 'Node10'.
Loading module 'stream' from 'node_modules' folder, target file types: TypeScript, Declaration.
Searching all ancestor node_modules directories for preferred extensions: TypeScript, Declaration.
Directory 'F:/ertyu/hotel/food_order_system/backend/node_modules/@types/pg/node_modules' does not exist, skipping all lookups in it.
Resolution for module 'stream' was found in cache from location 'F:/ertyu/hotel/food_order_system/backend/node_modules/@types'.
======== Module name 'stream' was not resolved. ========
======== Resolving module 'pg-types' from 'F:/ertyu/hotel/food_order_system/backend/node_modules/@types/pg/index.d.ts'. ========
Module resolution kind is not specified, using 'Node10'.
Loading module 'pg-types' from 'node_modules' folder, target file types: TypeScript, Declaration.
Searching all ancestor node_modules directories for preferred extensions: TypeScript, Declaration.
Directory 'F:/ertyu/hotel/food_order_system/backend/node_modules/@types/pg/node_modules' does not exist, skipping all lookups in it.
Directory 'F:/ertyu/hotel/food_order_system/backend/node_modules/@types/node_modules' does not exist, skipping all lookups in it.
Found 'package.json' at 'F:/ertyu/hotel/food_order_system/backend/node_modules/pg-types/package.json'.
File 'F:/ertyu/hotel/food_order_system/backend/node_modules/pg-types.ts' does not exist.
File 'F:/ertyu/hotel/food_order_system/backend/node_modules/pg-types.tsx' does not exist.
File 'F:/ertyu/hotel/food_order_system/backend/node_modules/pg-types.d.ts' does not exist.
'package.json' does not have a 'typesVersions' field.
'package.json' does not have a 'typings' field.
'package.json' does not have a 'types' field.
'package.json' has 'main' field 'index.js' that references 'F:/ertyu/hotel/food_order_system/backend/node_modules/pg-types/index.js'.
File name 'F:/ertyu/hotel/food_order_system/backend/node_modules/pg-types/index.js' has a '.js' extension - stripping it.
File 'F:/ertyu/hotel/food_order_system/backend/node_modules/pg-types/index.ts' does not exist.
File 'F:/ertyu/hotel/food_order_system/backend/node_modules/pg-types/index.tsx' does not exist.
File 'F:/ertyu/hotel/food_order_system/backend/node_modules/pg-types/index.d.ts' exists - use it as a name resolution result.
'package.json' does not have a 'peerDependencies' field.
Resolving real path for 'F:/ertyu/hotel/food_order_system/backend/node_modules/pg-types/index.d.ts', result 'F:/ertyu/hotel/food_order_system/backend/node_modules/pg-types/index.d.ts'.
======== Module name 'pg-types' was successfully resolved to 'F:/ertyu/hotel/food_order_system/backend/node_modules/pg-types/index.d.ts' with Package ID 'pg-types/index.d.ts@2.2.0'. ========
======== Resolving module 'pg-protocol/dist/messages.js' from 'F:/ertyu/hotel/food_order_system/backend/node_modules/@types/pg/index.d.ts'. ========
Module resolution kind is not specified, using 'Node10'.
Loading module 'pg-protocol/dist/messages.js' from 'node_modules' folder, target file types: TypeScript, Declaration.
Searching all ancestor node_modules directories for preferred extensions: TypeScript, Declaration.
Directory 'F:/ertyu/hotel/food_order_system/backend/node_modules/@types/pg/node_modules' does not exist, skipping all lookups in it.
File name 'F:/ertyu/hotel/food_order_system/backend/node_modules/@types/pg/node_modules/pg-protocol/dist/messages.js' has a '.js' extension - stripping it.
File name 'F:/ertyu/hotel/food_order_system/backend/node_modules/@types/pg/node_modules/@types/pg-protocol/dist/messages.js' has a '.js' extension - stripping it.
Directory 'F:/ertyu/hotel/food_order_system/backend/node_modules/@types/node_modules' does not exist, skipping all lookups in it.
File name 'F:/ertyu/hotel/food_order_system/backend/node_modules/@types/node_modules/pg-protocol/dist/messages.js' has a '.js' extension - stripping it.
File name 'F:/ertyu/hotel/food_order_system/backend/node_modules/@types/node_modules/@types/pg-protocol/dist/messages.js' has a '.js' extension - stripping it.
Found 'package.json' at 'F:/ertyu/hotel/food_order_system/backend/node_modules/pg-protocol/package.json'.
'package.json' does not have a 'typesVersions' field.
File name 'F:/ertyu/hotel/food_order_system/backend/node_modules/pg-protocol/dist/messages.js' has a '.js' extension - stripping it.
File 'F:/ertyu/hotel/food_order_system/backend/node_modules/pg-protocol/dist/messages.ts' does not exist.
File 'F:/ertyu/hotel/food_order_system/backend/node_modules/pg-protocol/dist/messages.tsx' does not exist.
File 'F:/ertyu/hotel/food_order_system/backend/node_modules/pg-protocol/dist/messages.d.ts' exists - use it as a name resolution result.
'package.json' does not have a 'peerDependencies' field.
Resolving real path for 'F:/ertyu/hotel/food_order_system/backend/node_modules/pg-protocol/dist/messages.d.ts', result 'F:/ertyu/hotel/food_order_system/backend/node_modules/pg-protocol/dist/messages.d.ts'.
======== Module name 'pg-protocol/dist/messages.js' was successfully resolved to 'F:/ertyu/hotel/food_order_system/backend/node_modules/pg-protocol/dist/messages.d.ts' with Package ID 'pg-protocol/dist/messages.d.ts@1.14.0'. ========
======== Resolving module 'tls' from 'F:/ertyu/hotel/food_order_system/backend/node_modules/@types/pg/index.d.ts'. ========
Module resolution kind is not specified, using 'Node10'.
Loading module 'tls' from 'node_modules' folder, target file types: TypeScript, Declaration.
Searching all ancestor node_modules directories for preferred extensions: TypeScript, Declaration.
Directory 'F:/ertyu/hotel/food_order_system/backend/node_modules/@types/pg/node_modules' does not exist, skipping all lookups in it.
Resolution for module 'tls' was found in cache from location 'F:/ertyu/hotel/food_order_system/backend/node_modules/@types'.
======== Module name 'tls' was not resolved. ========
======== Resolving module '.' from 'F:/ertyu/hotel/food_order_system/backend/node_modules/@types/pg/index.d.ts'. ========
Module resolution kind is not specified, using 'Node10'.
Loading module as file / folder, candidate module location 'F:/ertyu/hotel/food_order_system/backend/node_modules/@types/pg/', target file types: TypeScript, Declaration.
File 'F:/ertyu/hotel/food_order_system/backend/node_modules/@types/pg/package.json' exists according to earlier cached lookups.
'package.json' does not have a 'typings' field.
'package.json' has 'types' field 'index.d.ts' that references 'F:/ertyu/hotel/food_order_system/backend/node_modules/@types/pg/index.d.ts'.
File 'F:/ertyu/hotel/food_order_system/backend/node_modules/@types/pg/index.d.ts' exists - use it as a name resolution result.
======== Module name '.' was successfully resolved to 'F:/ertyu/hotel/food_order_system/backend/node_modules/@types/pg/index.d.ts' with Package ID '@types/pg/ndex.d.ts@8.20.0'. ========
======== Resolving module 'pg-protocol' from 'F:/ertyu/hotel/food_order_system/backend/node_modules/@types/pg/index.d.ts'. ========
Module resolution kind is not specified, using 'Node10'.
Loading module 'pg-protocol' from 'node_modules' folder, target file types: TypeScript, Declaration.
Searching all ancestor node_modules directories for preferred extensions: TypeScript, Declaration.
Directory 'F:/ertyu/hotel/food_order_system/backend/node_modules/@types/pg/node_modules' does not exist, skipping all lookups in it.
Directory 'F:/ertyu/hotel/food_order_system/backend/node_modules/@types/node_modules' does not exist, skipping all lookups in it.
File 'F:/ertyu/hotel/food_order_system/backend/node_modules/pg-protocol/package.json' exists according to earlier cached lookups.
File 'F:/ertyu/hotel/food_order_system/backend/node_modules/pg-protocol.ts' does not exist.
File 'F:/ertyu/hotel/food_order_system/backend/node_modules/pg-protocol.tsx' does not exist.
File 'F:/ertyu/hotel/food_order_system/backend/node_modules/pg-protocol.d.ts' does not exist.
'package.json' does not have a 'typings' field.
'package.json' has 'types' field 'dist/index.d.ts' that references 'F:/ertyu/hotel/food_order_system/backend/node_modules/pg-protocol/dist/index.d.ts'.
File 'F:/ertyu/hotel/food_order_system/backend/node_modules/pg-protocol/dist/index.d.ts' exists - use it as a name resolution result.
Resolving real path for 'F:/ertyu/hotel/food_order_system/backend/node_modules/pg-protocol/dist/index.d.ts', result 'F:/ertyu/hotel/food_order_system/backend/node_modules/pg-protocol/dist/index.d.ts'.
======== Module name 'pg-protocol' was successfully resolved to 'F:/ertyu/hotel/food_order_system/backend/node_modules/pg-protocol/dist/index.d.ts' with Package ID 'pg-protocol/dist/index.d.ts@1.14.0'. ========
======== Resolving module './lib/type-overrides' from 'F:/ertyu/hotel/food_order_system/backend/node_modules/@types/pg/index.d.ts'. ========
Module resolution kind is not specified, using 'Node10'.
Loading module as file / folder, candidate module location 'F:/ertyu/hotel/food_order_system/backend/node_modules/@types/pg/lib/type-overrides', target file types: TypeScript, Declaration.
File 'F:/ertyu/hotel/food_order_system/backend/node_modules/@types/pg/lib/type-overrides.ts' does not exist.
File 'F:/ertyu/hotel/food_order_system/backend/node_modules/@types/pg/lib/type-overrides.tsx' does not exist.
File 'F:/ertyu/hotel/food_order_system/backend/node_modules/@types/pg/lib/type-overrides.d.ts' exists - use it as a name resolution result.
File 'F:/ertyu/hotel/food_order_system/backend/node_modules/@types/pg/package.json' exists according to earlier cached lookups.
======== Module name './lib/type-overrides' was successfully resolved to 'F:/ertyu/hotel/food_order_system/backend/node_modules/@types/pg/lib/type-overrides.d.ts' with Package ID '@types/pg/lib/type-overrides.d.ts@8.20.0'. ========
File 'F:/ertyu/hotel/food_order_system/backend/node_modules/pg-types/package.json' exists according to earlier cached lookups.
File 'F:/ertyu/hotel/food_order_system/backend/node_modules/pg-protocol/dist/package.json' does not exist.
File 'F:/ertyu/hotel/food_order_system/backend/node_modules/pg-protocol/package.json' exists according to earlier cached lookups.
======== Resolving type reference directive 'node', containing file 'F:/ertyu/hotel/food_order_system/backend/node_modules/pg-protocol/dist/messages.d.ts', root directory 'F:/ertyu/hotel/food_order_system/backend/node_modules/@types,F:/ertyu/hotel/food_order_system/node_modules/@types,F:/ertyu/hotel/node_modules/@types,F:/ertyu/node_modules/@types,F:/node_modules/@types'. ========
Resolving with primary search path 'F:/ertyu/hotel/food_order_system/backend/node_modules/@types, F:/ertyu/hotel/food_order_system/node_modules/@types, F:/ertyu/hotel/node_modules/@types, F:/ertyu/node_modules/@types, F:/node_modules/@types'.
File 'F:/ertyu/hotel/food_order_system/backend/node_modules/@types/node/package.json' exists according to earlier cached lookups.
'package.json' does not have a 'typings' field.
'package.json' has 'types' field 'index.d.ts' that references 'F:/ertyu/hotel/food_order_system/backend/node_modules/@types/node/index.d.ts'.
File 'F:/ertyu/hotel/food_order_system/backend/node_modules/@types/node/index.d.ts' exists - use it as a name resolution result.
Resolving real path for 'F:/ertyu/hotel/food_order_system/backend/node_modules/@types/node/index.d.ts', result 'F:/ertyu/hotel/food_order_system/backend/node_modules/@types/node/index.d.ts'.
======== Type reference directive 'node' was successfully resolved to 'F:/ertyu/hotel/food_order_system/backend/node_modules/@types/node/index.d.ts' with Package ID '@types/node/index.d.ts@20.19.41', primary: true. ========
File 'F:/ertyu/hotel/food_order_system/backend/node_modules/pg-protocol/dist/package.json' does not exist according to earlier cached lookups.
File 'F:/ertyu/hotel/food_order_system/backend/node_modules/pg-protocol/package.json' exists according to earlier cached lookups.
======== Resolving type reference directive 'node', containing file 'F:/ertyu/hotel/food_order_system/backend/node_modules/pg-protocol/dist/index.d.ts'. ========
Resolution for type reference directive 'node' was found in cache from location 'F:/ertyu/hotel/food_order_system/backend/node_modules/pg-protocol/dist'.
======== Type reference directive 'node' was successfully resolved to 'F:/ertyu/hotel/food_order_system/backend/node_modules/@types/node/index.d.ts' with Package ID '@types/node/index.d.ts@20.19.41', primary: true. ========
======== Resolving module './messages' from 'F:/ertyu/hotel/food_order_system/backend/node_modules/pg-protocol/dist/index.d.ts'. ========
Module resolution kind is not specified, using 'Node10'.
Loading module as file / folder, candidate module location 'F:/ertyu/hotel/food_order_system/backend/node_modules/pg-protocol/dist/messages', target file types: TypeScript, Declaration.
File 'F:/ertyu/hotel/food_order_system/backend/node_modules/pg-protocol/dist/messages.ts' does not exist.
File 'F:/ertyu/hotel/food_order_system/backend/node_modules/pg-protocol/dist/messages.tsx' does not exist.
File 'F:/ertyu/hotel/food_order_system/backend/node_modules/pg-protocol/dist/messages.d.ts' exists - use it as a name resolution result.
File 'F:/ertyu/hotel/food_order_system/backend/node_modules/pg-protocol/package.json' exists according to earlier cached lookups.
======== Module name './messages' was successfully resolved to 'F:/ertyu/hotel/food_order_system/backend/node_modules/pg-protocol/dist/messages.d.ts' with Package ID 'pg-protocol/dist/messages.d.ts@1.14.0'. ========
======== Resolving module './serializer' from 'F:/ertyu/hotel/food_order_system/backend/node_modules/pg-protocol/dist/index.d.ts'. ========
Module resolution kind is not specified, using 'Node10'.
Loading module as file / folder, candidate module location 'F:/ertyu/hotel/food_order_system/backend/node_modules/pg-protocol/dist/serializer', target file types: TypeScript, Declaration.
File 'F:/ertyu/hotel/food_order_system/backend/node_modules/pg-protocol/dist/serializer.ts' does not exist.
File 'F:/ertyu/hotel/food_order_system/backend/node_modules/pg-protocol/dist/serializer.tsx' does not exist.
File 'F:/ertyu/hotel/food_order_system/backend/node_modules/pg-protocol/dist/serializer.d.ts' exists - use it as a name resolution result.
File 'F:/ertyu/hotel/food_order_system/backend/node_modules/pg-protocol/package.json' exists according to earlier cached lookups.
======== Module name './serializer' was successfully resolved to 'F:/ertyu/hotel/food_order_system/backend/node_modules/pg-protocol/dist/serializer.d.ts' with Package ID 'pg-protocol/dist/serializer.d.ts@1.14.0'. ========
======== Resolving module './parser' from 'F:/ertyu/hotel/food_order_system/backend/node_modules/pg-protocol/dist/index.d.ts'. ========
Module resolution kind is not specified, using 'Node10'.
Loading module as file / folder, candidate module location 'F:/ertyu/hotel/food_order_system/backend/node_modules/pg-protocol/dist/parser', target file types: TypeScript, Declaration.
File 'F:/ertyu/hotel/food_order_system/backend/node_modules/pg-protocol/dist/parser.ts' does not exist.
File 'F:/ertyu/hotel/food_order_system/backend/node_modules/pg-protocol/dist/parser.tsx' does not exist.
File 'F:/ertyu/hotel/food_order_system/backend/node_modules/pg-protocol/dist/parser.d.ts' exists - use it as a name resolution result.
File 'F:/ertyu/hotel/food_order_system/backend/node_modules/pg-protocol/package.json' exists according to earlier cached lookups.
======== Module name './parser' was successfully resolved to 'F:/ertyu/hotel/food_order_system/backend/node_modules/pg-protocol/dist/parser.d.ts' with Package ID 'pg-protocol/dist/parser.d.ts@1.14.0'. ========
File 'F:/ertyu/hotel/food_order_system/backend/node_modules/pg-protocol/dist/package.json' does not exist according to earlier cached lookups.
File 'F:/ertyu/hotel/food_order_system/backend/node_modules/pg-protocol/package.json' exists according to earlier cached lookups.
======== Resolving type reference directive 'node', containing file 'F:/ertyu/hotel/food_order_system/backend/node_modules/pg-protocol/dist/serializer.d.ts'. ========
Resolution for type reference directive 'node' was found in cache from location 'F:/ertyu/hotel/food_order_system/backend/node_modules/pg-protocol/dist'.
======== Type reference directive 'node' was successfully resolved to 'F:/ertyu/hotel/food_order_system/backend/node_modules/@types/node/index.d.ts' with Package ID '@types/node/index.d.ts@20.19.41', primary: true. ========
File 'F:/ertyu/hotel/food_order_system/backend/node_modules/pg-protocol/dist/package.json' does not exist according to earlier cached lookups.
File 'F:/ertyu/hotel/food_order_system/backend/node_modules/pg-protocol/package.json' exists according to earlier cached lookups.
======== Resolving type reference directive 'node', containing file 'F:/ertyu/hotel/food_order_system/backend/node_modules/pg-protocol/dist/parser.d.ts'. ========
Resolution for type reference directive 'node' was found in cache from location 'F:/ertyu/hotel/food_order_system/backend/node_modules/pg-protocol/dist'.
======== Type reference directive 'node' was successfully resolved to 'F:/ertyu/hotel/food_order_system/backend/node_modules/@types/node/index.d.ts' with Package ID '@types/node/index.d.ts@20.19.41', primary: true. ========
======== Resolving module 'stream' from 'F:/ertyu/hotel/food_order_system/backend/node_modules/pg-protocol/dist/parser.d.ts'. ========
Module resolution kind is not specified, using 'Node10'.
Loading module 'stream' from 'node_modules' folder, target file types: TypeScript, Declaration.
Searching all ancestor node_modules directories for preferred extensions: TypeScript, Declaration.
Directory 'F:/ertyu/hotel/food_order_system/backend/node_modules/pg-protocol/dist/node_modules' does not exist, skipping all lookups in it.
Directory 'F:/ertyu/hotel/food_order_system/backend/node_modules/pg-protocol/node_modules' does not exist, skipping all lookups in it.
Resolution for module 'stream' was found in cache from location 'F:/ertyu/hotel/food_order_system/backend'.
======== Module name 'stream' was not resolved. ========
======== Resolving module './messages' from 'F:/ertyu/hotel/food_order_system/backend/node_modules/pg-protocol/dist/parser.d.ts'. ========
Resolution for module './messages' was found in cache from location 'F:/ertyu/hotel/food_order_system/backend/node_modules/pg-protocol/dist'.
======== Module name './messages' was successfully resolved to 'F:/ertyu/hotel/food_order_system/backend/node_modules/pg-protocol/dist/messages.d.ts' with Package ID 'pg-protocol/dist/messages.d.ts@1.14.0'. ========
File 'F:/ertyu/hotel/food_order_system/backend/node_modules/@types/pg/lib/package.json' does not exist.
File 'F:/ertyu/hotel/food_order_system/backend/node_modules/@types/pg/package.json' exists according to earlier cached lookups.
======== Resolving module '..' from 'F:/ertyu/hotel/food_order_system/backend/node_modules/@types/pg/lib/type-overrides.d.ts'. ========
Module resolution kind is not specified, using 'Node10'.
Loading module as file / folder, candidate module location 'F:/ertyu/hotel/food_order_system/backend/node_modules/@types/pg/', target file types: TypeScript, Declaration.
File 'F:/ertyu/hotel/food_order_system/backend/node_modules/@types/pg/package.json' exists according to earlier cached lookups.
'package.json' does not have a 'typings' field.
'package.json' has 'types' field 'index.d.ts' that references 'F:/ertyu/hotel/food_order_system/backend/node_modules/@types/pg/index.d.ts'.
File 'F:/ertyu/hotel/food_order_system/backend/node_modules/@types/pg/index.d.ts' exists - use it as a name resolution result.
======== Module name '..' was successfully resolved to 'F:/ertyu/hotel/food_order_system/backend/node_modules/@types/pg/index.d.ts' with Package ID '@types/pg/ndex.d.ts@8.20.0'. ========
File 'F:/ertyu/hotel/food_order_system/backend/node_modules/@types/qrcode/package.json' exists according to earlier cached lookups.
======== Resolving type reference directive 'node', containing file 'F:/ertyu/hotel/food_order_system/backend/node_modules/@types/qrcode/index.d.ts', root directory 'F:/ertyu/hotel/food_order_system/backend/node_modules/@types,F:/ertyu/hotel/food_order_system/node_modules/@types,F:/ertyu/hotel/node_modules/@types,F:/ertyu/node_modules/@types,F:/node_modules/@types'. ========
Resolving with primary search path 'F:/ertyu/hotel/food_order_system/backend/node_modules/@types, F:/ertyu/hotel/food_order_system/node_modules/@types, F:/ertyu/hotel/node_modules/@types, F:/ertyu/node_modules/@types, F:/node_modules/@types'.
File 'F:/ertyu/hotel/food_order_system/backend/node_modules/@types/node/package.json' exists according to earlier cached lookups.
'package.json' does not have a 'typings' field.
'package.json' has 'types' field 'index.d.ts' that references 'F:/ertyu/hotel/food_order_system/backend/node_modules/@types/node/index.d.ts'.
File 'F:/ertyu/hotel/food_order_system/backend/node_modules/@types/node/index.d.ts' exists - use it as a name resolution result.
Resolving real path for 'F:/ertyu/hotel/food_order_system/backend/node_modules/@types/node/index.d.ts', result 'F:/ertyu/hotel/food_order_system/backend/node_modules/@types/node/index.d.ts'.
======== Type reference directive 'node' was successfully resolved to 'F:/ertyu/hotel/food_order_system/backend/node_modules/@types/node/index.d.ts' with Package ID '@types/node/index.d.ts@20.19.41', primary: true. ========
======== Resolving module 'stream' from 'F:/ertyu/hotel/food_order_system/backend/node_modules/@types/qrcode/index.d.ts'. ========
Module resolution kind is not specified, using 'Node10'.
Loading module 'stream' from 'node_modules' folder, target file types: TypeScript, Declaration.
Searching all ancestor node_modules directories for preferred extensions: TypeScript, Declaration.
Directory 'F:/ertyu/hotel/food_order_system/backend/node_modules/@types/qrcode/node_modules' does not exist, skipping all lookups in it.
Resolution for module 'stream' was found in cache from location 'F:/ertyu/hotel/food_order_system/backend/node_modules/@types'.
======== Module name 'stream' was not resolved. ========
File 'F:/ertyu/hotel/food_order_system/backend/node_modules/@types/react/package.json' exists according to earlier cached lookups.
File 'F:/ertyu/hotel/food_order_system/backend/node_modules/@types/react/package.json' exists according to earlier cached lookups.
======== Resolving module 'csstype' from 'F:/ertyu/hotel/food_order_system/backend/node_modules/@types/react/index.d.ts'. ========
Module resolution kind is not specified, using 'Node10'.
Loading module 'csstype' from 'node_modules' folder, target file types: TypeScript, Declaration.
Searching all ancestor node_modules directories for preferred extensions: TypeScript, Declaration.
Directory 'F:/ertyu/hotel/food_order_system/backend/node_modules/@types/react/node_modules' does not exist, skipping all lookups in it.
Directory 'F:/ertyu/hotel/food_order_system/backend/node_modules/@types/node_modules' does not exist, skipping all lookups in it.
Found 'package.json' at 'F:/ertyu/hotel/food_order_system/backend/node_modules/csstype/package.json'.
File 'F:/ertyu/hotel/food_order_system/backend/node_modules/csstype.ts' does not exist.
File 'F:/ertyu/hotel/food_order_system/backend/node_modules/csstype.tsx' does not exist.
File 'F:/ertyu/hotel/food_order_system/backend/node_modules/csstype.d.ts' does not exist.
'package.json' does not have a 'typesVersions' field.
'package.json' does not have a 'typings' field.
'package.json' has 'types' field 'index.d.ts' that references 'F:/ertyu/hotel/food_order_system/backend/node_modules/csstype/index.d.ts'.
File 'F:/ertyu/hotel/food_order_system/backend/node_modules/csstype/index.d.ts' exists - use it as a name resolution result.
'package.json' does not have a 'peerDependencies' field.
Resolving real path for 'F:/ertyu/hotel/food_order_system/backend/node_modules/csstype/index.d.ts', result 'F:/ertyu/hotel/food_order_system/backend/node_modules/csstype/index.d.ts'.
======== Module name 'csstype' was successfully resolved to 'F:/ertyu/hotel/food_order_system/backend/node_modules/csstype/index.d.ts' with Package ID 'csstype/index.d.ts@3.2.3'. ========
File 'F:/ertyu/hotel/food_order_system/backend/node_modules/csstype/package.json' exists according to earlier cached lookups.
File 'F:/ertyu/hotel/food_order_system/backend/node_modules/typescript/lib/package.json' does not exist according to earlier cached lookups.
File 'F:/ertyu/hotel/food_order_system/backend/node_modules/typescript/package.json' exists according to earlier cached lookups.
======== Resolving module '@typescript/lib-dom' from 'F:/ertyu/hotel/food_order_system/backend/__lib_node_modules_lookup_lib.dom.d.ts__.ts'. ========
Explicitly specified module resolution kind: 'Node10'.
Loading module '@typescript/lib-dom' from 'node_modules' folder, target file types: TypeScript, Declaration.
Searching all ancestor node_modules directories for preferred extensions: TypeScript, Declaration.
Scoped package detected, looking in 'typescript__lib-dom'
File 'F:/ertyu/hotel/food_order_system/backend/node_modules/@types/typescript__lib-dom.d.ts' does not exist.
Directory 'F:/ertyu/hotel/food_order_system/node_modules' does not exist, skipping all lookups in it.
Scoped package detected, looking in 'typescript__lib-dom'
Directory 'F:/ertyu/hotel/node_modules' does not exist, skipping all lookups in it.
Scoped package detected, looking in 'typescript__lib-dom'
Directory 'F:/ertyu/node_modules' does not exist, skipping all lookups in it.
Scoped package detected, looking in 'typescript__lib-dom'
Directory 'F:/node_modules' does not exist, skipping all lookups in it.
Scoped package detected, looking in 'typescript__lib-dom'
Loading module '@typescript/lib-dom' from 'node_modules' folder, target file types: JavaScript.
Searching all ancestor node_modules directories for fallback extensions: JavaScript.
Directory 'F:/ertyu/hotel/food_order_system/node_modules' does not exist, skipping all lookups in it.
Directory 'F:/ertyu/hotel/node_modules' does not exist, skipping all lookups in it.
Directory 'F:/ertyu/node_modules' does not exist, skipping all lookups in it.
Directory 'F:/node_modules' does not exist, skipping all lookups in it.
======== Module name '@typescript/lib-dom' was not resolved. ========
File 'F:/ertyu/hotel/food_order_system/backend/node_modules/typescript/lib/package.json' does not exist according to earlier cached lookups.
File 'F:/ertyu/hotel/food_order_system/backend/node_modules/typescript/package.json' exists according to earlier cached lookups.
======== Resolving module '@typescript/lib-webworker/importscripts' from 'F:/ertyu/hotel/food_order_system/backend/__lib_node_modules_lookup_lib.webworker.importscripts.d.ts__.ts'. ========
Explicitly specified module resolution kind: 'Node10'.
Loading module '@typescript/lib-webworker/importscripts' from 'node_modules' folder, target file types: TypeScript, Declaration.
Searching all ancestor node_modules directories for preferred extensions: TypeScript, Declaration.
Scoped package detected, looking in 'typescript__lib-webworker/importscripts'
Directory 'F:/ertyu/hotel/food_order_system/node_modules' does not exist, skipping all lookups in it.
Scoped package detected, looking in 'typescript__lib-webworker/importscripts'
Directory 'F:/ertyu/hotel/node_modules' does not exist, skipping all lookups in it.
Scoped package detected, looking in 'typescript__lib-webworker/importscripts'
Directory 'F:/ertyu/node_modules' does not exist, skipping all lookups in it.
Scoped package detected, looking in 'typescript__lib-webworker/importscripts'
Directory 'F:/node_modules' does not exist, skipping all lookups in it.
Scoped package detected, looking in 'typescript__lib-webworker/importscripts'
Loading module '@typescript/lib-webworker/importscripts' from 'node_modules' folder, target file types: JavaScript.
Searching all ancestor node_modules directories for fallback extensions: JavaScript.
Directory 'F:/ertyu/hotel/food_order_system/node_modules' does not exist, skipping all lookups in it.
Directory 'F:/ertyu/hotel/node_modules' does not exist, skipping all lookups in it.
Directory 'F:/ertyu/node_modules' does not exist, skipping all lookups in it.
Directory 'F:/node_modules' does not exist, skipping all lookups in it.
======== Module name '@typescript/lib-webworker/importscripts' was not resolved. ========
File 'F:/ertyu/hotel/food_order_system/backend/node_modules/typescript/lib/package.json' does not exist according to earlier cached lookups.
File 'F:/ertyu/hotel/food_order_system/backend/node_modules/typescript/package.json' exists according to earlier cached lookups.
======== Resolving module '@typescript/lib-scripthost' from 'F:/ertyu/hotel/food_order_system/backend/__lib_node_modules_lookup_lib.scripthost.d.ts__.ts'. ========
Explicitly specified module resolution kind: 'Node10'.
Loading module '@typescript/lib-scripthost' from 'node_modules' folder, target file types: TypeScript, Declaration.
Searching all ancestor node_modules directories for preferred extensions: TypeScript, Declaration.
Scoped package detected, looking in 'typescript__lib-scripthost'
File 'F:/ertyu/hotel/food_order_system/backend/node_modules/@types/typescript__lib-scripthost.d.ts' does not exist.
Directory 'F:/ertyu/hotel/food_order_system/node_modules' does not exist, skipping all lookups in it.
Scoped package detected, looking in 'typescript__lib-scripthost'
Directory 'F:/ertyu/hotel/node_modules' does not exist, skipping all lookups in it.
Scoped package detected, looking in 'typescript__lib-scripthost'
Directory 'F:/ertyu/node_modules' does not exist, skipping all lookups in it.
Scoped package detected, looking in 'typescript__lib-scripthost'
Directory 'F:/node_modules' does not exist, skipping all lookups in it.
Scoped package detected, looking in 'typescript__lib-scripthost'
Loading module '@typescript/lib-scripthost' from 'node_modules' folder, target file types: JavaScript.
Searching all ancestor node_modules directories for fallback extensions: JavaScript.
Directory 'F:/ertyu/hotel/food_order_system/node_modules' does not exist, skipping all lookups in it.
Directory 'F:/ertyu/hotel/node_modules' does not exist, skipping all lookups in it.
Directory 'F:/ertyu/node_modules' does not exist, skipping all lookups in it.
Directory 'F:/node_modules' does not exist, skipping all lookups in it.
======== Module name '@typescript/lib-scripthost' was not resolved. ========
File 'F:/ertyu/hotel/food_order_system/backend/node_modules/typescript/lib/package.json' does not exist according to earlier cached lookups.
File 'F:/ertyu/hotel/food_order_system/backend/node_modules/typescript/package.json' exists according to earlier cached lookups.
error TS6231: Could not resolve the path '2' with the extensions: '.ts', '.tsx', '.d.ts', '.cts', '.d.cts', '.mts', '.d.mts'.
  The file is in the program because:
    Root file specified for compilation
error TS6231: Could not resolve the path '�HX��ۙ' with the extensions: '.ts', '.tsx', '.d.ts', '.cts', '.d.cts', '.mts', '.d.mts'.
  The file is in the program because:
    Root file specified for compilation
